CustomerID,date,trigger_count,day_index,first_trigger_day
12346,2011-01-18,1,48,48
12347,2010-12-07,31,6,6
12347,2011-01-26,29,56,6
12347,2011-04-07,24,127,6
12347,2011-06-09,18,190,6
12347,2011-08-02,22,244,6
12347,2011-10-31,47,334,6
12347,2011-12-07,11,371,6
12348,2010-12-16,17,15,15
12348,2011-01-25,6,55,15
12348,2011-04-05,5,125,15
12348,2011-09-25,3,298,15
12349,2011-11-21,73,355,355
12350,2011-02-02,17,63,63
12352,2011-02-16,15,77,77
12352,2011-03-01,8,90,77
12352,2011-03-17,7,106,77
12352,2011-03-22,8,111,77
12352,2011-09-20,18,293,77
12352,2011-09-28,14,301,77
12352,2011-11-03,15,337,77
12353,2011-05-19,4,169,169
12354,2011-04-21,58,141,141
12355,2011-05-09,13,159,159
12356,2011-01-18,36,48,48
12356,2011-04-08,21,128,48
12356,2011-11-17,2,351,48
12357,2011-11-06,131,340,340
12358,2011-07-12,12,223,223
12358,2011-12-08,7,372,223
12359,2011-01-12,16,42,42
12359,2011-02-07,80,68,42
12359,2011-06-03,47,184,42
12359,2011-10-13,105,316,42
12360,2011-05-23,45,173,173
12360,2011-08-19,30,261,173
12360,2011-10-18,54,321,173
12361,2011-02-25,10,86,86
12362,2011-02-17,27,78,78
12362,2011-04-28,29,148,78
12362,2011-07-07,19,218,78
12362,2011-08-11,30,253,78
12362,2011-09-28,40,301,78
12362,2011-10-11,15,314,78
12362,2011-10-26,33,329,78
12362,2011-10-28,27,331,78
12362,2011-11-04,16,338,78
12362,2011-12-06,30,370,78
12363,2011-04-11,16,131,131
12363,2011-08-22,7,264,131
12364,2011-08-19,34,261,261
12364,2011-09-22,2,295,261
12364,2011-10-30,22,333,261
12364,2011-12-02,27,366,261
12365,2011-02-21,22,82,82
12367,2011-12-05,11,369,369
12370,2010-12-14,83,13,13
12370,2010-12-17,8,16,13
12370,2011-03-10,48,99,13
12370,2011-10-19,28,322,13
12371,2011-10-11,62,314,314
12371,2011-10-26,1,329,314
12372,2011-02-16,20,77,77
12372,2011-05-11,19,161,77
12372,2011-09-29,13,302,77
12373,2011-02-01,14,62,62
12374,2011-11-14,33,348,348
12375,2011-09-02,11,275,275
12375,2011-11-29,6,363,275
12377,2010-12-20,43,19,19
12377,2011-01-28,34,58,19
12378,2011-08-02,219,244,244
12379,2011-06-22,20,203,203
12379,2011-09-19,20,292,203
12380,2011-06-07,36,188,188
12380,2011-09-22,28,295,188
12380,2011-10-14,23,317,188
12380,2011-11-18,17,352,188
12381,2011-08-12,62,254,254
12381,2011-10-11,1,314,254
12381,2011-10-12,1,315,254
12381,2011-11-06,16,340,254
12381,2011-12-05,7,369,254
12383,2010-12-22,37,21,21
12383,2011-01-12,31,42,21
12383,2011-03-14,15,103,21
12383,2011-04-15,11,135,21
12383,2011-06-08,5,189,21
12384,2011-08-10,14,252,252
12384,2011-11-11,13,345,252
12386,2010-12-08,8,7,7
12386,2011-01-06,2,36,7
12388,2011-01-17,19,47,47
12388,2011-02-07,6,68,47
12388,2011-03-09,10,98,47
12388,2011-07-14,35,225,47
12388,2011-09-25,22,298,47
12388,2011-11-24,8,358,47
12390,2011-09-21,32,294,294
12391,2011-11-18,100,352,352
12393,2011-01-11,19,41,41
12393,2011-01-14,3,44,41
12393,2011-04-08,17,128,41
12393,2011-09-28,25,301,41
12394,2011-05-06,21,156,156
12394,2011-10-07,6,310,156
12395,2010-12-03,12,2,2
12395,2010-12-17,19,16,2
12395,2011-02-11,14,72,2
12395,2011-03-23,10,112,2
12395,2011-05-05,11,155,2
12395,2011-05-12,13,162,2
12395,2011-06-30,10,211,2
12395,2011-08-19,7,261,2
12395,2011-10-04,17,307,2
12395,2011-11-08,28,342,2
12395,2011-11-20,15,354,2
12397,2011-07-27,70,238,238
12397,2011-11-04,56,338,238
12398,2011-10-25,85,328,328
12399,2011-03-23,20,112,112
12399,2011-05-10,22,160,112
12399,2011-06-09,5,190,112
12399,2011-08-12,12,254,112
12401,2011-02-09,5,70,70
12402,2011-01-20,11,50,50
12403,2011-10-21,5,324,324
12405,2011-07-14,54,225,225
12406,2011-06-09,49,190,190
12406,2011-11-17,56,351,190
12407,2011-03-20,15,109,109
12407,2011-04-18,12,138,109
12407,2011-07-06,33,217,109
12407,2011-07-28,4,239,109
12407,2011-10-21,13,324,109
12408,2011-03-24,36,113,113
12408,2011-06-17,29,198,113
12408,2011-09-02,17,275,113
12408,2011-11-07,23,341,113
12409,2011-06-10,64,191,191
12409,2011-09-21,1,294,191
12409,2011-09-22,44,295,191
12410,2011-02-04,26,65,65
12412,2011-06-23,28,204,204
12412,2011-07-25,17,236,204
12412,2011-09-26,16,299,204
12413,2011-01-06,24,36,36
12413,2011-04-17,4,137,36
12413,2011-10-04,10,307,36
12414,2011-02-02,7,63,63
12414,2011-04-26,5,146,63
12414,2011-05-06,6,156,63
12415,2011-01-06,46,36,36
12415,2011-01-10,1,40,36
12415,2011-02-15,69,76,36
12415,2011-03-03,82,92,36
12415,2011-04-01,1,121,36
12415,2011-05-17,73,167,36
12415,2011-05-20,4,170,36
12415,2011-06-15,139,196,36
12415,2011-07-13,23,224,36
12415,2011-07-19,57,230,36
12415,2011-08-18,97,260,36
12415,2011-09-01,9,274,36
12415,2011-10-05,82,308,36
12415,2011-11-02,1,336,36
12415,2011-11-03,5,337,36
12415,2011-11-15,27,349,36
12417,2010-12-17,11,16,16
12417,2011-01-25,16,55,16
12417,2011-03-03,19,92,16
12417,2011-04-28,23,148,16
12417,2011-06-05,23,186,16
12417,2011-08-04,21,246,16
12417,2011-08-25,35,267,16
12417,2011-10-31,24,334,16
12417,2011-12-06,20,370,16
12418,2011-08-19,34,261,261
12420,2011-10-07,29,310,310
12421,2011-01-24,11,54,54
12421,2011-06-19,14,200,54
12421,2011-08-17,11,259,54
12421,2011-11-24,9,358,54
12422,2011-01-19,13,49,49
12422,2011-06-24,18,205,49
12422,2011-09-05,8,278,49
12423,2010-12-21,16,20,20
12423,2011-02-21,15,82,20
12423,2011-03-21,20,110,20
12423,2011-04-07,18,127,20
12423,2011-05-23,22,173,20
12423,2011-06-01,5,182,20
12423,2011-08-31,12,273,20
12423,2011-12-09,17,373,20
12424,2011-06-30,30,211,211
12425,2011-09-22,36,295,295
12426,2011-05-29,30,179,179
12427,2010-12-03,10,2,2
12427,2011-10-10,15,313,2
12427,2011-11-18,6,352,2
12428,2011-03-01,194,90,90
12428,2011-03-20,10,109,90
12428,2011-03-30,10,119,90
12428,2011-04-11,21,131,90
12428,2011-07-05,20,216,90
12428,2011-08-11,24,253,90
12428,2011-11-14,15,348,90
12429,2010-12-09,20,8,8
12429,2011-04-26,21,146,8
12429,2011-06-20,29,201,8
12429,2011-11-30,27,364,8
12430,2011-10-27,11,330,330
12431,2010-12-01,14,0,0
12431,2010-12-17,10,16,0
12431,2011-01-28,20,58,0
12431,2011-02-17,37,78,0
12431,2011-02-27,10,88,0
12431,2011-05-12,23,162,0
12431,2011-05-23,17,173,0
12431,2011-07-19,23,230,0
12431,2011-07-24,20,235,0
12431,2011-07-26,1,237,0
12431,2011-08-12,10,254,0
12431,2011-10-06,32,309,0
12431,2011-10-10,17,313,0
12431,2011-11-04,2,338,0
12432,2011-06-20,75,201,201
12432,2011-06-22,1,203,201
12432,2011-10-28,32,331,201
12433,2010-12-01,73,0,0
12433,2010-12-08,74,7,0
12433,2011-09-09,81,282,0
12433,2011-10-27,58,330,0
12433,2011-11-30,68,364,0
12433,2011-12-09,66,373,0
12434,2011-03-24,16,113,113
12434,2011-09-16,34,289,113
12435,2011-03-17,19,106,106
12435,2011-09-21,17,294,106
12436,2011-09-01,16,274,274
12437,2011-01-12,7,42,42
12437,2011-02-02,10,63,42
12437,2011-02-23,21,84,42
12437,2011-03-16,8,105,42
12437,2011-04-28,8,148,42
12437,2011-05-18,10,168,42
12437,2011-05-25,11,175,42
12437,2011-06-15,13,196,42
12437,2011-09-02,14,275,42
12437,2011-09-22,10,295,42
12437,2011-10-27,11,330,42
12437,2011-11-03,50,337,42
12437,2011-11-18,10,352,42
12437,2011-11-30,14,364,42
12437,2011-12-08,3,372,42
12438,2011-07-22,49,233,233
12438,2011-11-25,49,359,233
12441,2010-12-08,11,7,7
12442,2011-12-06,12,370,370
12444,2011-06-21,90,202,202
12444,2011-08-10,15,252,202
12444,2011-09-15,20,288,202
12444,2011-10-12,17,315,202
12444,2011-11-18,35,352,202
12445,2011-11-17,4,351,351
12446,2011-10-13,58,316,316
12447,2011-04-10,26,130,130
12448,2011-10-26,22,329,329
12449,2011-06-05,48,186,186
12449,2011-08-02,39,244,186
12449,2011-09-09,45,282,186
12449,2011-11-17,59,351,186
12450,2011-06-19,6,200,200
12450,2011-07-06,2,217,200
12451,2011-01-19,101,49,49
12451,2011-05-05,94,155,49
12451,2011-10-05,100,308,49
12451,2011-11-18,44,352,49
12451,2011-11-29,15,363,49
12452,2011-11-23,22,357,357
12453,2011-07-28,43,239,239
12454,2011-10-14,15,317,317
12455,2011-02-16,41,77,77
12455,2011-02-17,1,78,77
12455,2011-06-03,13,184,77
12455,2011-07-06,11,217,77
12455,2011-08-04,5,246,77
12455,2011-09-27,19,300,77
12456,2011-03-30,41,119,119
12456,2011-07-31,45,242,119
12456,2011-10-26,39,329,119
12457,2011-04-14,23,134,134
12457,2011-04-15,2,135,134
12457,2011-04-20,1,140,134
12457,2011-09-14,34,287,134
12457,2011-09-15,1,288,134
12457,2011-09-19,1,292,134
12457,2011-10-04,1,307,134
12458,2011-02-28,19,89,89
12458,2011-09-29,19,302,89
12461,2011-07-08,34,219,219
12461,2011-09-06,1,279,219
12462,2011-02-09,40,70,70
12462,2011-11-21,22,355,70
12463,2011-04-12,20,132,132
12463,2011-05-17,18,167,132
12463,2011-06-17,23,198,132
12463,2011-10-17,22,320,132
12464,2011-02-03,6,64,64
12464,2011-02-28,3,89,64
12464,2011-05-23,6,173,64
12464,2011-07-13,2,224,64
12464,2011-08-25,4,267,64
12464,2011-11-17,3,351,64
12464,2011-11-29,5,363,64
12465,2011-06-23,26,204,204
12465,2011-11-22,21,356,204
12468,2011-01-27,12,57,57
12468,2011-06-05,26,186,57
12471,2010-12-10,48,9,9
12471,2010-12-17,28,16,9
12471,2011-01-13,7,43,9
12471,2011-02-03,16,64,9
12471,2011-02-23,14,84,9
12471,2011-03-18,20,107,9
12471,2011-04-04,28,124,9
12471,2011-05-13,18,163,9
12471,2011-07-04,1,215,9
12471,2011-07-07,34,218,9
12471,2011-08-22,21,264,9
12471,2011-08-24,28,266,9
12471,2011-09-16,19,289,9
12471,2011-09-22,8,295,9
12471,2011-10-05,28,308,9
12471,2011-11-03,29,337,9
12471,2011-11-17,32,351,9
12471,2011-11-24,25,358,9
12471,2011-11-29,18,363,9
12471,2011-12-07,38,371,9
12472,2010-12-05,70,4,4
12472,2011-01-26,42,56,4
12472,2011-03-17,26,106,4
12472,2011-06-13,68,194,4
12472,2011-07-24,43,235,4
12472,2011-10-19,80,322,4
12472,2011-11-07,10,341,4
12473,2011-06-01,35,182,182
12473,2011-08-17,30,259,182
12473,2011-10-17,99,320,182
12473,2011-11-10,4,344,182
12474,2011-01-14,13,44,44
12474,2011-01-26,22,56,44
12474,2011-02-25,13,86,44
12474,2011-03-18,48,107,44
12474,2011-03-28,17,117,44
12474,2011-05-17,38,167,44
12474,2011-05-23,1,173,44
12474,2011-06-21,24,202,44
12474,2011-06-26,1,207,44
12474,2011-07-12,11,223,44
12474,2011-07-25,33,236,44
12474,2011-09-02,26,275,44
12474,2011-10-11,30,314,44
12474,2011-10-17,36,320,44
12474,2011-10-20,45,323,44
12474,2011-11-15,43,349,44
12474,2011-11-22,23,356,44
12475,2011-10-17,36,320,320
12476,2010-12-13,2,12,12
12476,2011-01-31,21,61,12
12476,2011-02-14,8,75,12
12476,2011-04-19,51,139,12
12476,2011-05-05,3,155,12
12476,2011-07-21,32,232,12
12476,2011-09-16,13,289,12
12476,2011-10-25,34,328,12
12476,2011-11-14,10,348,12
12476,2011-11-24,59,358,12
12477,2011-02-11,52,72,72
12477,2011-04-14,57,134,72
12477,2011-08-31,90,273,72
12477,2011-10-07,24,310,72
12477,2011-10-14,32,317,72
12477,2011-11-17,45,351,72
12478,2011-12-06,36,370,370
12479,2011-11-28,31,362,362
12480,2011-01-07,42,37,37
12480,2011-03-17,35,106,37
12480,2011-07-19,37,230,37
12480,2011-11-11,40,345,37
12481,2010-12-09,10,8,8
12481,2010-12-20,12,19,8
12481,2011-01-07,24,37,8
12481,2011-03-28,38,117,8
12481,2011-05-19,44,169,8
12481,2011-06-13,29,194,8
12481,2011-10-05,48,308,8
12481,2011-11-17,12,351,8
12483,2011-01-04,13,34,34
12483,2011-04-27,12,147,34
12483,2011-05-11,1,161,34
12483,2011-05-18,2,168,34
12483,2011-06-09,11,190,34
12483,2011-09-02,14,275,34
12483,2011-10-30,16,333,34
12483,2011-11-22,6,356,34
12484,2011-01-07,98,37,37
12484,2011-06-16,61,197,37
12484,2011-08-28,122,270,37
12484,2011-08-31,1,273,37
12484,2011-11-04,63,338,37
12484,2011-11-07,1,341,37
12488,2011-09-25,21,298,298
12488,2011-10-31,7,334,298
12488,2011-11-30,27,364,298
12489,2011-01-07,15,37,37
12490,2011-01-14,43,44,44
12490,2011-05-09,17,159,44
12490,2011-06-20,20,201,44
12490,2011-07-24,24,235,44
12490,2011-08-31,19,273,44
12490,2011-09-07,42,280,44
12490,2011-11-02,22,336,44
12490,2011-11-14,19,348,44
12490,2011-11-22,13,356,44
12490,2011-12-04,26,368,44
12491,2011-11-01,26,335,335
12492,2011-08-26,9,268,268
12492,2011-10-07,11,310,268
12493,2011-05-26,12,176,176
12493,2011-06-27,10,208,176
12494,2010-12-09,3,8,8
12494,2010-12-16,1,15,8
12494,2011-02-17,16,78,8
12494,2011-05-27,21,177,8
12494,2011-07-01,10,212,8
12494,2011-10-30,15,333,8
12494,2011-11-24,11,358,8
12497,2011-09-19,14,292,292
12498,2011-10-13,13,316,316
12498,2011-11-18,10,352,316
12500,2011-01-10,5,40,40
12500,2011-02-17,5,78,40
12500,2011-03-03,5,92,40
12500,2011-03-18,3,107,40
12500,2011-06-24,9,205,40
12500,2011-08-25,5,267,40
12500,2011-10-06,7,309,40
12500,2011-10-19,6,322,40
12500,2011-10-21,11,324,40
12500,2011-11-16,5,350,40
12501,2011-01-07,149,37,37
12502,2011-02-03,31,64,64
12502,2011-03-16,31,105,64
12502,2011-05-06,15,156,64
12502,2011-08-04,31,246,64
12502,2011-09-05,39,278,64
12504,2011-11-09,6,343,343
12504,2011-11-21,3,355,343
12506,2011-04-21,23,141,141
12507,2011-02-14,13,75,75
12507,2011-07-07,1,218,75
12507,2011-07-28,8,239,75
12508,2011-11-10,52,344,344
12508,2011-11-13,17,347,344
12509,2011-02-28,7,89,89
12510,2011-01-18,29,48,48
12510,2011-07-20,4,231,48
12512,2011-10-04,34,307,307
12513,2011-08-19,35,261,261
12514,2011-03-17,51,106,106
12515,2010-12-21,16,20,20
12516,2011-06-12,13,193,193
12516,2011-09-23,13,296,193
12517,2011-06-02,134,183,183
12517,2011-08-05,50,247,183
12517,2011-09-27,23,300,183
12517,2011-11-11,77,345,183
12518,2011-08-21,18,263,263
12518,2011-09-23,33,296,263
12518,2011-10-12,25,315,263
12518,2011-11-11,30,345,263
12518,2011-12-09,18,373,263
12519,2011-10-07,18,310,310
12520,2011-03-11,60,100,100
12520,2011-03-25,17,114,100
12520,2011-05-19,25,169,100
12520,2011-07-20,19,231,100
12520,2011-09-21,31,294,100
12521,2011-07-20,38,231,231
12522,2011-10-19,6,322,322
12522,2011-10-31,6,334,322
12523,2011-01-12,7,42,42
12523,2011-02-21,8,82,42
12523,2011-03-16,8,105,42
12523,2011-04-01,9,121,42
12523,2011-07-27,13,238,42
12523,2011-08-21,8,263,42
12523,2011-08-24,10,266,42
12523,2011-09-21,8,294,42
12523,2011-10-06,8,309,42
12523,2011-10-27,14,330,42
12523,2011-11-20,13,354,42
12524,2011-01-10,16,40,40
12524,2011-02-21,12,82,40
12524,2011-03-03,23,92,40
12524,2011-05-01,33,151,40
12524,2011-05-19,20,169,40
12524,2011-06-30,12,211,40
12524,2011-10-07,24,310,40
12524,2011-11-30,4,364,40
12526,2011-09-06,29,279,279
12526,2011-10-17,29,320,279
12526,2011-12-09,13,373,279
12527,2011-01-18,10,48,48
12527,2011-02-18,5,79,48
12527,2011-09-19,3,292,48
12528,2011-01-31,31,61,61
12528,2011-03-08,13,97,61
12528,2011-07-13,12,224,61
12528,2011-08-17,9,259,61
12528,2011-10-07,15,310,61
12528,2011-11-30,12,364,61
12530,2011-01-07,13,37,37
12530,2011-04-20,14,140,37
12530,2011-08-08,19,250,37
12530,2011-10-11,20,314,37
12531,2011-11-25,17,359,359
12532,2011-11-09,16,343,343
12534,2011-08-01,63,243,243
12535,2011-06-06,18,187,187
12535,2011-09-09,16,282,187
12536,2011-10-11,259,314,314
12536,2011-10-27,2,330,314
12538,2011-11-10,21,344,344
12539,2011-01-10,93,40,40
12539,2011-01-27,93,57,40
12539,2011-03-22,44,111,40
12539,2011-11-17,43,351,40
12540,2010-12-13,20,12,12
12540,2011-01-11,31,41,12
12540,2011-02-01,12,62,12
12540,2011-03-24,34,113,12
12540,2011-05-04,41,154,12
12540,2011-05-31,47,181,12
12540,2011-06-06,23,187,12
12540,2011-07-07,25,218,12
12540,2011-07-25,47,236,12
12540,2011-08-24,18,266,12
12540,2011-09-08,23,281,12
12540,2011-09-19,36,292,12
12540,2011-09-23,7,296,12
12540,2011-10-07,22,310,12
12540,2011-10-18,41,321,12
12540,2011-11-08,24,342,12
12540,2011-11-20,27,354,12
12541,2011-03-04,17,93,93
12541,2011-06-19,11,200,93
12541,2011-11-10,24,344,93
12544,2011-11-03,19,337,337
12545,2011-03-25,34,114,114
12545,2011-09-25,16,298,114
12546,2011-09-23,45,296,296
12546,2011-10-24,24,327,296
12547,2011-03-04,6,93,93
12547,2011-05-26,2,176,93
12548,2011-06-26,5,207,207
12550,2011-09-21,57,294,294
12551,2010-12-17,10,16,16
12552,2011-10-31,19,334,334
12552,2011-11-01,1,335,334
12553,2011-01-14,38,44,44
12553,2011-02-18,1,79,44
12553,2011-03-04,16,93,44
12553,2011-03-25,23,114,44
12553,2011-05-19,19,169,44
12553,2011-07-08,16,219,44
12553,2011-08-21,22,263,44
12553,2011-10-12,23,315,44
12553,2011-11-14,23,348,44
12553,2011-12-01,10,365,44
12556,2011-07-11,67,222,222
12556,2011-10-20,54,323,222
12557,2010-12-03,5,2,2
12557,2011-01-11,4,41,2
12557,2011-03-28,5,117,2
12557,2011-07-04,15,215,2
12557,2011-11-23,4,357,2
12558,2011-12-02,11,366,366
12559,2011-01-24,20,54,54
12559,2011-02-02,1,63,54
12560,2011-07-19,76,230,230
12560,2011-08-19,1,261,230
12560,2011-12-04,28,368,230
12561,2011-02-10,16,71,71
12562,2011-05-25,21,175,175
12562,2011-06-16,28,197,175
12562,2011-08-05,29,247,175
12562,2011-09-19,21,292,175
12562,2011-10-14,28,317,175
12562,2011-11-17,19,351,175
12562,2011-12-01,22,365,175
12564,2011-03-23,21,112,112
12565,2011-02-24,9,85,85
12566,2011-09-14,19,287,287
12567,2010-12-05,63,4,4
12567,2010-12-07,20,6,4
12567,2011-02-04,63,65,4
12567,2011-05-22,35,172,4
12567,2011-06-08,34,189,4
12567,2011-06-13,61,194,4
12567,2011-08-23,39,265,4
12567,2011-09-04,50,277,4
12567,2011-11-17,81,351,4
12569,2011-04-01,10,121,121
12569,2011-04-14,18,134,121
12569,2011-05-04,8,154,121
12569,2011-05-05,7,155,121
12569,2011-06-09,6,190,121
12569,2011-06-30,6,211,121
12569,2011-07-19,10,230,121
12569,2011-08-09,5,251,121
12569,2011-08-16,5,258,121
12569,2011-08-24,4,266,121
12569,2011-09-04,6,277,121
12569,2011-09-06,4,279,121
12569,2011-09-08,3,281,121
12569,2011-10-06,16,309,121
12569,2011-10-12,5,315,121
12569,2011-10-20,5,323,121
12569,2011-10-26,7,329,121
12569,2011-11-03,5,337,121
12569,2011-11-15,7,349,121
12569,2011-11-16,7,350,121
12569,2011-11-23,7,357,121
12569,2011-12-01,10,365,121
12569,2011-12-02,4,366,121
12569,2011-12-04,4,368,121
12569,2011-12-05,4,369,121
12569,2011-12-07,15,371,121
12571,2011-08-10,14,252,252
12571,2011-10-31,20,334,252
12572,2011-10-19,36,322,322
12572,2011-12-01,24,365,322
12573,2011-04-26,28,146,146
12574,2011-01-28,11,58,58
12576,2011-02-08,19,69,69
12576,2011-05-05,11,155,69
12576,2011-07-13,16,224,69
12576,2011-09-05,16,278,69
12576,2011-11-04,26,338,69
12577,2010-12-15,67,14,14
12577,2011-11-04,80,338,14
12578,2011-01-13,70,43,43
12578,2011-11-18,44,352,43
12579,2011-09-22,29,295,295
12580,2011-04-07,24,127,127
12581,2011-10-31,15,334,334
12582,2011-02-24,12,85,85
12582,2011-04-15,10,135,85
12583,2010-12-01,20,0,0
12583,2011-01-07,22,37,0
12583,2011-02-10,13,71,0
12583,2011-03-11,20,100,0
12583,2011-05-23,20,173,0
12583,2011-06-12,14,193,0
12583,2011-06-21,12,202,0
12583,2011-07-08,14,219,0
12583,2011-08-25,11,267,0
12583,2011-09-21,22,294,0
12583,2011-09-30,14,303,0
12583,2011-10-12,6,315,0
12583,2011-11-08,24,342,0
12583,2011-11-21,16,355,0
12583,2011-12-07,19,371,0
12584,2011-03-04,18,93,93
12584,2011-06-07,9,188,93
12584,2011-07-26,6,237,93
12584,2011-08-04,1,246,93
12584,2011-09-20,15,293,93
12584,2011-10-13,14,316,93
12584,2011-10-30,12,333,93
12584,2011-11-22,13,356,93
12584,2011-12-06,8,370,93
12585,2010-12-23,65,22,22
12585,2011-04-19,22,139,22
12586,2011-11-22,11,356,356
12587,2011-12-02,4,366,366
12588,2011-10-31,10,334,334
12589,2011-07-18,10,229,229
12589,2011-11-11,25,345,229
12590,2011-05-12,68,162,162
12591,2011-01-26,26,56,56
12592,2011-05-10,9,160,160
12592,2011-09-08,9,281,160
12593,2011-05-05,11,155,155
12593,2011-08-02,5,244,155
12593,2011-08-23,5,265,155
12594,2011-01-21,12,51,51
12594,2011-02-18,13,79,51
12594,2011-03-28,14,117,51
12594,2011-04-19,8,139,51
12594,2011-05-31,23,181,51
12594,2011-06-09,1,190,51
12594,2011-08-10,22,252,51
12594,2011-10-24,24,327,51
12594,2011-11-02,1,336,51
12596,2011-04-11,15,131,131
12596,2011-10-19,12,322,131
12597,2011-03-16,30,105,105
12597,2011-06-09,48,190,105
12597,2011-10-30,116,333,105
12597,2011-11-20,12,354,105
12598,2011-02-28,26,89,89
12598,2011-05-03,21,153,89
12598,2011-07-01,16,212,89
12598,2011-09-29,18,302,89
12598,2011-11-11,14,345,89
12598,2011-11-20,26,354,89
12598,2011-11-30,11,364,89
12599,2011-02-08,14,69,69
12599,2011-02-27,5,88,69
12599,2011-05-15,10,165,69
12599,2011-06-28,8,209,69
12599,2011-07-11,5,222,69
12599,2011-08-05,6,247,69
12599,2011-11-10,14,344,69
12600,2010-12-03,2,2,2
12600,2010-12-17,5,16,2
12600,2011-02-03,8,64,2
12600,2011-03-20,3,109,2
12600,2011-04-28,8,148,2
12600,2011-05-19,5,169,2
12600,2011-07-17,9,228,2
12600,2011-08-19,9,261,2
12600,2011-09-16,6,289,2
12600,2011-11-11,9,345,2
12601,2011-01-11,9,41,41
12601,2011-02-10,6,71,41
12601,2011-03-31,3,120,41
12601,2011-05-19,6,169,41
12601,2011-06-03,4,184,41
12602,2011-10-12,12,315,315
12603,2011-11-18,3,352,352
12604,2011-03-23,10,112,112
12604,2011-09-21,6,294,112
12607,2011-10-10,101,313,313
12609,2011-01-25,16,55,55
12609,2011-06-06,27,187,55
12609,2011-09-22,17,295,55
12610,2011-08-05,54,247,247
12610,2011-08-25,18,267,247
12610,2011-10-25,24,328,247
12610,2011-10-27,1,330,247
12610,2011-11-17,9,351,247
12611,2011-10-18,65,321,321
12612,2011-09-26,19,299,299
12613,2011-03-22,46,111,111
12613,2011-05-26,28,176,111
12613,2011-10-13,79,316,111
12614,2011-03-07,20,96,96
12615,2011-06-24,31,205,205
12615,2011-09-29,29,302,205
12615,2011-11-03,25,337,205
12615,2011-12-07,20,371,205
12616,2011-02-15,11,76,76
12616,2011-09-05,21,278,76
12617,2011-11-10,42,344,344
12618,2011-11-18,11,352,352
12619,2011-03-31,5,120,120
12619,2011-04-19,7,139,120
12619,2011-07-04,1,215,120
12619,2011-07-14,15,225,120
12619,2011-08-15,11,257,120
12619,2011-09-13,7,286,120
12619,2011-09-23,13,296,120
12619,2011-11-06,14,340,120
12619,2011-11-23,17,357,120
12620,2011-05-19,33,169,169
12620,2011-09-20,24,293,169
12620,2011-11-25,35,359,169
12621,2010-12-09,14,8,8
12621,2010-12-17,18,16,8
12621,2011-02-14,30,75,8
12621,2011-02-21,22,82,8
12621,2011-03-25,5,114,8
12621,2011-04-27,34,147,8
12621,2011-05-09,33,159,8
12621,2011-05-12,48,162,8
12621,2011-05-23,21,173,8
12621,2011-06-16,12,197,8
12621,2011-07-15,28,226,8
12621,2011-08-23,31,265,8
12621,2011-08-31,50,273,8
12621,2011-09-19,25,292,8
12621,2011-10-18,22,321,8
12621,2011-11-16,17,350,8
12621,2011-12-08,57,372,8
12622,2011-04-21,11,141,141
12623,2011-03-08,18,97,97
12624,2011-06-15,19,196,196
12624,2011-08-25,19,267,196
12625,2011-01-24,53,54,54
12625,2011-05-12,33,162,54
12626,2011-01-17,53,47,47
12626,2011-01-27,6,57,47
12626,2011-06-30,44,211,47
12626,2011-07-21,36,232,47
12626,2011-08-04,44,246,47
12626,2011-08-19,23,261,47
12626,2011-10-06,62,309,47
12626,2011-10-27,13,330,47
12626,2011-11-16,13,350,47
12627,2011-07-22,40,233,233
12627,2011-08-02,28,244,233
12627,2011-08-22,35,264,233
12627,2011-08-23,1,265,233
12627,2011-09-04,37,277,233
12627,2011-10-06,60,309,233
12627,2011-11-29,29,363,233
12628,2011-10-06,17,309,309
12628,2011-11-06,11,340,309
12628,2011-12-05,13,369,309
12630,2011-10-27,35,330,330
12630,2011-11-30,29,364,330
12631,2011-10-13,31,316,316
12633,2011-02-25,34,86,86
12633,2011-05-27,38,177,86
12633,2011-08-02,14,244,86
12633,2011-10-12,15,315,86
12635,2011-07-08,40,219,219
12635,2011-09-11,61,284,219
12637,2011-01-20,72,50,50
12637,2011-03-21,44,110,50
12637,2011-04-14,31,134,50
12637,2011-07-05,32,216,50
12637,2011-09-07,67,280,50
12637,2011-09-09,67,282,50
12637,2011-10-03,77,306,50
12638,2011-11-06,39,340,340
12639,2011-04-15,22,135,135
12640,2011-09-19,42,292,292
12640,2011-11-15,9,349,292
12640,2011-11-16,2,350,292
12641,2011-08-16,10,258,258
12642,2011-08-24,24,266,266
12642,2011-10-20,11,323,266
12642,2011-11-14,12,348,266
12643,2011-01-11,2,41,41
12643,2011-05-03,9,153,41
12643,2011-06-10,3,191,41
12643,2011-06-20,2,201,41
12643,2011-08-03,8,245,41
12644,2011-08-02,31,244,244
12645,2011-01-27,16,57,57
12645,2011-05-04,20,154,57
12645,2011-08-22,23,264,57
12645,2011-11-06,14,340,57
12646,2011-10-21,24,324,324
12646,2011-12-05,21,369,324
12647,2010-12-05,19,4,4
12647,2010-12-07,17,6,4
12647,2010-12-17,11,16,4
12647,2011-03-18,5,107,4
12647,2011-04-08,6,128,4
12647,2011-05-24,15,174,4
12647,2011-07-07,16,218,4
12647,2011-08-05,4,247,4
12647,2011-09-11,19,284,4
12647,2011-09-22,3,295,4
12647,2011-11-17,7,351,4
12648,2011-07-08,21,219,219
12649,2011-05-11,17,161,161
12649,2011-08-24,14,266,161
12650,2011-12-06,20,370,370
12651,2011-01-09,9,39,39
12652,2011-01-12,48,42,42
12653,2011-02-16,16,77,77
12653,2011-07-14,27,225,77
12654,2011-02-17,11,78,78
12654,2011-05-26,11,176,78
12654,2011-11-02,11,336,78
12654,2011-11-29,5,363,78
12656,2011-04-20,18,140,140
12656,2011-05-20,14,170,140
12656,2011-08-15,37,257,140
12656,2011-09-28,29,301,140
12656,2011-11-22,28,356,140
12657,2011-09-22,28,295,295
12657,2011-10-28,1,331,295
12657,2011-11-28,18,362,295
12658,2011-11-21,36,355,355
12659,2011-11-10,5,344,344
12660,2011-11-28,13,362,362
12662,2010-12-01,15,0,0
12662,2011-02-03,19,64,0
12662,2011-03-08,19,97,0
12662,2011-04-14,24,134,0
12662,2011-06-05,31,186,0
12662,2011-07-19,30,230,0
12662,2011-08-24,19,266,0
12662,2011-10-18,31,321,0
12662,2011-11-16,29,350,0
12662,2011-12-09,13,373,0
12664,2011-01-21,5,51,51
12664,2011-04-21,4,141,51
12664,2011-07-19,9,230,51
12664,2011-09-13,4,286,51
12664,2011-10-04,2,307,51
12664,2011-10-12,3,315,51
12664,2011-11-04,4,338,51
12664,2011-11-23,2,357,51
12664,2011-12-01,4,365,51
12665,2011-01-19,3,49,49
12667,2011-10-12,33,315,315
12668,2010-12-19,24,18,18
12668,2011-01-31,50,61,18
12668,2011-03-25,49,114,18
12668,2011-11-28,38,362,18
12669,2011-03-28,69,117,117
12669,2011-04-05,1,125,117
12669,2011-07-12,31,223,117
12670,2011-04-21,22,141,141
12670,2011-05-24,13,174,141
12670,2011-09-02,23,275,141
12670,2011-11-10,20,344,141
12670,2011-11-29,14,363,141
12672,2011-01-14,10,44,44
12673,2011-01-17,23,47,47
12673,2011-12-04,19,368,47
12674,2011-05-16,17,166,166
12674,2011-06-22,20,203,166
12674,2011-09-09,22,282,166
12674,2011-11-01,24,335,166
12676,2011-02-01,12,62,62
12676,2011-03-24,7,113,62
12676,2011-06-02,5,183,62
12676,2011-08-08,6,250,62
12676,2011-09-30,7,303,62
12676,2011-11-15,8,349,62
12678,2010-12-21,5,20,20
12678,2011-02-28,13,89,20
12678,2011-03-31,35,120,20
12678,2011-04-04,1,124,20
12678,2011-06-05,18,186,20
12678,2011-07-13,10,224,20
12678,2011-08-31,11,273,20
12678,2011-09-22,10,295,20
12678,2011-10-28,62,331,20
12679,2011-03-01,42,90,90
12679,2011-05-18,2,168,90
12679,2011-09-13,2,286,90
12679,2011-10-12,2,315,90
12680,2011-08-18,20,260,260
12680,2011-09-11,7,284,260
12680,2011-09-27,10,300,260
12680,2011-12-09,15,373,260
12681,2010-12-07,41,6,6
12681,2010-12-20,47,19,6
12681,2011-01-05,34,35,6
12681,2011-01-10,50,40,6
12681,2011-01-19,31,49,6
12681,2011-01-31,18,61,6
12681,2011-03-13,18,102,6
12681,2011-03-15,29,104,6
12681,2011-03-22,31,111,6
12681,2011-04-17,27,137,6
12681,2011-05-13,23,163,6
12681,2011-05-25,30,175,6
12681,2011-06-05,32,186,6
12681,2011-07-08,36,219,6
12681,2011-07-11,27,222,6
12681,2011-09-23,38,296,6
12681,2011-10-27,25,330,6
12681,2011-11-09,38,343,6
12681,2011-11-17,48,351,6
12681,2011-11-25,15,359,6
12682,2010-12-03,16,2,2
12682,2010-12-09,33,8,2
12682,2011-01-05,40,35,2
12682,2011-02-01,19,62,2
12682,2011-02-02,19,63,2
12682,2011-03-14,21,103,2
12682,2011-04-04,27,124,2
12682,2011-05-13,24,163,2
12682,2011-05-16,7,166,2
12682,2011-05-22,10,172,2
12682,2011-05-31,18,181,2
12682,2011-06-15,29,196,2
12682,2011-07-04,16,215,2
12682,2011-07-12,21,223,2
12682,2011-07-19,5,230,2
12682,2011-08-12,25,254,2
12682,2011-08-25,23,267,2
12682,2011-08-31,2,273,2
12682,2011-09-15,15,288,2
12682,2011-09-19,18,292,2
12682,2011-10-10,24,313,2
12682,2011-11-01,21,335,2
12682,2011-11-10,28,344,2
12682,2011-11-18,10,352,2
12682,2011-11-25,5,359,2
12682,2011-11-30,19,364,2
12682,2011-12-06,30,370,2
12683,2010-12-09,54,8,8
12683,2011-01-17,21,47,8
12683,2011-03-01,17,90,8
12683,2011-03-23,43,112,8
12683,2011-05-03,22,153,8
12683,2011-05-12,12,162,8
12683,2011-06-08,30,189,8
12683,2011-08-26,48,268,8
12683,2011-09-08,23,281,8
12683,2011-10-20,39,323,8
12683,2011-12-05,35,369,8
12684,2011-05-10,30,160,160
12684,2011-05-16,1,166,160
12684,2011-05-26,13,176,160
12684,2011-06-22,14,203,160
12684,2011-10-07,11,310,160
12684,2011-11-15,30,349,160
12684,2011-12-02,6,366,160
12685,2011-09-07,26,280,280
12685,2011-09-08,64,281,280
12685,2011-09-25,14,298,280
12685,2011-10-13,12,316,280
12685,2011-10-19,19,322,280
12685,2011-11-11,22,345,280
12686,2010-12-03,7,2,2
12688,2011-08-18,171,260,260
12689,2011-08-04,34,246,246
12689,2011-11-14,38,348,246
12690,2011-05-18,16,168,168
12691,2010-12-17,5,16,16
12691,2011-01-24,9,54,16
12691,2011-01-25,1,55,16
12691,2011-07-17,6,228,16
12691,2011-10-12,9,315,16
12691,2011-11-11,2,345,16
12693,2011-01-24,9,54,54
12693,2011-03-20,11,109,54
12693,2011-05-12,12,162,54
12693,2011-08-04,7,246,54
12694,2011-06-09,20,190,190
12694,2011-09-30,17,303,190
12695,2011-05-13,6,163,163
12695,2011-08-24,13,266,163
12695,2011-10-04,5,307,163
12695,2011-12-02,3,366,163
12697,2011-06-23,19,204,204
12697,2011-07-31,10,242,204
12697,2011-11-11,12,345,204
12700,2011-05-08,62,158,158
12700,2011-07-06,60,217,158
12700,2011-10-05,89,308,158
12700,2011-12-02,57,366,158
12701,2011-04-11,21,131,131
12701,2011-09-21,32,294,131
12702,2011-11-20,12,354,354
12703,2011-09-29,21,302,302
12704,2011-06-23,13,204,204
12704,2011-08-04,17,246,204
12704,2011-08-26,20,268,204
12704,2011-09-22,15,295,204
12704,2011-11-04,10,338,204
12704,2011-11-17,8,351,204
12704,2011-12-02,5,366,204
12705,2010-12-17,30,16,16
12705,2011-04-08,63,128,16
12705,2011-05-22,53,172,16
12705,2011-07-04,60,215,16
12705,2011-09-23,38,296,16
12705,2011-10-28,42,331,16
12705,2011-11-22,36,356,16
12705,2011-11-24,12,358,16
12707,2011-02-21,33,82,82
12708,2010-12-06,14,5,5
12708,2011-01-14,19,44,5
12708,2011-03-07,18,96,5
12708,2011-04-21,12,141,5
12708,2011-05-23,19,173,5
12708,2011-06-13,16,194,5
12708,2011-08-30,21,272,5
12708,2011-09-28,20,301,5
12708,2011-11-07,16,341,5
12708,2011-11-10,2,344,5
12709,2010-12-08,7,7,7
12709,2010-12-17,7,16,7
12709,2011-01-25,11,55,7
12709,2011-03-01,14,90,7
12709,2011-03-30,7,119,7
12709,2011-04-14,2,134,7
12709,2011-05-06,9,156,7
12709,2011-06-02,42,183,7
12709,2011-07-14,13,225,7
12709,2011-07-27,9,238,7
12709,2011-09-04,19,277,7
12709,2011-09-29,23,302,7
12709,2011-10-12,17,315,7
12709,2011-10-27,10,330,7
12709,2011-11-24,18,358,7
12710,2011-05-22,44,172,172
12710,2011-07-01,4,212,172
12710,2011-09-04,29,277,172
12712,2010-12-03,9,2,2
12712,2010-12-09,11,8,2
12712,2011-01-12,11,42,2
12712,2011-02-01,11,62,2
12712,2011-03-07,9,96,2
12712,2011-03-16,11,105,2
12712,2011-05-10,16,160,2
12712,2011-05-23,4,173,2
12712,2011-06-10,9,191,2
12712,2011-07-15,13,226,2
12712,2011-08-25,10,267,2
12712,2011-10-21,10,324,2
12712,2011-11-11,9,345,2
12713,2011-12-09,38,373,373
12714,2011-02-18,53,79,79
12714,2011-05-17,45,167,79
12714,2011-06-13,24,194,79
12714,2011-08-25,69,267,79
12714,2011-11-30,68,364,79
12715,2011-08-25,21,267,267
12716,2011-07-29,45,240,240
12716,2011-12-06,24,370,240
12717,2011-04-08,31,128,128
12717,2011-07-11,24,222,128
12718,2011-09-29,19,302,302
12719,2011-10-05,18,308,308
12719,2011-12-04,21,368,308
12720,2010-12-05,30,4,4
12720,2010-12-17,15,16,4
12720,2011-01-31,19,61,4
12720,2011-02-09,13,70,4
12720,2011-03-22,29,111,4
12720,2011-04-11,21,131,4
12720,2011-05-04,9,154,4
12720,2011-05-26,15,176,4
12720,2011-05-31,4,181,4
12720,2011-06-23,16,204,4
12720,2011-07-12,26,223,4
12720,2011-08-03,13,245,4
12720,2011-08-07,6,249,4
12720,2011-09-06,22,279,4
12720,2011-09-20,9,293,4
12720,2011-10-05,30,308,4
12720,2011-10-18,9,321,4
12720,2011-10-31,2,334,4
12720,2011-11-16,25,350,4
12720,2011-11-24,22,358,4
12720,2011-12-07,19,371,4
12721,2010-12-20,15,19,19
12721,2011-02-09,27,70,19
12721,2011-04-07,24,127,19
12721,2011-06-09,36,190,19
12721,2011-09-21,24,294,19
12721,2011-11-08,35,342,19
12722,2011-07-12,19,223,223
12722,2011-08-14,2,256,223
12722,2011-08-17,29,259,223
12722,2011-09-15,3,288,223
12723,2011-10-05,36,308,308
12723,2011-11-23,28,357,308
12723,2011-12-06,5,370,308
12724,2011-01-11,11,41,41
12724,2011-06-19,7,200,41
12724,2011-09-19,27,292,41
12724,2011-12-04,8,368,41
12725,2010-12-03,24,2,2
12726,2010-12-17,6,16,16
12726,2011-01-28,19,58,16
12726,2011-03-20,15,109,16
12726,2011-05-09,10,159,16
12726,2011-06-08,17,189,16
12726,2011-09-14,21,287,16
12726,2011-11-11,36,345,16
12727,2011-01-23,12,53,53
12727,2011-02-16,48,77,53
12727,2011-03-03,30,92,53
12727,2011-06-05,19,186,53
12727,2011-09-05,7,278,53
12727,2011-11-29,23,363,53
12728,2011-01-11,13,41,41
12728,2011-02-28,12,89,41
12728,2011-03-27,8,116,41
12728,2011-09-29,13,302,41
12729,2011-08-18,26,260,260
12731,2010-12-10,16,9,9
12731,2011-01-31,46,61,9
12731,2011-03-31,37,120,9
12731,2011-04-01,3,121,9
12731,2011-05-11,23,161,9
12731,2011-06-17,22,198,9
12731,2011-07-18,32,229,9
12731,2011-09-15,31,288,9
12731,2011-09-30,26,303,9
12731,2011-10-19,16,322,9
12731,2011-11-16,22,350,9
12732,2011-06-13,12,194,194
12733,2011-04-19,22,139,139
12734,2010-12-22,4,21,21
12735,2011-01-06,22,36,36
12735,2011-01-28,21,58,36
12736,2011-01-11,4,41,41
12738,2010-12-02,11,1,1
12739,2011-09-01,37,274,274
12739,2011-09-22,1,295,274
12740,2011-10-07,27,310,310
12743,2011-07-28,134,239,239
12744,2011-01-25,56,55,55
12744,2011-04-04,5,124,55
12744,2011-04-05,52,125,55
12744,2011-07-18,75,229,55
12744,2011-10-14,32,317,55
12744,2011-10-19,2,322,55
12747,2010-12-05,7,4,4
12747,2010-12-13,8,12,4
12747,2011-01-20,5,50,4
12747,2011-03-01,12,90,4
12747,2011-05-05,9,155,4
12747,2011-05-25,14,175,4
12747,2011-06-28,8,209,4
12747,2011-08-22,7,264,4
12747,2011-10-04,15,307,4
12747,2011-11-17,11,351,4
12747,2011-12-07,7,371,4
12748,2010-12-01,1,0,0
12748,2010-12-02,1,1,0
12748,2010-12-05,194,4,0
12748,2010-12-06,59,5,0
12748,2010-12-07,59,6,0
12748,2010-12-08,48,7,0
12748,2010-12-09,8,8,0
12748,2010-12-10,174,9,0
12748,2010-12-13,2,12,0
12748,2010-12-14,22,13,0
12748,2010-12-16,36,15,0
12748,2010-12-17,38,16,0
12748,2010-12-21,16,20,0
12748,2010-12-23,10,22,0
12748,2011-01-05,14,35,0
12748,2011-01-16,7,46,0
12748,2011-01-18,4,48,0
12748,2011-02-17,14,78,0
12748,2011-02-22,4,83,0
12748,2011-02-23,12,84,0
12748,2011-02-27,67,88,0
12748,2011-02-28,4,89,0
12748,2011-03-08,26,97,0
12748,2011-03-11,37,100,0
12748,2011-03-18,22,107,0
12748,2011-03-21,4,110,0
12748,2011-03-24,28,113,0
12748,2011-03-25,72,114,0
12748,2011-04-01,8,121,0
12748,2011-04-08,3,128,0
12748,2011-04-17,89,137,0
12748,2011-04-28,2,148,0
12748,2011-05-01,1,151,0
12748,2011-05-05,22,155,0
12748,2011-05-06,98,156,0
12748,2011-05-08,44,158,0
12748,2011-05-10,2,160,0
12748,2011-05-11,37,161,0
12748,2011-05-12,30,162,0
12748,2011-05-27,5,177,0
12748,2011-05-31,29,181,0
12748,2011-06-06,1,187,0
12748,2011-06-07,33,188,0
12748,2011-06-08,32,189,0
12748,2011-06-10,1,191,0
12748,2011-06-15,104,196,0
12748,2011-06-17,18,198,0
12748,2011-06-21,27,202,0
12748,2011-06-22,3,203,0
12748,2011-06-23,7,204,0
12748,2011-06-28,35,209,0
12748,2011-06-30,1,211,0
12748,2011-07-01,104,212,0
12748,2011-07-03,26,214,0
12748,2011-07-08,13,219,0
12748,2011-07-11,1,222,0
12748,2011-07-14,13,225,0
12748,2011-07-18,27,229,0
12748,2011-07-21,34,232,0
12748,2011-07-28,1,239,0
12748,2011-07-29,6,240,0
12748,2011-07-31,1,242,0
12748,2011-08-03,27,245,0
12748,2011-08-04,2,246,0
12748,2011-08-05,1,247,0
12748,2011-08-07,4,249,0
12748,2011-08-17,8,259,0
12748,2011-08-24,25,266,0
12748,2011-08-25,55,267,0
12748,2011-08-30,14,272,0
12748,2011-09-02,9,275,0
12748,2011-09-06,15,279,0
12748,2011-09-07,2,280,0
12748,2011-09-09,37,282,0
12748,2011-09-11,139,284,0
12748,2011-09-15,2,288,0
12748,2011-09-16,9,289,0
12748,2011-09-26,2,299,0
12748,2011-09-27,1,300,0
12748,2011-09-28,141,301,0
12748,2011-09-30,54,303,0
12748,2011-10-05,29,308,0
12748,2011-10-06,13,309,0
12748,2011-10-07,1,310,0
12748,2011-10-09,36,312,0
12748,2011-10-10,6,313,0
12748,2011-10-19,37,322,0
12748,2011-10-23,27,326,0
12748,2011-10-25,14,328,0
12748,2011-10-26,57,329,0
12748,2011-11-01,8,335,0
12748,2011-11-02,32,336,0
12748,2011-11-04,31,338,0
12748,2011-11-06,29,340,0
12748,2011-11-07,97,341,0
12748,2011-11-08,140,342,0
12748,2011-11-10,54,344,0
12748,2011-11-11,53,345,0
12748,2011-11-15,8,349,0
12748,2011-11-16,216,350,0
12748,2011-11-17,154,351,0
12748,2011-11-18,1,352,0
12748,2011-11-22,9,356,0
12748,2011-11-23,379,357,0
12748,2011-11-24,60,358,0
12748,2011-11-25,249,359,0
12748,2011-11-28,39,362,0
12748,2011-11-29,123,363,0
12748,2011-12-01,51,365,0
12748,2011-12-02,1,366,0
12748,2011-12-04,47,368,0
12748,2011-12-05,108,369,0
12748,2011-12-08,75,372,0
12748,2011-12-09,24,373,0
12749,2011-05-10,43,160,160
12749,2011-08-01,85,243,160
12749,2011-11-17,32,351,160
12749,2011-12-06,39,370,160
12750,2011-08-03,15,245,245
12752,2011-09-19,53,292,292
12753,2010-12-12,48,11,11
12753,2011-02-09,48,70,11
12753,2011-03-02,1,91,11
12753,2011-04-05,32,125,11
12753,2011-07-27,37,238,11
12753,2011-11-17,31,351,11
12754,2011-02-04,37,65,65
12754,2011-03-07,12,96,65
12754,2011-04-18,14,138,65
12755,2010-12-09,1,8,8
12755,2011-03-04,3,93,8
12756,2011-09-14,4,287,287
12757,2011-05-12,77,162,162
12757,2011-05-23,3,173,162
12757,2011-06-07,14,188,162
12757,2011-07-20,28,231,162
12757,2011-10-06,223,309,162
12757,2011-10-19,2,322,162
12757,2011-11-11,7,345,162
12757,2011-11-14,1,348,162
12757,2011-11-24,16,358,162
12758,2011-03-08,56,97,97
12758,2011-08-15,41,257,97
12759,2011-03-09,27,98,98
12759,2011-06-21,39,202,98
12759,2011-10-18,29,321,98
12762,2011-11-14,21,348,348
12762,2011-12-02,48,366,348
12763,2010-12-05,16,4,4
12763,2011-07-24,2,235,4
12764,2011-01-27,45,57,57
12766,2010-12-08,53,7,7
12766,2011-01-09,35,39,7
12766,2011-02-21,43,82,7
12766,2011-04-13,56,133,7
12766,2011-07-13,40,224,7
12766,2011-10-13,61,316,7
12766,2011-12-06,22,370,7
12769,2011-04-15,32,135,135
12770,2011-05-13,12,163,163
12772,2011-10-11,55,314,314
12775,2011-02-01,12,62,62
12775,2011-03-22,12,111,62
12775,2011-05-20,13,170,62
12775,2011-06-03,15,184,62
12775,2011-11-22,14,356,62
12778,2011-01-31,9,61,61
12778,2011-03-14,8,103,61
12778,2011-03-25,9,114,61
12778,2011-06-09,5,190,61
12778,2011-10-07,11,310,61
12778,2011-11-20,8,354,61
12779,2010-12-03,8,2,2
12779,2011-01-17,25,47,2
12779,2011-02-04,9,65,2
12779,2011-03-15,9,104,2
12779,2011-04-05,25,125,2
12779,2011-05-25,27,175,2
12779,2011-06-03,1,184,2
12779,2011-11-02,45,336,2
12781,2011-02-28,15,89,89
12781,2011-10-07,10,310,89
12782,2010-12-17,22,16,16
12782,2011-01-26,30,56,16
12782,2011-03-31,16,120,16
12782,2011-07-13,21,224,16
12782,2011-12-05,14,369,16
12783,2011-09-25,18,298,298
12783,2011-10-14,34,317,298
12783,2011-10-17,2,320,298
12783,2011-11-07,13,341,298
12783,2011-12-07,17,371,298
12784,2011-11-24,58,358,358
12784,2011-11-30,1,364,358
12785,2010-12-10,14,9,9
12787,2011-05-31,8,181,181
12787,2011-09-09,8,282,181
12787,2011-11-30,4,364,181
12789,2011-10-05,4,308,308
12790,2011-05-31,21,181,181
12791,2010-12-01,2,0,0
12792,2011-03-28,25,117,117
12793,2010-12-03,7,2,2
12793,2011-01-09,17,39,2
12794,2011-09-02,20,275,275
12794,2011-10-17,25,320,275
12795,2011-11-21,14,355,355
12797,2010-12-09,13,8,8
12798,2011-06-22,6,203,203
12798,2011-10-26,1,329,203
12798,2011-11-29,1,363,203
12802,2011-06-06,25,187,187
12808,2010-12-06,7,5,5
12808,2011-06-08,9,189,5
12808,2011-11-03,12,337,5
12809,2011-06-15,25,196,196
12811,2011-02-28,14,89,89
12811,2011-03-23,16,112,89
12811,2011-03-24,1,113,89
12812,2011-10-26,15,329,329
12814,2011-08-30,2,272,272
12815,2011-05-25,31,175,175
12815,2011-07-15,16,226,175
12816,2011-06-16,15,197,197
12816,2011-09-05,14,278,197
12817,2011-03-03,4,92,92
12818,2011-03-23,14,112,112
12820,2011-01-17,11,47,47
12820,2011-09-26,14,299,47
12820,2011-10-26,22,329,47
12820,2011-12-06,12,370,47
12821,2011-05-09,6,159,159
12822,2011-09-13,37,286,286
12822,2011-09-30,9,303,286
12823,2011-02-16,1,77,77
12823,2011-02-23,1,84,77
12823,2011-03-30,1,119,77
12823,2011-08-04,1,246,77
12823,2011-09-26,1,299,77
12824,2011-10-11,25,314,314
12826,2010-12-09,9,8,8
12826,2011-01-19,16,49,8
12826,2011-01-27,24,57,8
12826,2011-06-14,7,195,8
12826,2011-09-29,13,302,8
12826,2011-11-10,15,344,8
12826,2011-12-07,7,371,8
12827,2011-10-26,15,329,329
12827,2011-11-07,5,341,329
12827,2011-12-04,5,368,329
12828,2011-08-01,12,243,243
12828,2011-08-19,9,261,243
12828,2011-09-01,4,274,243
12828,2011-10-05,13,308,243
12828,2011-12-02,13,366,243
12828,2011-12-07,5,371,243
12829,2010-12-14,5,13,13
12829,2011-01-07,6,37,13
12830,2011-06-21,13,202,202
12830,2011-07-06,3,217,202
12830,2011-07-28,11,239,202
12830,2011-09-09,9,282,202
12830,2011-11-02,2,336,202
12831,2011-03-22,9,111,111
12832,2011-09-02,18,275,275
12832,2011-11-07,9,341,275
12833,2011-07-17,24,228,228
12834,2011-03-02,18,91,91
12836,2011-02-01,39,62,62
12836,2011-05-04,62,154,62
12836,2011-07-25,24,236,62
12836,2011-10-11,50,314,62
12837,2011-06-19,12,200,200
12838,2010-12-01,59,0,0
12838,2011-11-06,64,340,0
12839,2010-12-07,22,6,6
12839,2010-12-17,15,16,6
12839,2011-02-25,20,86,6
12839,2011-05-25,23,175,6
12839,2011-06-09,20,190,6
12839,2011-07-05,19,216,6
12839,2011-07-29,18,240,6
12839,2011-08-18,20,260,6
12839,2011-09-08,25,281,6
12839,2011-09-29,20,302,6
12839,2011-10-27,23,330,6
12839,2011-11-15,31,349,6
12839,2011-11-28,27,362,6
12839,2011-12-07,31,371,6
12840,2011-04-27,50,147,147
12840,2011-05-09,24,159,147
12840,2011-06-10,16,191,147
12840,2011-07-19,23,230,147
12841,2010-12-03,24,2,2
12841,2010-12-05,23,4,2
12841,2011-01-06,28,36,2
12841,2011-01-19,24,49,2
12841,2011-01-31,11,61,2
12841,2011-02-10,17,71,2
12841,2011-02-16,10,77,2
12841,2011-02-25,11,86,2
12841,2011-03-07,8,96,2
12841,2011-03-27,21,116,2
12841,2011-04-14,28,134,2
12841,2011-05-01,8,151,2
12841,2011-06-12,15,193,2
12841,2011-07-03,23,214,2
12841,2011-07-17,21,228,2
12841,2011-08-03,14,245,2
12841,2011-08-25,11,267,2
12841,2011-09-11,22,284,2
12841,2011-10-05,16,308,2
12841,2011-10-19,10,322,2
12841,2011-10-27,18,330,2
12841,2011-11-17,13,351,2
12841,2011-11-25,15,359,2
12841,2011-12-05,29,369,2
12842,2011-02-04,14,65,65
12842,2011-09-30,20,303,65
12843,2011-03-20,4,109,109
12843,2011-05-03,11,153,109
12843,2011-05-10,33,160,109
12843,2011-06-06,23,187,109
12843,2011-06-15,18,196,109
12843,2011-06-24,1,205,109
12843,2011-07-03,12,214,109
12843,2011-10-05,1,308,109
12844,2011-08-01,28,243,243
12844,2011-11-10,24,344,243
12845,2011-02-22,21,83,83
12845,2011-03-14,1,103,83
12845,2011-03-16,4,105,83
12845,2011-03-17,1,106,83
12847,2011-11-17,91,351,351
12849,2011-03-16,36,105,105
12849,2011-11-08,15,342,105
12851,2011-09-04,50,277,277
12852,2011-02-18,17,79,79
12853,2011-01-28,20,58,58
12853,2011-04-14,22,134,58
12853,2011-07-28,36,239,58
12854,2011-01-25,34,55,55
12854,2011-04-12,42,132,55
12854,2011-09-22,34,295,55
12855,2010-12-02,3,1,1
12856,2011-10-07,80,310,310
12856,2011-10-14,76,317,310
12856,2011-10-31,36,334,310
12856,2011-11-11,30,345,310
12856,2011-11-21,43,355,310
12856,2011-12-02,49,366,310
12857,2011-02-10,34,71,71
12857,2011-05-13,12,163,71
12863,2011-10-18,5,321,321
12864,2011-07-24,3,235,235
12865,2011-08-08,58,250,250
12865,2011-11-13,37,347,250
12866,2011-03-01,26,90,90
12867,2010-12-14,54,13,13
12867,2011-02-14,61,75,13
12867,2011-03-21,79,110,13
12867,2011-05-09,71,159,13
12867,2011-06-27,78,208,13
12867,2011-09-04,90,277,13
12867,2011-11-13,105,347,13
12868,2010-12-01,12,0,0
12868,2011-01-12,22,42,0
12868,2011-01-27,12,57,0
12868,2011-03-16,18,105,0
12868,2011-05-05,29,155,0
12868,2011-06-07,14,188,0
12871,2011-05-16,4,166,166
12871,2011-09-16,7,289,166
12872,2010-12-09,38,8,8
12872,2011-01-17,28,47,8
12873,2011-03-02,4,91,91
12875,2010-12-12,1,11,11
12875,2011-07-19,1,230,11
12876,2011-05-27,34,177,177
12876,2011-10-13,51,316,177
12877,2010-12-16,14,15,15
12877,2011-01-14,3,44,15
12877,2011-02-24,1,85,15
12877,2011-03-27,5,116,15
12877,2011-04-01,5,121,15
12877,2011-05-05,2,155,15
12877,2011-05-23,5,173,15
12877,2011-06-15,25,196,15
12877,2011-08-07,13,249,15
12877,2011-09-22,13,295,15
12877,2011-11-15,60,349,15
12877,2011-12-06,8,370,15
12878,2011-03-18,19,107,107
12878,2011-04-17,28,137,107
12879,2011-09-09,4,282,282
12879,2011-09-19,3,292,282
12879,2011-10-26,3,329,282
12881,2011-03-09,7,98,98
12882,2011-11-06,5,340,340
12882,2011-11-30,8,364,340
12883,2011-09-11,19,284,284
12883,2011-11-15,23,349,284
12884,2011-09-12,7,285,285
12885,2011-08-08,39,250,250
12885,2011-10-07,32,310,250
12886,2011-05-04,47,154,154
12886,2011-10-03,35,306,154
12888,2011-03-29,4,118,118
12888,2011-05-09,1,159,118
12890,2011-11-15,82,349,349
12891,2011-02-20,1,81,81
12891,2011-05-03,1,153,81
12891,2011-06-07,1,188,81
12893,2011-11-09,34,343,343
12895,2011-09-14,16,287,287
12895,2011-10-28,6,331,287
12897,2011-02-11,2,72,72
12897,2011-05-19,2,169,72
12901,2011-03-14,7,103,103
12901,2011-03-24,15,113,103
12901,2011-04-05,1,125,103
12901,2011-04-19,1,139,103
12901,2011-04-20,4,140,103
12901,2011-04-26,6,146,103
12901,2011-05-11,7,161,103
12901,2011-05-23,7,173,103
12901,2011-06-08,4,189,103
12901,2011-06-14,1,195,103
12901,2011-06-17,1,198,103
12901,2011-06-22,7,203,103
12901,2011-06-29,10,210,103
12901,2011-07-19,6,230,103
12901,2011-07-29,8,240,103
12901,2011-08-23,5,265,103
12901,2011-09-19,1,292,103
12901,2011-10-16,2,319,103
12901,2011-10-27,12,330,103
12901,2011-11-02,1,336,103
12901,2011-11-16,1,350,103
12901,2011-11-29,8,363,103
12901,2011-12-01,1,365,103
12902,2011-03-20,10,109,109
12904,2011-06-20,32,201,201
12904,2011-11-21,40,355,201
12906,2011-09-22,47,295,295
12906,2011-11-28,16,362,295
12908,2011-01-31,1,61,61
12908,2011-06-16,1,197,61
12909,2011-03-31,43,120,120
12909,2011-05-22,22,172,120
12909,2011-09-13,20,286,120
12909,2011-10-31,6,334,120
12910,2011-04-12,23,132,132
12910,2011-05-26,7,176,132
12910,2011-07-28,6,239,132
12910,2011-09-22,21,295,132
12910,2011-10-06,10,309,132
12910,2011-11-16,8,350,132
12912,2011-10-30,7,333,333
12912,2011-11-16,2,350,333
12912,2011-11-25,4,359,333
12912,2011-12-01,9,365,333
12912,2011-12-07,2,371,333
12913,2010-12-06,4,5,5
12913,2011-02-11,7,72,5
12913,2011-03-02,4,91,5
12913,2011-11-24,22,358,5
12913,2011-12-05,13,369,5
12915,2010-12-02,13,1,1
12915,2011-07-14,9,225,1
12916,2011-01-23,40,53,53
12916,2011-03-27,20,116,53
12916,2011-05-22,21,172,53
12916,2011-07-24,26,235,53
12917,2011-08-03,2,245,245
12919,2011-06-23,10,204,204
12919,2011-07-12,2,223,204
12919,2011-08-15,4,257,204
12919,2011-11-08,18,342,204
12919,2011-11-23,8,357,204
12919,2011-12-01,8,365,204
12920,2011-11-22,28,356,356
12921,2010-12-01,15,0,0
12921,2010-12-08,20,7,0
12921,2011-01-05,24,35,0
12921,2011-02-11,12,72,0
12921,2011-02-25,71,86,0
12921,2011-02-28,27,89,0
12921,2011-03-20,40,109,0
12921,2011-05-06,46,156,0
12921,2011-05-11,18,161,0
12921,2011-06-08,26,189,0
12921,2011-07-04,20,215,0
12921,2011-07-06,36,217,0
12921,2011-07-29,37,240,0
12921,2011-08-01,32,243,0
12921,2011-09-02,37,275,0
12921,2011-09-14,25,287,0
12921,2011-09-15,13,288,0
12921,2011-09-16,27,289,0
12921,2011-10-24,59,327,0
12921,2011-11-09,35,343,0
12921,2011-11-21,22,355,0
12921,2011-11-24,33,358,0
12921,2011-11-30,45,364,0
12922,2011-07-01,28,212,212
12923,2011-10-06,29,309,309
12924,2011-01-16,2,46,46
12924,2011-03-09,7,98,46
12924,2011-05-25,6,175,46
12924,2011-09-12,15,285,46
12925,2011-09-26,23,299,299
12925,2011-12-05,22,369,299
12928,2010-12-15,17,14,14
12928,2011-04-12,21,132,14
12928,2011-07-15,16,226,14
12928,2011-10-25,19,328,14
12928,2011-11-04,11,338,14
12929,2011-02-01,8,62,62
12930,2011-06-21,14,202,202
12930,2011-09-22,11,295,202
12931,2010-12-17,2,16,16
12931,2011-02-15,4,76,16
12931,2011-03-15,1,104,16
12931,2011-04-14,4,134,16
12931,2011-05-20,3,170,16
12931,2011-08-04,23,246,16
12931,2011-08-11,22,253,16
12931,2011-08-30,1,272,16
12931,2011-10-03,8,306,16
12931,2011-11-09,9,343,16
12931,2011-11-17,3,351,16
12931,2011-11-18,2,352,16
12933,2011-03-01,8,90,90
12933,2011-06-21,41,202,90
12933,2011-11-15,57,349,90
12935,2011-01-24,27,54,54
12935,2011-05-20,26,170,54
12935,2011-07-13,20,224,54
12935,2011-08-22,19,264,54
12935,2011-11-13,18,347,54
12935,2011-12-07,19,371,54
12936,2011-09-22,33,295,295
12936,2011-11-18,1,352,295
12936,2011-11-22,28,356,295
12937,2011-03-17,16,106,106
12937,2011-05-26,12,176,106
12937,2011-09-29,32,302,106
12937,2011-11-24,60,358,106
12938,2011-11-14,9,348,348
12939,2011-01-09,6,39,39
12939,2011-02-14,15,75,39
12939,2011-03-11,5,100,39
12939,2011-07-24,5,235,39
12939,2011-09-21,6,294,39
12939,2011-10-06,10,309,39
12940,2011-09-13,19,286,286
12940,2011-10-16,80,319,286
12942,2010-12-09,16,8,8
12942,2011-05-26,8,176,8
12942,2011-07-31,51,242,8
12944,2010-12-20,14,19,19
12944,2011-11-04,16,338,19
12945,2011-02-24,23,85,85
12947,2010-12-01,17,0,0
12947,2011-01-07,16,37,0
12947,2011-04-19,34,139,0
12947,2011-06-09,15,190,0
12947,2011-06-10,1,191,0
12947,2011-07-19,14,230,0
12948,2011-03-20,25,109,109
12948,2011-03-24,8,113,109
12948,2011-05-09,20,159,109
12948,2011-08-26,32,268,109
12948,2011-10-11,16,314,109
12948,2011-10-26,5,329,109
12948,2011-11-23,10,357,109
12949,2011-04-01,75,121,121
12949,2011-05-17,40,167,121
12949,2011-08-01,43,243,121
12949,2011-08-17,21,259,121
12949,2011-11-09,36,343,121
12950,2011-11-15,7,349,349
12950,2011-12-01,12,365,349
12950,2011-12-07,4,371,349
12951,2011-01-13,14,43,43
12951,2011-01-24,6,54,43
12951,2011-04-05,9,125,43
12951,2011-05-19,9,169,43
12951,2011-06-19,7,200,43
12951,2011-12-01,18,365,43
12952,2011-09-22,41,295,295
12952,2011-10-27,20,330,295
12952,2011-12-04,18,368,295
12953,2011-11-30,17,364,364
12955,2011-03-17,23,106,106
12955,2011-05-04,10,154,106
12955,2011-05-20,1,170,106
12955,2011-06-24,15,205,106
12955,2011-07-19,15,230,106
12955,2011-09-08,18,281,106
12955,2011-10-18,12,321,106
12955,2011-11-02,37,336,106
12955,2011-11-23,29,357,106
12955,2011-12-01,8,365,106
12955,2011-12-08,12,372,106
12956,2011-02-06,19,67,67
12957,2011-01-04,29,34,34
12957,2011-03-28,24,117,34
12957,2011-05-19,27,169,34
12957,2011-06-06,28,187,34
12957,2011-09-29,52,302,34
12957,2011-11-14,18,348,34
12957,2011-11-30,60,364,34
12962,2011-08-18,11,260,260
12962,2011-12-02,5,366,260
12963,2010-12-09,16,8,8
12963,2011-09-16,15,289,8
12963,2011-10-17,7,320,8
12963,2011-11-16,31,350,8
12963,2011-11-22,5,356,8
12963,2011-11-29,9,363,8
12963,2011-12-01,12,365,8
12965,2011-09-11,109,284,284
12966,2011-11-30,10,364,364
12967,2010-12-03,15,2,2
12967,2010-12-16,4,15,2
12968,2011-08-19,5,261,261
12970,2011-01-21,8,51,51
12970,2011-12-02,143,366,51
12971,2010-12-02,5,1,1
12971,2010-12-07,6,6,1
12971,2010-12-08,7,7,1
12971,2010-12-17,3,16,1
12971,2010-12-21,2,20,1
12971,2011-01-06,3,36,1
12971,2011-01-09,2,39,1
12971,2011-01-11,4,41,1
12971,2011-01-12,2,42,1
12971,2011-01-25,4,55,1
12971,2011-01-26,4,56,1
12971,2011-02-03,3,64,1
12971,2011-02-09,3,70,1
12971,2011-02-15,5,76,1
12971,2011-02-17,6,78,1
12971,2011-02-24,2,85,1
12971,2011-03-01,3,90,1
12971,2011-03-09,5,98,1
12971,2011-03-11,6,100,1
12971,2011-03-16,8,105,1
12971,2011-03-24,2,113,1
12971,2011-03-28,6,117,1
12971,2011-03-30,1,119,1
12971,2011-04-04,3,124,1
12971,2011-04-13,2,133,1
12971,2011-04-17,5,137,1
12971,2011-04-20,11,140,1
12971,2011-04-21,3,141,1
12971,2011-05-05,3,155,1
12971,2011-05-10,3,160,1
12971,2011-05-19,5,169,1
12971,2011-05-22,1,172,1
12971,2011-05-27,6,177,1
12971,2011-06-02,8,183,1
12971,2011-06-16,4,197,1
12971,2011-06-20,2,201,1
12971,2011-06-21,4,202,1
12971,2011-06-24,3,205,1
12971,2011-07-05,2,216,1
12971,2011-07-07,7,218,1
12971,2011-07-15,13,226,1
12971,2011-07-19,1,230,1
12971,2011-07-21,2,232,1
12971,2011-07-27,7,238,1
12971,2011-07-29,3,240,1
12971,2011-08-04,4,246,1
12971,2011-08-05,2,247,1
12971,2011-08-17,4,259,1
12971,2011-08-21,3,263,1
12971,2011-08-24,3,266,1
12971,2011-09-01,4,274,1
12971,2011-09-08,3,281,1
12971,2011-09-14,8,287,1
12971,2011-09-27,4,300,1
12971,2011-10-03,5,306,1
12971,2011-10-05,2,308,1
12971,2011-10-19,3,322,1
12971,2011-10-30,4,333,1
12971,2011-11-04,3,338,1
12971,2011-11-08,9,342,1
12971,2011-11-09,14,343,1
12971,2011-11-14,2,348,1
12971,2011-11-16,3,350,1
12971,2011-11-17,3,351,1
12971,2011-11-20,3,354,1
12971,2011-11-22,10,356,1
12971,2011-11-24,5,358,1
12971,2011-11-28,6,362,1
12971,2011-11-29,3,363,1
12971,2011-12-01,2,365,1
12971,2011-12-06,3,370,1
12974,2011-05-26,8,176,176
12976,2011-05-12,22,162,162
12977,2011-07-06,9,217,217
12980,2010-12-16,3,15,15
12980,2011-01-12,2,42,15
12980,2011-02-11,2,72,15
12980,2011-02-23,2,84,15
12980,2011-03-02,1,91,15
12980,2011-05-13,3,163,15
12980,2011-06-05,3,186,15
12980,2011-06-16,3,197,15
12980,2011-07-05,1,216,15
12981,2011-07-29,11,240,240
12981,2011-11-10,9,344,240
12982,2011-04-11,28,131,131
12984,2011-11-21,4,355,355
12985,2011-11-11,52,345,345
12985,2011-12-09,24,373,345
12987,2011-05-26,14,176,176
12987,2011-09-27,14,300,176
12988,2011-02-20,92,81,81
12989,2010-12-10,1,9,9
12989,2011-01-16,1,46,9
12989,2011-02-14,7,75,9
12989,2011-03-17,2,106,9
12989,2011-04-15,3,135,9
12989,2011-05-23,7,173,9
12989,2011-07-05,5,216,9
12989,2011-09-12,4,285,9
12989,2011-10-04,5,307,9
12989,2011-10-17,2,320,9
12989,2011-11-18,3,352,9
12989,2011-12-01,23,365,9
12989,2011-12-06,1,370,9
12990,2011-02-02,3,63,63
12990,2011-06-07,4,188,63
12990,2011-11-08,6,342,63
12991,2011-08-19,22,261,261
12991,2011-11-16,9,350,261
12993,2011-02-14,8,75,75
12993,2011-05-16,4,166,75
12993,2011-08-11,12,253,75
12993,2011-11-16,3,350,75
12994,2011-03-16,22,105,105
12994,2011-08-11,19,253,105
12994,2011-12-05,20,369,105
12995,2011-09-15,3,288,288
12997,2011-01-26,15,56,56
12997,2011-04-17,18,137,56
12997,2011-09-12,16,285,56
12997,2011-11-17,10,351,56
12999,2011-04-08,23,128,128
12999,2011-05-18,4,168,128
12999,2011-05-27,1,177,128
13000,2010-12-10,11,9,9
13000,2011-03-25,19,114,9
13000,2011-08-25,1,267,9
13001,2011-01-17,31,47,47
13001,2011-01-25,5,55,47
13001,2011-02-16,96,77,47
13001,2011-02-25,5,86,47
13001,2011-03-07,27,96,47
13001,2011-03-20,11,109,47
13001,2011-03-30,24,119,47
13001,2011-04-14,18,134,47
13001,2011-05-06,47,156,47
13001,2011-06-08,12,189,47
13001,2011-07-04,25,215,47
13001,2011-11-17,23,351,47
13001,2011-12-05,15,369,47
13002,2011-01-25,7,55,55
13003,2011-05-09,4,159,159
13003,2011-07-11,1,222,159
13003,2011-08-26,1,268,159
13004,2010-12-17,23,16,16
13004,2011-01-10,23,40,16
13004,2011-01-27,26,57,16
13004,2011-02-15,19,76,16
13004,2011-02-28,24,89,16
13004,2011-04-04,31,124,16
13004,2011-05-09,30,159,16
13004,2011-06-09,22,190,16
13004,2011-06-16,1,197,16
13004,2011-06-24,27,205,16
13004,2011-07-29,21,240,16
13004,2011-08-17,23,259,16
13004,2011-09-23,30,296,16
13004,2011-10-07,33,310,16
13004,2011-11-04,27,338,16
13004,2011-11-13,19,347,16
13004,2011-11-28,25,362,16
13005,2011-04-07,18,127,127
13005,2011-06-19,8,200,127
13006,2011-10-14,4,317,317
13008,2011-01-20,14,50,50
13011,2010-12-02,3,1,1
13012,2011-02-18,19,79,79
13012,2011-05-04,15,154,79
13012,2011-05-10,1,160,79
13012,2011-07-14,16,225,79
13012,2011-09-22,11,295,79
13012,2011-11-16,16,350,79
13012,2011-11-18,1,352,79
13012,2011-11-30,10,364,79
13013,2010-12-03,67,2,2
13013,2011-04-05,31,125,2
13013,2011-05-11,9,161,2
13013,2011-07-08,17,219,2
13013,2011-07-28,13,239,2
13013,2011-08-08,10,250,2
13013,2011-08-24,15,266,2
13013,2011-09-08,12,281,2
13013,2011-10-06,12,309,2
13013,2011-11-04,13,338,2
13013,2011-11-18,12,352,2
13013,2011-12-08,8,372,2
13014,2011-03-03,11,92,92
13014,2011-03-22,8,111,92
13014,2011-05-03,15,153,92
13014,2011-06-23,16,204,92
13014,2011-08-18,13,260,92
13014,2011-09-26,15,299,92
13014,2011-11-03,18,337,92
13014,2011-11-07,3,341,92
13014,2011-11-17,4,351,92
13014,2011-11-29,7,363,92
13015,2011-04-04,39,124,124
13015,2011-04-08,19,128,124
13015,2011-05-26,30,176,124
13015,2011-10-17,88,320,124
13016,2011-08-08,28,250,250
13016,2011-09-27,19,300,250
13017,2011-12-02,1,366,366
13018,2011-02-17,18,78,78
13018,2011-02-24,19,85,78
13018,2011-03-21,24,110,78
13018,2011-04-05,31,125,78
13018,2011-04-17,44,137,78
13018,2011-04-27,24,147,78
13018,2011-05-13,26,163,78
13018,2011-05-16,22,166,78
13018,2011-05-27,27,177,78
13018,2011-06-13,12,194,78
13018,2011-07-08,22,219,78
13018,2011-07-31,22,242,78
13018,2011-08-09,18,251,78
13018,2011-09-08,19,281,78
13018,2011-09-15,15,288,78
13018,2011-09-28,19,301,78
13018,2011-10-06,30,309,78
13018,2011-11-09,24,343,78
13018,2011-11-13,23,347,78
13018,2011-11-23,19,357,78
13021,2010-12-16,7,15,15
13021,2011-03-21,16,110,15
13021,2011-05-08,16,158,15
13021,2011-06-26,19,207,15
13021,2011-09-30,17,303,15
13021,2011-11-01,14,335,15
13021,2011-11-14,27,348,15
13021,2011-12-05,15,369,15
13023,2011-08-02,20,244,244
13023,2011-10-06,20,309,244
13026,2011-03-09,5,98,98
13026,2011-05-03,1,153,98
13026,2011-09-08,11,281,98
13026,2011-11-08,9,342,98
13026,2011-12-08,14,372,98
13027,2010-12-20,6,19,19
13027,2011-03-16,3,105,19
13027,2011-04-20,6,140,19
13027,2011-07-05,4,216,19
13027,2011-07-07,2,218,19
13027,2011-08-18,5,260,19
13028,2011-10-25,24,328,328
13028,2011-11-17,21,351,328
13029,2010-12-21,1,20,20
13029,2011-07-24,6,235,20
13029,2011-11-09,3,343,20
13030,2010-12-06,60,5,5
13030,2011-11-28,39,362,5
13032,2011-09-13,44,286,286
13032,2011-10-18,27,321,286
13033,2010-12-17,11,16,16
13034,2010-12-05,11,4,4
13034,2011-10-16,26,319,4
13035,2011-03-24,12,113,113
13035,2011-09-27,15,300,113
13037,2011-03-28,15,117,117
13037,2011-05-04,18,154,117
13037,2011-07-24,15,235,117
13038,2011-02-22,15,83,83
13038,2011-06-09,7,190,83
13038,2011-09-20,6,293,83
13040,2011-11-06,21,340,340
13040,2011-12-01,22,365,340
13043,2011-03-11,13,100,100
13044,2011-02-21,33,82,82
13045,2011-09-01,18,274,274
13046,2011-03-18,14,107,107
13046,2011-11-09,21,343,107
13047,2010-12-01,17,0,0
13047,2011-02-03,26,64,0
13047,2011-03-30,20,119,0
13047,2011-05-04,19,154,0
13047,2011-06-19,32,200,0
13047,2011-08-04,26,246,0
13047,2011-10-14,31,317,0
13047,2011-11-08,1,342,0
13048,2011-01-16,40,46,46
13048,2011-04-15,37,135,46
13048,2011-08-18,29,260,46
13048,2011-11-25,30,359,46
13049,2011-01-25,7,55,55
13049,2011-10-06,7,309,55
13050,2010-12-08,18,7,7
13050,2010-12-14,16,13,7
13050,2010-12-16,19,15,7
13050,2010-12-20,16,19,7
13050,2011-01-23,17,53,7
13050,2011-02-04,13,65,7
13050,2011-02-08,17,69,7
13050,2011-03-22,22,111,7
13050,2011-05-19,20,169,7
13050,2011-06-07,105,188,7
13050,2011-07-14,20,225,7
13050,2011-08-10,23,252,7
13050,2011-08-25,20,267,7
13050,2011-10-14,18,317,7
13050,2011-10-25,22,328,7
13050,2011-11-18,17,352,7
13050,2011-11-25,20,359,7
13052,2011-05-11,18,161,161
13055,2011-05-10,22,160,160
13055,2011-09-22,54,295,160
13058,2011-07-11,3,222,222
13058,2011-10-12,3,315,222
13058,2011-11-15,2,349,222
13059,2011-04-04,8,124,124
13060,2011-03-31,15,120,120
13061,2011-09-28,10,301,301
13062,2011-06-01,11,182,182
13064,2011-01-16,9,46,46
13064,2011-07-10,27,221,46
13064,2011-09-12,12,285,46
13064,2011-11-27,21,361,46
13065,2010-12-01,14,0,0
13066,2011-11-07,28,341,341
13066,2011-11-15,20,349,341
13067,2011-09-18,15,291,291
13068,2011-01-24,1,54,54
13068,2011-11-29,1,363,54
13069,2010-12-05,43,4,4
13069,2010-12-13,35,12,4
13069,2011-01-09,36,39,4
13069,2011-02-04,24,65,4
13069,2011-03-24,48,113,4
13069,2011-04-14,24,134,4
13069,2011-04-18,27,138,4
13069,2011-05-08,16,158,4
13069,2011-05-11,10,161,4
13069,2011-05-25,7,175,4
13069,2011-06-01,2,182,4
13069,2011-06-03,2,184,4
13069,2011-06-12,20,193,4
13069,2011-07-12,16,223,4
13069,2011-08-04,6,246,4
13069,2011-08-12,14,254,4
13069,2011-09-01,38,274,4
13069,2011-10-17,15,320,4
13069,2011-11-25,23,359,4
13069,2011-12-09,19,373,4
13070,2011-05-31,9,181,181
13072,2011-03-18,7,107,107
13075,2011-08-02,22,244,244
13077,2010-12-08,14,7,7
13077,2011-02-22,49,83,7
13077,2011-12-08,49,372,7
13078,2010-12-08,10,7,7
13078,2010-12-15,19,14,7
13078,2011-01-11,13,41,7
13078,2011-01-27,9,57,7
13078,2011-02-16,13,77,7
13078,2011-03-09,26,98,7
13078,2011-03-30,17,119,7
13078,2011-04-08,21,128,7
13078,2011-04-27,13,147,7
13078,2011-05-23,20,173,7
13078,2011-06-12,16,193,7
13078,2011-06-29,18,210,7
13078,2011-07-22,21,233,7
13078,2011-08-15,17,257,7
13078,2011-08-25,21,267,7
13078,2011-09-14,11,287,7
13078,2011-09-18,11,291,7
13078,2011-10-06,19,309,7
13078,2011-10-12,12,315,7
13078,2011-10-19,6,322,7
13078,2011-11-07,7,341,7
13078,2011-11-15,15,349,7
13078,2011-11-23,7,357,7
13078,2011-11-29,7,363,7
13078,2011-12-06,9,370,7
13079,2011-07-22,1,233,233
13079,2011-09-09,1,282,233
13079,2011-09-25,2,298,233
13079,2011-11-18,1,352,233
13079,2011-12-05,1,369,233
13080,2011-06-13,6,194,194
13081,2010-12-03,74,2,2
13081,2011-01-06,171,36,2
13081,2011-02-24,73,85,2
13081,2011-03-21,82,110,2
13081,2011-05-06,176,156,2
13081,2011-07-19,178,230,2
13081,2011-11-04,208,338,2
13081,2011-11-10,3,344,2
13081,2011-11-28,63,362,2
13082,2011-01-05,7,35,35
13082,2011-03-15,17,104,35
13082,2011-03-30,4,119,35
13082,2011-04-18,21,138,35
13082,2011-06-16,13,197,35
13082,2011-07-05,7,216,35
13082,2011-08-05,4,247,35
13083,2011-09-25,14,298,298
13083,2011-12-05,4,369,298
13085,2011-02-17,13,78,78
13085,2011-07-05,9,216,78
13089,2010-12-05,2,4,4
13089,2010-12-06,39,5,4
13089,2010-12-13,23,12,4
13089,2010-12-15,18,14,4
13089,2010-12-16,4,15,4
13089,2011-01-05,60,35,4
13089,2011-01-06,13,36,4
13089,2011-01-13,47,43,4
13089,2011-01-17,51,47,4
13089,2011-01-26,1,56,4
13089,2011-01-27,34,57,4
13089,2011-01-28,1,58,4
13089,2011-01-31,22,61,4
13089,2011-02-02,46,63,4
13089,2011-02-14,4,75,4
13089,2011-02-16,46,77,4
13089,2011-02-23,36,84,4
13089,2011-03-08,62,97,4
13089,2011-03-16,31,105,4
13089,2011-03-24,31,113,4
13089,2011-03-31,57,120,4
13089,2011-04-05,32,125,4
13089,2011-04-07,3,127,4
13089,2011-04-11,1,131,4
13089,2011-04-12,22,132,4
13089,2011-04-14,1,134,4
13089,2011-04-17,26,137,4
13089,2011-04-27,5,147,4
13089,2011-05-03,58,153,4
13089,2011-05-06,3,156,4
13089,2011-05-11,5,161,4
13089,2011-05-13,52,163,4
13089,2011-05-16,11,166,4
13089,2011-05-24,38,174,4
13089,2011-06-05,13,186,4
13089,2011-06-07,50,188,4
13089,2011-06-19,51,200,4
13089,2011-06-22,39,203,4
13089,2011-07-06,25,217,4
13089,2011-07-11,34,222,4
13089,2011-07-13,5,224,4
13089,2011-07-21,76,232,4
13089,2011-07-29,5,240,4
13089,2011-08-02,58,244,4
13089,2011-08-15,38,257,4
13089,2011-08-19,6,261,4
13089,2011-08-31,29,273,4
13089,2011-09-01,96,274,4
13089,2011-09-20,11,293,4
13089,2011-09-22,45,295,4
13089,2011-09-25,5,298,4
13089,2011-09-30,40,303,4
13089,2011-10-06,13,309,4
13089,2011-10-11,37,314,4
13089,2011-10-19,17,322,4
13089,2011-10-28,23,331,4
13089,2011-10-30,8,333,4
13089,2011-11-08,45,342,4
13089,2011-11-14,30,348,4
13089,2011-11-16,4,350,4
13089,2011-11-17,18,351,4
13089,2011-11-23,15,357,4
13089,2011-11-28,8,362,4
13089,2011-12-01,16,365,4
13089,2011-12-05,71,369,4
13089,2011-12-07,2,371,4
13090,2010-12-02,4,1,1
13090,2010-12-09,4,8,1
13090,2011-01-14,3,44,1
13090,2011-02-23,6,84,1
13090,2011-03-18,6,107,1
13090,2011-04-15,19,135,1
13090,2011-06-17,19,198,1
13090,2011-07-26,15,237,1
13090,2011-10-06,26,309,1
13090,2011-10-17,5,320,1
13090,2011-11-08,32,342,1
13090,2011-11-20,11,354,1
13090,2011-12-01,5,365,1
13091,2011-11-11,21,345,345
13092,2010-12-15,7,14,14
13092,2011-03-07,6,96,14
13092,2011-04-26,6,146,14
13092,2011-05-12,2,162,14
13092,2011-09-30,4,303,14
13093,2010-12-01,13,0,0
13093,2010-12-16,36,15,0
13093,2011-01-06,42,36,0
13093,2011-01-13,19,43,0
13093,2011-02-02,27,63,0
13093,2011-02-25,17,86,0
13093,2011-03-09,5,98,0
13094,2010-12-06,3,5,5
13094,2011-01-04,1,34,5
13094,2011-01-06,1,36,5
13094,2011-02-11,1,72,5
13094,2011-03-02,1,91,5
13094,2011-05-15,3,165,5
13094,2011-05-18,3,168,5
13094,2011-06-01,2,182,5
13094,2011-07-06,3,217,5
13094,2011-08-02,2,244,5
13094,2011-09-20,2,293,5
13094,2011-11-18,2,352,5
13095,2011-09-30,6,303,303
13097,2010-12-14,11,13,13
13097,2011-01-06,41,36,13
13097,2011-02-20,51,81,13
13097,2011-03-25,74,114,13
13097,2011-04-20,19,140,13
13097,2011-06-19,71,200,13
13097,2011-08-09,57,251,13
13097,2011-09-23,74,296,13
13097,2011-11-07,25,341,13
13098,2011-01-26,12,56,56
13098,2011-02-08,3,69,56
13098,2011-03-11,7,100,56
13098,2011-04-04,8,124,56
13098,2011-04-06,35,126,56
13098,2011-05-10,33,160,56
13098,2011-05-11,42,161,56
13098,2011-05-25,27,175,56
13098,2011-06-07,20,188,56
13098,2011-06-16,34,197,56
13098,2011-06-23,22,204,56
13098,2011-07-05,11,216,56
13098,2011-07-11,21,222,56
13098,2011-07-21,16,232,56
13098,2011-07-28,17,239,56
13098,2011-08-04,35,246,56
13098,2011-08-18,18,260,56
13098,2011-09-06,20,279,56
13098,2011-09-13,20,286,56
13098,2011-10-10,50,313,56
13098,2011-10-27,26,330,56
13098,2011-11-10,32,344,56
13098,2011-11-18,13,352,56
13098,2011-11-30,18,364,56
13098,2011-12-04,7,368,56
13098,2011-12-08,25,372,56
13099,2011-09-01,1,274,274
13101,2011-04-19,8,139,139
13102,2010-12-09,11,8,8
13102,2010-12-14,12,13,8
13102,2011-01-09,16,39,8
13102,2011-01-11,31,41,8
13102,2011-01-21,1,51,8
13102,2011-02-03,10,64,8
13102,2011-02-04,9,65,8
13102,2011-03-10,25,99,8
13102,2011-03-20,11,109,8
13102,2011-04-07,29,127,8
13102,2011-05-03,19,153,8
13102,2011-05-25,17,175,8
13102,2011-06-19,11,200,8
13102,2011-07-08,19,219,8
13102,2011-07-29,29,240,8
13102,2011-09-19,17,292,8
13102,2011-10-28,6,331,8
13102,2011-11-16,9,350,8
13102,2011-12-01,15,365,8
13102,2011-12-08,7,372,8
13103,2011-10-31,8,334,334
13104,2010-12-20,1,19,19
13104,2011-03-17,2,106,19
13104,2011-07-29,1,240,19
13104,2011-09-15,9,288,19
13104,2011-10-24,3,327,19
13104,2011-12-06,4,370,19
13106,2011-07-29,1,240,240
13107,2011-01-10,21,40,40
13107,2011-06-17,15,198,40
13107,2011-09-15,19,288,40
13107,2011-10-26,3,329,40
13108,2010-12-02,10,1,1
13109,2011-07-05,24,216,216
13109,2011-10-11,23,314,216
13110,2011-02-01,20,62,62
13110,2011-03-01,27,90,62
13110,2011-03-27,32,116,62
13110,2011-07-25,25,236,62
13110,2011-10-17,23,320,62
13110,2011-11-08,18,342,62
13113,2010-12-08,10,7,7
13113,2011-01-12,11,42,7
13113,2011-01-26,19,56,7
13113,2011-02-04,14,65,7
13113,2011-02-22,11,83,7
13113,2011-03-04,9,93,7
13113,2011-03-21,6,110,7
13113,2011-03-30,7,119,7
13113,2011-04-11,4,131,7
13113,2011-04-18,12,138,7
13113,2011-04-27,6,147,7
13113,2011-05-03,4,153,7
13113,2011-05-12,6,162,7
13113,2011-05-22,7,172,7
13113,2011-05-31,9,181,7
13113,2011-06-17,12,198,7
13113,2011-06-30,7,211,7
13113,2011-08-09,9,251,7
13113,2011-08-18,14,260,7
13113,2011-10-09,8,312,7
13113,2011-10-30,7,333,7
13113,2011-11-25,5,359,7
13113,2011-12-09,4,373,7
13115,2011-06-08,55,189,189
13115,2011-10-12,42,315,189
13115,2011-10-14,1,317,189
13115,2011-11-28,22,362,189
13116,2011-07-24,30,235,235
13117,2010-12-02,15,1,1
13117,2010-12-09,11,8,1
13117,2011-01-24,8,54,1
13117,2011-03-07,7,96,1
13117,2011-04-15,8,135,1
13117,2011-05-06,10,156,1
13117,2011-08-10,7,252,1
13117,2011-11-18,10,352,1
13118,2011-02-24,14,85,85
13118,2011-03-31,19,120,85
13118,2011-05-15,15,165,85
13118,2011-11-20,31,354,85
13120,2011-04-15,1,135,135
13121,2011-03-15,50,104,104
13122,2011-04-13,54,133,133
13122,2011-09-06,1,279,133
13124,2010-12-15,61,14,14
13124,2011-04-01,89,121,14
13124,2011-09-11,85,284,14
13126,2010-12-08,13,7,7
13126,2011-01-05,18,35,7
13126,2011-03-10,16,99,7
13126,2011-03-31,19,120,7
13126,2011-09-28,25,301,7
13126,2011-10-26,19,329,7
13126,2011-12-05,30,369,7
13127,2011-09-23,15,296,296
13130,2011-09-06,2,279,279
13131,2011-06-05,14,186,186
13131,2011-09-29,17,302,186
13131,2011-11-16,13,350,186
13132,2011-03-23,3,112,112
13133,2011-02-08,3,69,69
13133,2011-03-11,4,100,69
13134,2011-04-13,24,133,133
13134,2011-04-19,1,139,133
13134,2011-06-09,21,190,133
13134,2011-09-15,52,288,133
13135,2011-05-27,1,177,177
13136,2011-05-11,30,161,161
13136,2011-07-20,35,231,161
13136,2011-09-13,37,286,161
13136,2011-10-14,25,317,161
13137,2011-02-04,48,65,65
13137,2011-04-01,127,121,65
13137,2011-07-24,74,235,65
13137,2011-08-28,74,270,65
13137,2011-09-08,81,281,65
13137,2011-10-30,130,333,65
13137,2011-11-11,65,345,65
13137,2011-11-29,105,363,65
13138,2010-12-02,14,1,1
13138,2011-04-13,12,133,1
13138,2011-07-29,7,240,1
13138,2011-09-20,14,293,1
13138,2011-10-24,8,327,1
13138,2011-11-17,8,351,1
13139,2011-03-25,5,114,114
13139,2011-05-08,29,158,114
13139,2011-08-22,16,264,114
13139,2011-09-28,73,301,114
13139,2011-11-07,40,341,114
13139,2011-11-23,7,357,114
13140,2010-12-08,16,7,7
13140,2011-08-16,16,258,7
13140,2011-08-23,14,265,7
13141,2011-01-28,31,58,58
13141,2011-04-19,30,139,58
13141,2011-05-09,28,159,58
13141,2011-09-16,46,289,58
13142,2011-11-20,23,354,354
13144,2011-01-11,3,41,41
13145,2010-12-02,1,1,1
13145,2011-08-04,1,246,1
13145,2011-09-09,3,282,1
13145,2011-10-31,1,334,1
13146,2011-11-13,17,347,347
13147,2011-09-01,1,274,274
13147,2011-10-27,1,330,274
13147,2011-11-09,1,343,274
13147,2011-11-29,1,363,274
13148,2010-12-10,18,9,9
13148,2011-01-30,98,60,9
13148,2011-03-23,29,112,9
13148,2011-04-21,18,141,9
13148,2011-07-03,53,214,9
13148,2011-07-29,30,240,9
13148,2011-11-10,73,344,9
13149,2011-02-23,18,84,84
13149,2011-07-13,30,224,84
13149,2011-08-25,16,267,84
13149,2011-11-25,22,359,84
13151,2011-02-17,74,78,78
13153,2011-12-04,15,368,368
13155,2010-12-06,52,5,5
13155,2011-01-17,11,47,5
13155,2011-09-21,16,294,5
13155,2011-11-06,6,340,5
13157,2011-02-14,11,75,75
13157,2011-04-12,14,132,75
13157,2011-07-21,18,232,75
13157,2011-10-21,44,324,75
13158,2011-01-25,19,55,55
13158,2011-07-07,20,218,55
13158,2011-08-12,17,254,55
13158,2011-09-06,23,279,55
13159,2011-08-16,34,258,258
13159,2011-08-25,43,267,258
13159,2011-10-20,21,323,258
13159,2011-12-01,23,365,258
13160,2011-11-17,4,351,351
13161,2011-01-30,8,60,60
13162,2011-01-09,37,39,39
13162,2011-04-20,22,140,39
13162,2011-06-08,1,189,39
13162,2011-08-09,19,251,39
13165,2010-12-23,13,22,22
13165,2011-10-24,29,327,22
13166,2011-03-01,41,90,90
13167,2011-07-19,13,230,230
13167,2011-08-01,23,243,230
13167,2011-10-03,18,306,230
13167,2011-11-21,11,355,230
13168,2011-01-25,76,55,55
13168,2011-02-20,25,81,55
13168,2011-05-24,11,174,55
13168,2011-11-03,19,337,55
13169,2011-04-01,6,121,121
13169,2011-10-07,7,310,121
13170,2011-11-13,32,347,347
13171,2011-02-13,23,74,74
13171,2011-10-21,13,324,74
13171,2011-11-18,10,352,74
13173,2010-12-07,23,6,6
13173,2011-12-05,20,369,6
13174,2010-12-05,169,4,4
13174,2011-01-27,73,57,4
13174,2011-11-23,72,357,4
13176,2011-10-24,72,327,327
13177,2011-10-06,17,309,309
13178,2010-12-14,32,13,13
13178,2011-02-17,25,78,13
13178,2011-04-08,27,128,13
13178,2011-05-09,35,159,13
13178,2011-05-20,11,170,13
13178,2011-06-21,31,202,13
13178,2011-07-14,19,225,13
13178,2011-07-29,25,240,13
13178,2011-09-27,34,300,13
13178,2011-11-04,15,338,13
13178,2011-11-13,11,347,13
13182,2011-10-25,11,328,328
13183,2011-01-09,20,39,39
13183,2011-03-24,9,113,39
13183,2011-05-15,8,165,39
13183,2011-07-05,7,216,39
13183,2011-07-27,8,238,39
13183,2011-08-30,20,272,39
13183,2011-09-14,8,287,39
13183,2011-11-02,8,336,39
13183,2011-12-02,6,366,39
13184,2011-02-22,20,83,83
13184,2011-04-01,13,121,83
13184,2011-04-19,32,139,83
13184,2011-04-26,8,146,83
13184,2011-06-08,22,189,83
13184,2011-07-11,38,222,83
13184,2011-07-15,1,226,83
13184,2011-08-01,26,243,83
13184,2011-11-25,21,359,83
13185,2011-03-17,1,106,106
13186,2011-08-03,51,245,245
13186,2011-09-07,12,280,245
13186,2011-10-31,16,334,245
13187,2011-01-06,37,36,36
13188,2011-11-28,2,362,362
13189,2011-08-16,18,258,258
13189,2011-11-21,11,355,258
13192,2011-05-18,33,168,168
13192,2011-09-05,30,278,168
13193,2011-10-09,29,312,312
13194,2011-07-27,3,238,238
13196,2011-03-22,34,111,111
13196,2011-09-16,63,289,111
13196,2011-11-28,13,362,111
13198,2010-12-13,24,12,12
13198,2011-01-25,52,55,12
13198,2011-04-04,67,124,12
13198,2011-07-06,27,217,12
13198,2011-08-11,32,253,12
13198,2011-11-29,24,363,12
13199,2010-12-08,4,7,7
13199,2010-12-16,7,15,7
13199,2011-01-05,2,35,7
13199,2011-01-13,1,43,7
13199,2011-01-17,1,47,7
13199,2011-02-02,1,63,7
13199,2011-02-16,9,77,7
13199,2011-03-03,2,92,7
13199,2011-03-17,8,106,7
13199,2011-04-13,1,133,7
13199,2011-04-19,1,139,7
13199,2011-04-26,1,146,7
13199,2011-05-05,2,155,7
13199,2011-05-26,9,176,7
13199,2011-06-16,3,197,7
13199,2011-06-20,2,201,7
13199,2011-07-19,4,230,7
13199,2011-08-24,4,266,7
13199,2011-08-28,1,270,7
13199,2011-09-08,3,281,7
13199,2011-10-06,10,309,7
13199,2011-10-20,1,323,7
13199,2011-10-28,12,331,7
13199,2011-11-07,4,341,7
13199,2011-11-08,2,342,7
13199,2011-11-16,4,350,7
13199,2011-11-21,5,355,7
13199,2011-11-22,1,356,7
13199,2011-11-25,5,359,7
13199,2011-11-29,1,363,7
13199,2011-12-01,2,365,7
13199,2011-12-02,3,366,7
13199,2011-12-06,3,370,7
13200,2011-08-05,14,247,247
13200,2011-09-26,21,299,247
13200,2011-11-18,9,352,247
13200,2011-11-20,2,354,247
13203,2011-04-11,10,131,131
13203,2011-08-11,10,253,131
13203,2011-10-31,25,334,131
13203,2011-11-30,12,364,131
13207,2011-07-12,5,223,223
13207,2011-11-24,3,358,223
13208,2011-02-03,26,64,64
13208,2011-04-13,35,133,64
13208,2011-05-17,33,167,64
13208,2011-07-07,18,218,64
13208,2011-10-11,36,314,64
13208,2011-10-12,1,315,64
13209,2010-12-13,13,12,12
13209,2011-01-17,6,47,12
13209,2011-04-26,127,146,12
13209,2011-07-19,53,230,12
13209,2011-08-03,39,245,12
13209,2011-11-09,83,343,12
13210,2011-09-07,22,280,280
13211,2010-12-13,2,12,12
13211,2011-09-05,44,278,12
13211,2011-11-29,10,363,12
13212,2011-10-09,56,312,312
13212,2011-11-20,86,354,312
13213,2011-05-24,23,174,174
13213,2011-06-09,10,190,174
13213,2011-08-03,18,245,174
13213,2011-10-14,39,317,174
13216,2011-03-17,5,106,106
13217,2011-07-06,1,217,217
13217,2011-07-31,2,242,217
13217,2011-08-09,1,251,217
13218,2011-08-04,5,246,246
13220,2011-04-17,1,137,137
13220,2011-05-04,15,154,137
13220,2011-06-07,1,188,137
13220,2011-09-22,4,295,137
13221,2010-12-15,35,14,14
13221,2011-04-13,31,133,14
13223,2011-04-21,1,141,141
13223,2011-05-23,4,173,141
13224,2011-07-11,42,222,222
13224,2011-10-10,66,313,222
13225,2010-12-13,4,12,12
13225,2011-01-05,8,35,12
13225,2011-03-14,4,103,12
13225,2011-05-27,3,177,12
13225,2011-07-19,2,230,12
13225,2011-10-10,4,313,12
13225,2011-12-06,7,370,12
13226,2011-03-11,16,100,100
13227,2011-05-22,9,172,172
13228,2011-09-19,2,292,292
13229,2011-04-28,10,148,148
13230,2010-12-09,13,8,8
13230,2011-01-23,49,53,8
13230,2011-02-03,23,64,8
13230,2011-02-17,31,78,8
13230,2011-03-02,80,91,8
13230,2011-04-07,53,127,8
13230,2011-04-14,23,134,8
13230,2011-04-26,79,146,8
13230,2011-05-22,13,172,8
13230,2011-07-10,67,221,8
13230,2011-07-24,26,235,8
13230,2011-11-10,39,344,8
13230,2011-12-05,115,369,8
13232,2011-04-10,14,130,130
13232,2011-05-15,60,165,130
13232,2011-05-27,40,177,130
13232,2011-06-12,18,193,130
13232,2011-09-02,37,275,130
13232,2011-11-13,21,347,130
13232,2011-11-27,17,361,130
13233,2011-01-07,17,37,37
13233,2011-09-26,26,299,37
13235,2011-05-11,58,161,161
13236,2011-08-25,21,267,267
13236,2011-11-15,15,349,267
13238,2010-12-14,5,13,13
13238,2011-06-29,11,210,13
13238,2011-11-16,14,350,13
13238,2011-11-22,1,356,13
13239,2011-03-23,22,112,112
13240,2010-12-09,21,8,8
13240,2011-03-27,23,116,8
13240,2011-06-19,8,200,8
13240,2011-09-04,15,277,8
13242,2011-05-10,5,160,160
13242,2011-08-19,8,261,160
13243,2011-05-20,58,170,170
13244,2011-09-08,27,281,281
13245,2011-10-20,16,323,323
13246,2011-01-13,36,43,43
13246,2011-01-17,4,47,43
13246,2011-02-20,24,81,43
13246,2011-05-17,36,167,43
13246,2011-06-16,15,197,43
13246,2011-11-21,26,355,43
13247,2011-09-18,14,291,291
13247,2011-10-19,6,322,291
13247,2011-11-17,4,351,291
13247,2011-11-22,1,356,291
13248,2011-06-03,21,184,184
13248,2011-08-07,5,249,184
13249,2011-03-23,2,112,112
13249,2011-09-07,19,280,112
13249,2011-09-08,2,281,112
13253,2011-01-04,16,34,34
13253,2011-07-06,20,217,34
13255,2010-12-01,6,0,0
13255,2011-11-30,7,364,0
13256,2011-11-25,1,359,359
13258,2011-05-18,15,168,168
13258,2011-11-16,19,350,168
13258,2011-11-28,4,362,168
13259,2011-10-09,87,312,312
13260,2011-10-09,8,312,312
13261,2011-02-27,8,88,88
13261,2011-03-16,1,105,88
13262,2011-03-21,11,110,110
13263,2011-01-18,39,48,48
13263,2011-03-06,110,95,48
13263,2011-03-14,82,103,48
13263,2011-03-24,73,113,48
13263,2011-03-29,52,118,48
13263,2011-04-04,67,124,48
13263,2011-04-19,47,139,48
13263,2011-04-21,30,141,48
13263,2011-04-26,61,146,48
13263,2011-05-03,57,153,48
13263,2011-05-12,60,162,48
13263,2011-05-18,40,168,48
13263,2011-05-25,51,175,48
13263,2011-06-01,36,182,48
13263,2011-06-16,72,197,48
13263,2011-06-29,48,210,48
13263,2011-07-06,26,217,48
13263,2011-07-13,55,224,48
13263,2011-08-04,46,246,48
13263,2011-08-11,35,253,48
13263,2011-08-23,73,265,48
13263,2011-09-13,64,286,48
13263,2011-09-30,69,303,48
13263,2011-10-04,21,307,48
13263,2011-10-11,57,314,48
13263,2011-10-19,1,322,48
13263,2011-10-20,39,323,48
13263,2011-10-25,50,328,48
13263,2011-10-27,37,330,48
13263,2011-11-23,60,357,48
13263,2011-11-28,44,362,48
13263,2011-12-01,27,365,48
13263,2011-12-08,48,372,48
13265,2011-03-11,13,100,100
13265,2011-04-08,28,128,100
13265,2011-06-09,21,190,100
13265,2011-09-12,13,285,100
13265,2011-10-17,16,320,100
13266,2011-03-28,19,117,117
13266,2011-04-06,11,126,117
13266,2011-04-19,19,139,117
13266,2011-05-05,16,155,117
13266,2011-05-20,12,170,117
13266,2011-06-07,9,188,117
13266,2011-07-04,16,215,117
13266,2011-08-19,15,261,117
13266,2011-09-25,17,298,117
13266,2011-10-27,20,330,117
13266,2011-11-10,18,344,117
13266,2011-11-28,15,362,117
13267,2010-12-08,15,7,7
13267,2010-12-14,10,13,7
13267,2011-01-12,16,42,7
13267,2011-03-09,16,98,7
13267,2011-03-23,14,112,7
13267,2011-04-21,14,141,7
13267,2011-05-24,17,174,7
13267,2011-07-04,16,215,7
13267,2011-08-21,14,263,7
13267,2011-09-08,16,281,7
13267,2011-11-03,20,337,7
13267,2011-11-10,16,344,7
13267,2011-11-22,12,356,7
13267,2011-12-07,15,371,7
13268,2011-03-17,96,106,106
13268,2011-03-30,56,119,106
13268,2011-04-12,24,132,106
13268,2011-05-04,40,154,106
13268,2011-05-25,40,175,106
13268,2011-06-23,44,204,106
13268,2011-09-16,43,289,106
13268,2011-11-01,57,335,106
13268,2011-11-14,2,348,106
13268,2011-11-22,38,356,106
13269,2010-12-05,12,4,4
13269,2010-12-13,16,12,4
13269,2011-04-03,95,123,4
13269,2011-04-20,21,140,4
13269,2011-05-05,16,155,4
13269,2011-06-13,19,194,4
13269,2011-07-12,15,223,4
13269,2011-08-22,15,264,4
13269,2011-09-12,17,285,4
13269,2011-10-04,27,307,4
13269,2011-11-18,30,352,4
13269,2011-11-28,21,362,4
13269,2011-12-08,12,372,4
13270,2010-12-08,1,7,7
13271,2011-11-02,96,336,336
13272,2011-09-11,8,284,284
13272,2011-11-08,7,342,284
13273,2011-08-18,16,260,260
13276,2011-09-01,7,274,274
13276,2011-10-07,23,310,274
13277,2011-07-29,2,240,240
13277,2011-08-15,2,257,240
13277,2011-11-14,1,348,240
13277,2011-11-24,3,358,240
13278,2011-10-30,46,333,333
13279,2011-09-22,9,295,295
13280,2011-01-06,37,36,36
13280,2011-01-27,41,57,36
13280,2011-08-09,7,251,36
13282,2011-05-03,14,153,153
13282,2011-06-30,8,211,153
13282,2011-11-21,15,355,153
13283,2011-06-07,2,188,188
13283,2011-10-11,5,314,188
13284,2011-01-13,13,43,43
13285,2011-02-22,52,83,83
13285,2011-04-27,30,147,83
13285,2011-07-01,55,212,83
13285,2011-11-16,50,350,83
13291,2011-07-07,42,218,218
13292,2011-02-28,14,89,89
13292,2011-11-01,17,335,89
13294,2011-04-04,32,124,124
13294,2011-06-03,22,184,124
13295,2010-12-15,10,14,14
13296,2011-07-25,5,236,236
13297,2011-10-03,38,306,306
13297,2011-11-16,11,350,306
13297,2011-12-02,10,366,306
13298,2011-12-08,2,372,372
13299,2011-03-16,5,105,105
13300,2011-06-23,20,204,204
13301,2011-02-20,20,81,81
13301,2011-05-01,21,151,81
13301,2011-07-04,24,215,81
13301,2011-08-28,16,270,81
13302,2011-07-07,1,218,218
13304,2010-12-23,21,22,22
13305,2010-12-02,5,1,1
13305,2011-02-17,6,78,1
13305,2011-03-11,5,100,1
13305,2011-04-08,9,128,1
13305,2011-07-17,9,228,1
13305,2011-08-16,8,258,1
13305,2011-09-01,3,274,1
13305,2011-09-08,13,281,1
13305,2011-11-18,14,352,1
13305,2011-12-05,9,369,1
13307,2011-08-11,1,253,253
13308,2011-05-20,26,170,170
13308,2011-10-18,11,321,170
13308,2011-11-17,17,351,170
13309,2011-02-04,34,65,65
13309,2011-05-17,13,167,65
13309,2011-09-12,25,285,65
13309,2011-10-25,19,328,65
13309,2011-12-02,16,366,65
13310,2011-01-19,27,49,49
13310,2011-05-17,25,167,49
13310,2011-11-11,20,345,49
13311,2011-07-12,24,223,223
13311,2011-12-05,2,369,223
13313,2011-01-04,17,34,34
13313,2011-05-08,14,158,34
13313,2011-07-21,16,232,34
13313,2011-11-04,17,338,34
13313,2011-11-17,14,351,34
13314,2011-09-27,40,300,300
13314,2011-10-07,7,310,300
13314,2011-12-08,15,372,300
13316,2011-03-30,11,119,119
13316,2011-07-31,38,242,119
13316,2011-09-21,21,294,119
13316,2011-11-02,17,336,119
13317,2010-12-16,14,15,15
13317,2011-04-14,23,134,15
13317,2011-05-25,31,175,15
13317,2011-10-04,56,307,15
13318,2011-11-02,13,336,336
13318,2011-12-04,3,368,336
13318,2011-12-08,4,372,336
13319,2010-12-09,32,8,8
13319,2010-12-20,33,19,8
13319,2011-01-04,28,34,8
13319,2011-02-09,38,70,8
13319,2011-03-14,22,103,8
13319,2011-04-04,27,124,8
13319,2011-05-16,31,166,8
13319,2011-06-06,24,187,8
13319,2011-06-23,29,204,8
13319,2011-07-14,29,225,8
13319,2011-07-28,21,239,8
13319,2011-08-18,17,260,8
13319,2011-09-09,27,282,8
13319,2011-10-04,44,307,8
13319,2011-11-10,53,344,8
13319,2011-11-22,12,356,8
13319,2011-12-04,9,368,8
13320,2011-05-10,36,160,160
13320,2011-08-25,34,267,160
13320,2011-09-22,36,295,160
13321,2011-09-14,9,287,287
13321,2011-09-28,2,301,287
13322,2011-11-22,25,356,356
13323,2011-09-16,5,289,289
13323,2011-11-07,3,341,289
13323,2011-11-18,4,352,289
13323,2011-12-01,5,365,289
13323,2011-12-06,4,370,289
13324,2010-12-14,5,13,13
13324,2011-01-31,5,61,13
13324,2011-04-11,15,131,13
13324,2011-05-20,14,170,13
13324,2011-09-11,27,284,13
13324,2011-11-03,9,337,13
13325,2011-09-19,12,292,292
13327,2010-12-09,21,8,8
13327,2011-02-17,5,78,8
13327,2011-03-25,21,114,8
13327,2011-06-07,18,188,8
13327,2011-07-18,15,229,8
13327,2011-08-19,7,261,8
13327,2011-11-01,21,335,8
13328,2011-01-27,17,57,57
13329,2010-12-08,7,7,7
13329,2011-11-08,10,342,7
13330,2011-01-28,13,58,58
13330,2011-06-07,14,188,58
13330,2011-09-08,26,281,58
13332,2011-11-25,21,359,359
13334,2011-02-07,131,68,68
13334,2011-06-02,84,183,68
13334,2011-09-18,53,291,68
13336,2011-09-23,51,296,296
13338,2011-07-05,19,216,216
13339,2011-05-23,54,173,173
13340,2011-03-08,51,97,97
13340,2011-07-17,25,228,97
13340,2011-07-28,29,239,97
13340,2011-08-26,7,268,97
13340,2011-10-25,22,328,97
13341,2011-03-24,42,113,113
13343,2011-06-15,19,196,196
13344,2011-03-07,68,96,96
13344,2011-10-03,51,306,96
13345,2011-02-25,20,86,86
13347,2011-09-30,8,303,303
13348,2011-10-06,14,309,309
13349,2011-11-29,16,363,363
13350,2011-09-21,32,294,294
13350,2011-11-23,8,357,294
13351,2011-10-04,16,307,307
13352,2011-10-10,24,313,313
13354,2011-09-29,51,302,302
13355,2011-08-09,32,251,251
13356,2011-09-20,42,293,293
13357,2011-03-27,90,116,116
13358,2011-03-16,29,105,105
13359,2011-10-07,23,310,310
13362,2011-02-25,52,86,86
13362,2011-04-08,41,128,86
13362,2011-10-18,39,321,86
13362,2011-11-30,34,364,86
13363,2011-10-27,39,330,330
13363,2011-11-22,21,356,330
13364,2011-09-29,10,302,302
13365,2011-05-06,39,156,156
13365,2011-11-06,89,340,156
13366,2011-10-20,1,323,323
13368,2011-01-06,1,36,36
13368,2011-03-28,28,117,36
13369,2010-12-09,14,8,8
13370,2010-12-03,39,2,2
13372,2011-09-11,23,284,284
13373,2011-03-08,50,97,97
13373,2011-07-04,56,215,97
13373,2011-10-10,52,313,97
13375,2011-09-12,37,285,285
13376,2011-04-19,21,139,139
13376,2011-05-20,18,170,139
13376,2011-09-01,14,274,139
13379,2011-07-26,13,237,237
13379,2011-10-02,45,305,237
13379,2011-11-13,39,347,237
13381,2011-02-14,24,75,75
13381,2011-05-16,27,166,75
13381,2011-07-15,34,226,75
13381,2011-08-18,31,260,75
13381,2011-09-11,23,284,75
13381,2011-11-08,33,342,75
13382,2011-03-04,15,93,93
13384,2011-06-14,54,195,195
13384,2011-08-03,20,245,195
13384,2011-09-13,28,286,195
13384,2011-09-27,14,300,195
13384,2011-10-25,13,328,195
13384,2011-11-09,23,343,195
13385,2011-01-14,35,44,44
13388,2011-07-31,35,242,242
13389,2011-04-21,18,141,141
13389,2011-09-26,20,299,141
13389,2011-11-28,13,362,141
13390,2011-09-26,13,299,299
13391,2011-05-20,1,170,170
13394,2011-02-03,16,64,64
13394,2011-03-17,21,106,64
13394,2011-05-09,19,159,64
13394,2011-07-11,19,222,64
13394,2011-08-16,20,258,64
13394,2011-09-22,23,295,64
13394,2011-10-17,25,320,64
13394,2011-12-08,12,372,64
13395,2011-06-07,21,188,188
13396,2011-01-24,15,54,54
13396,2011-11-10,28,344,54
13397,2011-01-04,8,34,34
13397,2011-02-18,7,79,34
13397,2011-06-09,12,190,34
13397,2011-08-21,2,263,34
13397,2011-09-28,9,301,34
13398,2011-05-31,26,181,181
13402,2010-12-02,17,1,1
13402,2011-08-04,22,246,1
13403,2011-11-22,3,356,356
13404,2011-05-11,9,161,161
13404,2011-12-08,2,372,161
13405,2011-01-26,6,56,56
13405,2011-05-19,19,169,56
13405,2011-09-26,2,299,56
13408,2010-12-01,11,0,0
13408,2010-12-03,3,2,0
13408,2010-12-13,9,12,0
13408,2010-12-16,15,15,0
13408,2011-01-06,6,36,0
13408,2011-01-24,20,54,0
13408,2011-01-31,10,61,0
13408,2011-02-15,12,76,0
13408,2011-03-07,15,96,0
13408,2011-03-23,19,112,0
13408,2011-03-27,13,116,0
13408,2011-04-03,4,123,0
13408,2011-04-13,13,133,0
13408,2011-04-26,6,146,0
13408,2011-04-28,11,148,0
13408,2011-05-16,24,166,0
13408,2011-06-02,7,183,0
13408,2011-06-14,13,195,0
13408,2011-06-26,21,207,0
13408,2011-07-05,8,216,0
13408,2011-07-12,7,223,0
13408,2011-07-24,24,235,0
13408,2011-08-03,18,245,0
13408,2011-08-11,5,253,0
13408,2011-08-22,9,264,0
13408,2011-08-25,7,267,0
13408,2011-09-01,6,274,0
13408,2011-09-11,10,284,0
13408,2011-09-14,12,287,0
13408,2011-09-25,19,298,0
13408,2011-10-04,15,307,0
13408,2011-10-26,22,329,0
13408,2011-11-03,13,337,0
13408,2011-11-09,8,343,0
13408,2011-11-16,11,350,0
13408,2011-11-22,7,356,0
13408,2011-11-23,6,357,0
13408,2011-11-28,12,362,0
13408,2011-12-01,15,365,0
13408,2011-12-06,4,370,0
13408,2011-12-08,8,372,0
13410,2011-02-21,8,82,82
13410,2011-03-21,5,110,82
13410,2011-06-05,2,186,82
13410,2011-09-26,8,299,82
13410,2011-11-15,5,349,82
13411,2011-08-24,18,266,266
13414,2011-02-16,1,77,77
13414,2011-07-05,3,216,77
13414,2011-07-29,20,240,77
13416,2011-09-19,11,292,292
13416,2011-10-27,8,330,292
13417,2011-05-18,10,168,168
13417,2011-12-05,18,369,168
13418,2010-12-02,23,1,1
13418,2010-12-10,10,9,1
13418,2010-12-15,16,14,1
13418,2011-04-01,29,121,1
13418,2011-05-11,35,161,1
13418,2011-05-19,46,169,1
13418,2011-06-28,18,209,1
13418,2011-07-06,29,217,1
13418,2011-08-07,15,249,1
13418,2011-09-02,29,275,1
13418,2011-09-16,23,289,1
13418,2011-10-10,16,313,1
13418,2011-11-28,15,362,1
13419,2011-10-07,16,310,310
13420,2011-06-22,4,203,203
13420,2011-07-13,4,224,203
13421,2011-02-22,64,83,83
13421,2011-10-30,40,333,83
13422,2011-10-06,127,309,309
13425,2011-02-18,27,79,79
13425,2011-06-24,27,205,79
13425,2011-08-23,24,265,79
13426,2010-12-15,9,14,14
13426,2011-01-07,23,37,14
13426,2011-03-30,22,119,14
13426,2011-04-15,11,135,14
13426,2011-06-10,18,191,14
13426,2011-09-11,11,284,14
13426,2011-10-06,18,309,14
13426,2011-11-13,28,347,14
13426,2011-11-29,7,363,14
13426,2011-12-09,10,373,14
13427,2011-05-08,9,158,158
13427,2011-08-11,14,253,158
13427,2011-11-20,6,354,158
13428,2011-11-29,74,363,363
13429,2011-09-25,24,298,298
13429,2011-10-10,12,313,298
13429,2011-10-21,12,324,298
13429,2011-11-29,19,363,298
13430,2011-09-14,29,287,287
13430,2011-11-21,20,355,287
13431,2011-09-12,36,285,285
13431,2011-10-03,10,306,285
13434,2011-09-04,5,277,277
13434,2011-09-26,5,299,277
13435,2011-06-03,21,184,184
13435,2011-08-05,9,247,184
13435,2011-08-21,7,263,184
13435,2011-09-25,17,298,184
13435,2011-10-26,14,329,184
13435,2011-11-15,19,349,184
13435,2011-12-04,14,368,184
13436,2011-12-08,12,372,372
13437,2011-06-02,80,183,183
13437,2011-06-23,13,204,183
13437,2011-08-02,19,244,183
13437,2011-09-01,8,274,183
13437,2011-11-08,24,342,183
13437,2011-11-15,10,349,183
13437,2011-11-25,13,359,183
13439,2011-03-29,54,118,118
13441,2011-09-09,13,282,282
13447,2011-11-04,16,338,338
13447,2011-11-06,22,340,338
13447,2011-11-16,21,350,338
13448,2010-12-01,18,0,0
13448,2010-12-10,16,9,0
13448,2011-05-05,37,155,0
13448,2011-09-20,91,293,0
13448,2011-11-23,33,357,0
13449,2011-11-16,19,350,350
13450,2011-05-05,8,155,155
13450,2011-05-19,13,169,155
13450,2011-07-01,14,212,155
13450,2011-08-07,8,249,155
13450,2011-09-11,19,284,155
13450,2011-11-13,9,347,155
13451,2011-01-09,48,39,39
13451,2011-03-15,108,104,39
13451,2011-05-12,96,162,39
13451,2011-08-05,121,247,39
13451,2011-11-13,70,347,39
13452,2011-03-14,1,103,103
13452,2011-03-25,1,114,103
13453,2011-02-23,8,84,84
13453,2011-06-27,9,208,84
13455,2010-12-08,30,7,7
13455,2011-11-15,16,349,7
13456,2011-05-16,13,166,166
13456,2011-06-17,7,198,166
13456,2011-07-07,3,218,166
13456,2011-10-07,23,310,166
13456,2011-11-18,7,352,166
13456,2011-11-22,10,356,166
13458,2010-12-15,30,14,14
13458,2011-01-06,53,36,14
13458,2011-02-07,39,68,14
13458,2011-02-25,21,86,14
13458,2011-04-12,37,132,14
13458,2011-05-09,21,159,14
13458,2011-06-03,25,184,14
13458,2011-06-23,13,204,14
13458,2011-07-27,39,238,14
13458,2011-09-01,14,274,14
13458,2011-10-05,21,308,14
13458,2011-10-27,26,330,14
13458,2011-11-16,18,350,14
13458,2011-12-02,25,366,14
13460,2011-10-21,11,324,324
13460,2011-11-10,6,344,324
13461,2011-06-29,12,210,210
13461,2011-07-24,5,235,210
13461,2011-11-01,10,335,210
13462,2011-04-01,9,121,121
13464,2011-10-12,41,315,315
13466,2011-06-08,17,189,189
13467,2011-11-03,79,337,337
13467,2011-11-29,20,363,337
13468,2010-12-01,20,0,0
13468,2010-12-06,14,5,0
13468,2010-12-16,19,15,0
13468,2011-01-11,7,41,0
13468,2011-01-25,10,55,0
13468,2011-02-02,9,63,0
13468,2011-02-10,8,71,0
13468,2011-02-24,6,85,0
13468,2011-03-08,7,97,0
13468,2011-03-10,16,99,0
13468,2011-03-18,7,107,0
13468,2011-03-25,7,114,0
13468,2011-03-31,5,120,0
13468,2011-04-01,8,121,0
13468,2011-04-05,12,125,0
13468,2011-04-15,9,135,0
13468,2011-04-27,8,147,0
13468,2011-05-08,5,158,0
13468,2011-05-19,5,169,0
13468,2011-05-22,5,172,0
13468,2011-06-13,6,194,0
13468,2011-07-06,7,217,0
13468,2011-07-17,9,228,0
13468,2011-07-28,5,239,0
13468,2011-08-10,6,252,0
13468,2011-08-24,7,266,0
13468,2011-09-05,8,278,0
13468,2011-09-08,8,281,0
13468,2011-09-26,7,299,0
13468,2011-10-05,6,308,0
13468,2011-10-12,7,315,0
13468,2011-11-01,5,335,0
13468,2011-11-10,7,344,0
13468,2011-11-21,9,355,0
13468,2011-12-02,9,366,0
13468,2011-12-08,9,372,0
13470,2011-08-16,7,258,258
13470,2011-09-01,3,274,258
13471,2011-10-23,83,326,326
13471,2011-11-18,34,352,326
13471,2011-12-04,139,368,326
13471,2011-12-08,4,372,326
13473,2011-01-11,12,41,41
13473,2011-10-10,9,313,41
13474,2011-04-17,64,137,137
13475,2011-02-14,23,75,75
13475,2011-03-23,32,112,75
13475,2011-05-06,24,156,75
13475,2011-06-01,7,182,75
13476,2011-03-03,29,92,92
13476,2011-06-14,29,195,92
13477,2011-02-21,12,82,82
13477,2011-05-12,15,162,82
13477,2011-06-22,14,203,82
13477,2011-07-24,8,235,82
13477,2011-10-13,26,316,82
13477,2011-11-02,4,336,82
13479,2011-04-19,8,139,139
13479,2011-05-23,7,173,139
13481,2011-03-28,43,117,117
13481,2011-05-31,17,181,117
13481,2011-08-23,22,265,117
13481,2011-10-25,27,328,117
13482,2011-04-21,11,141,141
13483,2011-10-05,10,308,308
13484,2011-04-12,8,132,132
13485,2011-04-20,23,140,140
13486,2011-07-07,15,218,218
13486,2011-08-03,37,245,218
13486,2011-09-22,17,295,218
13487,2010-12-21,11,20,20
13487,2011-05-10,13,160,20
13487,2011-10-13,10,316,20
13488,2010-12-07,45,6,6
13488,2011-01-12,71,42,6
13488,2011-02-04,32,65,6
13488,2011-03-24,31,113,6
13488,2011-05-17,44,167,6
13488,2011-05-27,24,177,6
13488,2011-07-18,29,229,6
13488,2011-08-11,30,253,6
13488,2011-09-13,19,286,6
13488,2011-09-28,15,301,6
13488,2011-10-27,54,330,6
13488,2011-11-22,28,356,6
13489,2011-02-18,6,79,79
13489,2011-02-23,1,84,79
13489,2011-07-05,4,216,79
13489,2011-08-26,3,268,79
13491,2010-12-02,7,1,1
13491,2010-12-15,5,14,1
13491,2011-01-11,10,41,1
13491,2011-01-26,12,56,1
13491,2011-02-02,8,63,1
13491,2011-03-04,13,93,1
13491,2011-03-21,6,110,1
13491,2011-04-06,11,126,1
13491,2011-07-15,6,226,1
13491,2011-10-19,8,322,1
13492,2011-05-09,15,159,159
13492,2011-07-01,13,212,159
13492,2011-07-26,22,237,159
13493,2011-02-25,4,86,86
13493,2011-03-09,4,98,86
13494,2011-02-01,18,62,62
13495,2010-12-06,14,5,5
13495,2010-12-15,8,14,5
13495,2011-04-21,6,141,5
13495,2011-11-04,15,338,5
13495,2011-12-02,5,366,5
13496,2010-12-15,26,14,14
13496,2011-11-29,9,363,14
13497,2010-12-06,9,5,5
13497,2011-03-02,10,91,5
13499,2011-03-15,9,104,104
13499,2011-04-28,12,148,104
13499,2011-09-27,7,300,104
13499,2011-11-10,8,344,104
13499,2011-11-22,6,356,104
13500,2011-08-09,20,251,251
13500,2011-11-03,18,337,251
13500,2011-11-16,27,350,251
13501,2011-02-24,52,85,85
13502,2011-01-20,4,50,50
13502,2011-03-10,5,99,50
13502,2011-11-23,9,357,50
13503,2011-09-29,17,302,302
13504,2011-10-06,22,309,309
13505,2011-04-21,54,141,141
13505,2011-05-31,42,181,141
13505,2011-06-26,27,207,141
13505,2011-09-28,92,301,141
13506,2010-12-05,17,4,4
13506,2011-01-27,9,57,4
13507,2011-07-17,82,228,228
13507,2011-08-24,26,266,228
13507,2011-09-02,20,275,228
13507,2011-12-06,34,370,228
13508,2011-04-10,12,130,130
13509,2011-02-28,12,89,89
13509,2011-03-11,1,100,89
13509,2011-03-30,15,119,89
13509,2011-07-13,1,224,89
13509,2011-09-01,2,274,89
13509,2011-10-18,8,321,89
13509,2011-12-01,5,365,89
13510,2011-06-09,38,190,190
13510,2011-09-05,23,278,190
13510,2011-10-25,33,328,190
13510,2011-12-08,21,372,190
13512,2011-03-24,15,113,113
13513,2011-08-05,10,247,247
13514,2011-09-27,4,300,300
13515,2011-04-06,13,126,126
13515,2011-07-14,9,225,126
13515,2011-08-14,13,256,126
13515,2011-09-28,24,301,126
13516,2011-04-15,7,135,135
13516,2011-09-28,31,301,135
13516,2011-11-18,6,352,135
13517,2011-06-13,76,194,194
13517,2011-08-25,32,267,194
13517,2011-10-11,33,314,194
13518,2011-09-15,38,288,288
13519,2011-09-22,8,295,295
13520,2010-12-03,6,2,2
13520,2011-01-19,25,49,2
13520,2011-03-25,13,114,2
13520,2011-06-08,16,189,2
13520,2011-07-25,12,236,2
13520,2011-10-12,21,315,2
13521,2011-11-29,126,363,363
13521,2011-12-04,127,368,363
13521,2011-12-08,183,372,363
13522,2011-11-09,5,343,343
13523,2010-12-08,30,7,7
13523,2011-05-24,72,174,7
13523,2011-10-24,23,327,7
13523,2011-11-06,47,340,7
13524,2011-05-04,9,154,154
13524,2011-06-19,3,200,154
13524,2011-08-30,6,272,154
13524,2011-09-19,2,292,154
13524,2011-10-30,7,333,154
13525,2011-04-05,2,125,125
13525,2011-11-25,4,359,125
13527,2011-01-17,5,47,47
13527,2011-05-22,41,172,47
13527,2011-08-14,52,256,47
13527,2011-08-26,32,268,47
13527,2011-09-11,49,284,47
13527,2011-11-06,44,340,47
13529,2011-05-19,7,169,169
13529,2011-09-22,8,295,169
13531,2010-12-08,15,7,7
13531,2011-05-18,7,168,7
13532,2011-11-06,66,340,340
13533,2011-03-17,43,106,106
13533,2011-06-10,33,191,106
13534,2010-12-16,11,15,15
13534,2011-01-07,11,37,15
13534,2011-01-26,19,56,15
13534,2011-01-27,2,57,15
13534,2011-02-08,11,69,15
13534,2011-03-23,32,112,15
13534,2011-04-13,8,133,15
13534,2011-04-21,20,141,15
13534,2011-05-13,17,163,15
13534,2011-05-24,18,174,15
13534,2011-06-06,17,187,15
13534,2011-07-01,15,212,15
13534,2011-07-28,18,239,15
13534,2011-07-29,19,240,15
13534,2011-08-24,16,266,15
13534,2011-10-17,37,320,15
13534,2011-11-07,11,341,15
13534,2011-12-07,14,371,15
13536,2011-09-25,25,298,298
13536,2011-10-18,16,321,298
13536,2011-11-13,40,347,298
13536,2011-11-20,23,354,298
13536,2011-11-30,28,364,298
13536,2011-12-04,38,368,298
13536,2011-12-08,9,372,298
13538,2011-01-28,3,58,58
13538,2011-03-10,5,99,58
13538,2011-06-09,2,190,58
13538,2011-07-14,3,225,58
13538,2011-08-11,5,253,58
13538,2011-09-06,2,279,58
13538,2011-10-27,5,330,58
13539,2011-02-03,11,64,64
13539,2011-04-13,10,133,64
13539,2011-09-15,16,288,64
13544,2011-04-13,49,133,133
13544,2011-10-31,38,334,133
13546,2011-05-23,27,173,173
13546,2011-10-17,33,320,173
13546,2011-11-27,38,361,173
13548,2011-04-10,61,130,130
13548,2011-09-04,63,277,130
13549,2011-04-11,10,131,131
13549,2011-05-22,11,172,131
13549,2011-05-31,7,181,131
13549,2011-07-12,8,223,131
13549,2011-07-20,7,231,131
13549,2011-10-06,4,309,131
13549,2011-11-14,4,348,131
13551,2011-01-24,4,54,54
13552,2011-01-28,8,58,58
13552,2011-03-28,14,117,58
13552,2011-05-18,25,168,58
13552,2011-06-13,14,194,58
13552,2011-08-05,14,247,58
13552,2011-08-08,1,250,58
13552,2011-09-14,18,287,58
13552,2011-10-04,15,307,58
13555,2011-05-22,55,172,172
13555,2011-09-27,81,300,172
13557,2011-03-04,16,93,93
13557,2011-11-11,18,345,93
13558,2011-10-02,59,305,305
13558,2011-10-09,32,312,305
13558,2011-11-16,48,350,305
13558,2011-12-04,36,368,305
13560,2011-12-02,33,366,366
13561,2011-05-08,14,158,158
13562,2011-04-08,24,128,128
13562,2011-07-21,29,232,128
13562,2011-09-19,29,292,128
13563,2011-07-22,39,233,233
13563,2011-09-16,10,289,233
13564,2010-12-06,41,5,5
13564,2010-12-20,41,19,5
13564,2011-07-18,1,229,5
13565,2011-01-09,13,39,39
13565,2011-11-20,25,354,39
13566,2011-09-18,113,291,291
13566,2011-10-30,63,333,291
13568,2011-06-19,44,200,200
13569,2010-12-07,24,6,6
13569,2011-11-22,61,356,6
13570,2011-04-10,27,130,130
13571,2011-03-31,27,120,120
13571,2011-04-27,16,147,120
13571,2011-05-31,15,181,120
13571,2011-06-08,20,189,120
13571,2011-07-20,23,231,120
13571,2011-08-04,31,246,120
13571,2011-09-08,46,281,120
13571,2011-10-02,35,305,120
13571,2011-10-26,31,329,120
13571,2011-11-01,38,335,120
13571,2011-11-13,28,347,120
13571,2011-11-27,31,361,120
13572,2011-05-18,33,168,168
13573,2011-03-31,3,120,120
13573,2011-10-20,23,323,120
13575,2011-06-16,5,197,197
13575,2011-07-29,8,240,197
13575,2011-09-30,16,303,197
13575,2011-10-12,10,315,197
13575,2011-11-16,7,350,197
13576,2010-12-01,11,0,0
13576,2011-01-06,16,36,0
13576,2011-02-02,4,63,0
13576,2011-02-22,2,83,0
13576,2011-03-23,7,112,0
13576,2011-04-20,3,140,0
13576,2011-05-04,4,154,0
13576,2011-06-05,5,186,0
13576,2011-06-16,4,197,0
13576,2011-07-01,3,212,0
13576,2011-07-24,3,235,0
13576,2011-08-18,3,260,0
13576,2011-09-04,5,277,0
13576,2011-09-29,8,302,0
13576,2011-10-19,19,322,0
13576,2011-11-10,10,344,0
13576,2011-11-23,11,357,0
13576,2011-11-29,8,363,0
13577,2011-04-12,20,132,132
13577,2011-07-14,26,225,132
13577,2011-09-08,21,281,132
13577,2011-11-14,16,348,132
13579,2010-12-05,9,4,4
13579,2011-11-25,14,359,4
13581,2011-02-03,10,64,64
13583,2011-07-07,53,218,218
13584,2011-02-06,24,67,67
13587,2011-10-07,8,310,310
13588,2011-03-29,8,118,118
13588,2011-07-26,38,237,118
13588,2011-08-11,35,253,118
13588,2011-09-01,23,274,118
13588,2011-09-14,12,287,118
13588,2011-10-21,31,324,118
13588,2011-11-09,13,343,118
13588,2011-11-11,2,345,118
13588,2011-11-24,12,358,118
13589,2011-06-13,9,194,194
13589,2011-11-25,12,359,194
13590,2011-02-09,13,70,70
13590,2011-04-14,8,134,70
13590,2011-05-24,18,174,70
13590,2011-07-12,12,223,70
13590,2011-10-19,21,322,70
13590,2011-11-28,15,362,70
13591,2011-03-18,23,107,107
13591,2011-05-19,15,169,107
13591,2011-10-06,20,309,107
13592,2011-03-20,6,109,109
13592,2011-05-10,6,160,109
13592,2011-05-18,1,168,109
13592,2011-11-04,3,338,109
13593,2011-01-07,39,37,37
13593,2011-03-20,23,109,37
13593,2011-03-21,1,110,37
13593,2011-06-30,29,211,37
13593,2011-08-23,36,265,37
13594,2011-10-18,26,321,321
13596,2011-11-27,148,361,361
13596,2011-12-04,18,368,361
13598,2011-10-23,40,326,326
13599,2010-12-08,17,7,7
13599,2011-01-06,9,36,7
13599,2011-03-01,15,90,7
13599,2011-04-12,15,132,7
13599,2011-05-25,14,175,7
13599,2011-07-06,16,217,7
13599,2011-09-16,26,289,7
13599,2011-11-03,25,337,7
13599,2011-11-07,58,341,7
13599,2011-11-16,14,350,7
13599,2011-11-18,3,352,7
13599,2011-11-22,6,356,7
13599,2011-11-29,9,363,7
13599,2011-12-01,14,365,7
13599,2011-12-08,6,372,7
13600,2011-01-31,19,61,61
13601,2011-05-12,42,162,162
13601,2011-10-25,57,328,162
13602,2011-10-06,23,309,309
13603,2011-11-13,27,347,347
13606,2011-02-01,3,62,62
13606,2011-04-10,37,130,62
13606,2011-11-10,3,344,62
13607,2011-10-30,98,333,333
13610,2011-02-27,43,88,88
13610,2011-04-10,20,130,88
13610,2011-06-05,29,186,88
13610,2011-07-17,42,228,88
13610,2011-08-21,35,263,88
13610,2011-10-16,37,319,88
13610,2011-11-27,20,361,88
13611,2010-12-15,15,14,14
13611,2011-06-22,17,203,14
13611,2011-09-11,42,284,14
13614,2011-01-13,9,43,43
13614,2011-06-28,81,209,43
13614,2011-09-11,17,284,43
13614,2011-11-15,94,349,43
13615,2011-01-25,23,55,55
13617,2011-06-12,13,193,193
13617,2011-08-18,15,260,193
13617,2011-10-30,16,333,193
13618,2011-06-19,13,200,200
13621,2011-08-15,19,257,257
13623,2011-02-15,15,76,76
13623,2011-03-17,24,106,76
13623,2011-04-03,10,123,76
13623,2011-05-13,15,163,76
13623,2011-11-09,17,343,76
13626,2011-04-01,19,121,121
13627,2010-12-17,20,16,16
13627,2011-05-19,21,169,16
13627,2011-06-16,23,197,16
13627,2011-09-21,21,294,16
13627,2011-10-11,7,314,16
13629,2011-01-05,3,35,35
13629,2011-02-02,5,63,35
13629,2011-04-14,4,134,35
13629,2011-05-13,4,163,35
13629,2011-06-19,4,200,35
13629,2011-07-20,20,231,35
13629,2011-07-26,5,237,35
13629,2011-09-01,5,274,35
13629,2011-10-07,3,310,35
13629,2011-11-09,3,343,35
13629,2011-11-16,3,350,35
13630,2011-02-27,13,88,88
13630,2011-04-08,32,128,88
13630,2011-06-08,9,189,88
13630,2011-06-21,3,202,88
13630,2011-08-26,4,268,88
13630,2011-09-25,6,298,88
13630,2011-12-04,4,368,88
13631,2011-03-17,1,106,106
13631,2011-05-17,2,167,106
13631,2011-05-22,1,172,106
13631,2011-06-15,2,196,106
13631,2011-06-28,2,209,106
13631,2011-07-19,2,230,106
13631,2011-09-01,1,274,106
13632,2011-04-10,41,130,130
13632,2011-04-20,19,140,130
13632,2011-06-19,25,200,130
13632,2011-10-28,44,331,130
13632,2011-11-15,17,349,130
13634,2011-01-16,38,46,46
13634,2011-04-11,35,131,46
13634,2011-08-25,20,267,46
13634,2011-09-14,63,287,46
13634,2011-11-06,32,340,46
13635,2011-10-03,62,306,306
13636,2011-02-27,11,88,88
13636,2011-03-24,8,113,88
13636,2011-04-01,16,121,88
13636,2011-08-09,6,251,88
13636,2011-11-03,22,337,88
13637,2011-04-27,64,147,147
13637,2011-06-05,29,186,147
13637,2011-10-18,8,321,147
13638,2011-11-24,8,358,358
13639,2011-09-26,40,299,299
13642,2011-05-08,66,158,158
13643,2011-06-07,6,188,188
13643,2011-09-02,8,275,188
13643,2011-11-08,14,342,188
13644,2011-08-26,48,268,268
13644,2011-09-27,34,300,268
13644,2011-10-26,27,329,268
13644,2011-11-23,37,357,268
13645,2011-08-11,5,253,253
13647,2011-04-19,23,139,139
13647,2011-06-17,10,198,139
13647,2011-09-29,27,302,139
13647,2011-11-30,19,364,139
13649,2010-12-08,15,7,7
13649,2011-03-28,8,117,7
13650,2011-03-17,19,106,106
13650,2011-05-16,17,166,106
13650,2011-09-12,17,285,106
13650,2011-10-04,26,307,106
13650,2011-11-23,17,357,106
13651,2011-10-31,5,334,334
13651,2011-11-04,1,338,334
13652,2010-12-06,18,5,5
13652,2011-03-28,20,117,5
13652,2011-10-25,25,328,5
13654,2011-03-11,24,100,100
13654,2011-04-11,24,131,100
13654,2011-05-22,20,172,100
13654,2011-07-17,41,228,100
13654,2011-10-27,57,330,100
13655,2011-04-12,21,132,132
13655,2011-08-17,35,259,132
13656,2011-01-06,31,36,36
13656,2011-06-28,18,209,36
13657,2011-05-22,9,172,172
13657,2011-11-29,7,363,172
13658,2011-05-19,32,169,169
13658,2011-09-15,50,288,169
13658,2011-11-30,26,364,169
13659,2011-01-23,62,53,53
13659,2011-05-18,42,168,53
13662,2011-03-25,17,114,114
13662,2011-05-11,18,161,114
13662,2011-09-15,18,288,114
13663,2011-06-13,13,194,194
13666,2011-02-25,8,86,86
13666,2011-10-10,4,313,86
13667,2011-07-13,87,224,224
13668,2010-12-12,14,11,11
13668,2011-01-09,24,39,11
13668,2011-02-03,20,64,11
13668,2011-02-17,17,78,11
13668,2011-03-16,26,105,11
13668,2011-03-27,20,116,11
13668,2011-04-04,24,124,11
13668,2011-04-11,9,131,11
13668,2011-04-26,24,146,11
13668,2011-05-03,21,153,11
13668,2011-05-22,23,172,11
13668,2011-06-05,29,186,11
13668,2011-06-26,24,207,11
13668,2011-07-21,8,232,11
13668,2011-07-26,17,237,11
13668,2011-08-18,32,260,11
13668,2011-10-13,20,316,11
13668,2011-11-08,13,342,11
13668,2011-11-17,38,351,11
13668,2011-11-29,47,363,11
13668,2011-12-07,20,371,11
13669,2011-07-13,3,224,224
13669,2011-10-20,6,323,224
13670,2011-09-25,25,298,298
13672,2011-01-11,3,41,41
13672,2011-02-11,3,72,41
13673,2011-11-07,41,341,341
13673,2011-11-21,24,355,341
13675,2011-02-28,15,89,89
13675,2011-07-11,10,222,89
13678,2011-07-11,16,222,222
13680,2011-01-04,49,34,34
13680,2011-01-06,21,36,34
13680,2011-10-31,62,334,34
13680,2011-12-08,63,372,34
13681,2011-07-07,13,218,218
13681,2011-10-02,20,305,218
13681,2011-11-13,14,347,218
13681,2011-11-22,10,356,218
13682,2011-06-05,3,186,186
13684,2011-02-27,30,88,88
13685,2011-10-10,8,313,313
13685,2011-10-17,13,320,313
13685,2011-10-25,2,328,313
13685,2011-12-05,4,369,313
13685,2011-12-06,11,370,313
13685,2011-12-07,1,371,313
13686,2011-06-10,8,191,191
13689,2011-10-07,6,310,310
13690,2011-10-11,9,314,314
13692,2011-04-17,31,137,137
13692,2011-05-10,1,160,137
13692,2011-11-15,21,349,137
13694,2010-12-01,6,0,0
13694,2010-12-16,40,15,0
13694,2011-01-05,23,35,0
13694,2011-01-13,18,43,0
13694,2011-01-28,8,58,0
13694,2011-02-04,8,65,0
13694,2011-02-22,28,83,0
13694,2011-02-23,1,84,0
13694,2011-03-04,23,93,0
13694,2011-03-22,39,111,0
13694,2011-03-23,6,112,0
13694,2011-04-01,22,121,0
13694,2011-04-13,19,133,0
13694,2011-04-27,8,147,0
13694,2011-05-03,8,153,0
13694,2011-05-05,3,155,0
13694,2011-05-08,7,158,0
13694,2011-05-10,2,160,0
13694,2011-05-25,11,175,0
13694,2011-05-31,2,181,0
13694,2011-06-09,31,190,0
13694,2011-06-16,6,197,0
13694,2011-06-30,9,211,0
13694,2011-07-05,7,216,0
13694,2011-07-21,20,232,0
13694,2011-08-04,20,246,0
13694,2011-08-18,11,260,0
13694,2011-08-24,59,266,0
13694,2011-09-15,21,288,0
13694,2011-09-29,12,302,0
13694,2011-10-25,15,328,0
13694,2011-10-26,3,329,0
13694,2011-10-28,22,331,0
13694,2011-11-14,27,348,0
13694,2011-12-06,23,370,0
13695,2011-03-25,5,114,114
13695,2011-04-17,5,137,114
13695,2011-04-26,1,146,114
13695,2011-05-10,2,160,114
13695,2011-06-03,10,184,114
13695,2011-06-22,5,203,114
13695,2011-07-05,6,216,114
13695,2011-07-25,5,236,114
13695,2011-08-03,7,245,114
13695,2011-08-12,4,254,114
13695,2011-09-02,14,275,114
13695,2011-09-19,7,292,114
13695,2011-10-07,4,310,114
13695,2011-11-08,15,342,114
13697,2011-11-01,12,335,335
13699,2011-07-07,14,218,218
13700,2011-01-16,26,46,46
13700,2011-03-13,37,102,46
13700,2011-04-12,22,132,46
13700,2011-04-13,19,133,46
13700,2011-06-16,12,197,46
13700,2011-09-08,63,281,46
13700,2011-10-18,9,321,46
13700,2011-11-13,9,347,46
13703,2011-01-25,1,55,55
13704,2011-09-12,6,285,285
13704,2011-09-13,22,286,285
13704,2011-09-19,8,292,285
13704,2011-09-21,16,294,285
13704,2011-09-27,22,300,285
13704,2011-10-12,22,315,285
13704,2011-10-24,15,327,285
13704,2011-11-17,12,351,285
13704,2011-12-04,11,368,285
13705,2010-12-01,10,0,0
13705,2011-07-18,11,229,0
13705,2011-12-02,7,366,0
13706,2011-02-10,20,71,71
13707,2011-01-28,32,58,58
13707,2011-03-17,16,106,58
13708,2011-03-13,51,102,102
13709,2011-01-28,31,58,58
13709,2011-06-24,53,205,58
13709,2011-08-04,46,246,58
13709,2011-08-30,39,272,58
13709,2011-10-05,34,308,58
13709,2011-10-21,42,324,58
13709,2011-11-03,63,337,58
13709,2011-12-06,28,370,58
13710,2011-11-08,8,342,342
13711,2011-05-05,13,155,155
13712,2011-04-07,10,127,127
13715,2010-12-02,15,1,1
13715,2010-12-12,30,11,1
13715,2011-01-05,52,35,1
13715,2011-03-03,8,92,1
13716,2011-03-15,21,104,104
13717,2011-02-14,21,75,75
13717,2011-04-13,15,133,75
13717,2011-06-20,20,201,75
13717,2011-08-03,15,245,75
13717,2011-10-14,17,317,75
13717,2011-11-07,14,341,75
13718,2011-02-17,7,78,78
13718,2011-04-07,5,127,78
13719,2011-04-19,6,139,139
13719,2011-05-18,14,168,139
13719,2011-10-13,14,316,139
13719,2011-11-06,20,340,139
13719,2011-11-24,6,358,139
13720,2011-03-30,17,119,119
13720,2011-04-15,9,135,119
13720,2011-06-14,4,195,119
13720,2011-08-15,13,257,119
13721,2011-11-03,28,337,337
13722,2011-03-02,46,91,91
13722,2011-07-31,39,242,91
13723,2011-05-06,6,156,156
13725,2011-02-04,41,65,65
13725,2011-02-07,15,68,65
13725,2011-02-20,1,81,65
13725,2011-02-24,10,85,65
13725,2011-03-20,10,109,65
13725,2011-04-28,11,148,65
13725,2011-06-23,7,204,65
13725,2011-10-21,9,324,65
13726,2011-08-31,23,273,273
13726,2011-11-01,19,335,273
13727,2011-11-06,14,340,340
13727,2011-11-11,6,345,340
13728,2011-02-02,9,63,63
13728,2011-03-30,12,119,63
13728,2011-05-25,10,175,63
13728,2011-07-28,9,239,63
13728,2011-08-24,10,266,63
13728,2011-11-03,13,337,63
13730,2011-07-01,22,212,212
13730,2011-07-27,21,238,212
13731,2011-04-07,20,127,127
13731,2011-05-04,18,154,127
13732,2011-11-11,33,345,345
13735,2011-04-19,59,139,139
13735,2011-06-17,43,198,139
13735,2011-10-27,69,330,139
13735,2011-11-15,25,349,139
13736,2011-03-24,76,113,113
13736,2011-12-04,115,368,113
13737,2011-05-23,30,173,173
13739,2011-11-21,3,355,355
13740,2011-04-13,23,133,133
13741,2011-05-06,8,156,156
13741,2011-06-09,12,190,156
13741,2011-09-29,14,302,156
13742,2011-01-23,95,53,53
13742,2011-02-13,71,74,53
13742,2011-02-25,10,86,53
13742,2011-04-15,17,135,53
13742,2011-05-10,10,160,53
13742,2011-06-05,13,186,53
13742,2011-06-08,17,189,53
13742,2011-06-13,23,194,53
13742,2011-06-30,8,211,53
13742,2011-09-11,8,284,53
13742,2011-11-23,49,357,53
13743,2011-03-25,6,114,114
13743,2011-05-06,7,156,114
13743,2011-07-07,7,218,114
13743,2011-08-16,6,258,114
13743,2011-08-24,4,266,114
13743,2011-09-12,4,285,114
13743,2011-12-07,7,371,114
13744,2011-02-20,53,81,81
13744,2011-09-05,19,278,81
13745,2011-06-30,25,211,211
13747,2010-12-01,1,0,0
13748,2010-12-01,1,0,0
13748,2011-04-07,8,127,0
13748,2011-04-21,4,141,0
13748,2011-09-05,15,278,0
13750,2011-01-07,1,37,37
13750,2011-02-16,7,77,37
13750,2011-06-21,10,202,37
13750,2011-07-22,1,233,37
13750,2011-10-17,5,320,37
13751,2011-02-24,9,85,85
13752,2011-04-07,16,127,127
13752,2011-05-09,15,159,127
13752,2011-05-15,25,165,127
13752,2011-06-08,7,189,127
13752,2011-07-07,2,218,127
13752,2011-08-07,11,249,127
13753,2011-02-25,35,86,86
13754,2011-01-26,8,56,56
13754,2011-07-11,4,222,56
13755,2011-10-07,114,310,310
13755,2011-10-20,21,323,310
13755,2011-10-21,6,324,310
13755,2011-11-01,2,335,310
13755,2011-11-14,80,348,310
13755,2011-11-21,80,355,310
13755,2011-11-30,14,364,310
13755,2011-12-06,25,370,310
13756,2010-12-07,2,6,6
13756,2010-12-14,9,13,6
13756,2010-12-16,5,15,6
13756,2011-05-18,21,168,6
13756,2011-06-09,15,190,6
13756,2011-07-19,13,230,6
13756,2011-08-02,12,244,6
13756,2011-09-07,14,280,6
13756,2011-10-10,12,313,6
13756,2011-11-04,10,338,6
13756,2011-11-17,10,351,6
13756,2011-12-07,19,371,6
13758,2010-12-01,17,0,0
13758,2010-12-08,7,7,0
13758,2011-01-09,9,39,0
13758,2011-04-01,15,121,0
13758,2011-05-22,47,172,0
13758,2011-11-01,11,335,0
13758,2011-11-28,11,362,0
13759,2011-09-29,24,302,302
13759,2011-11-06,1,340,302
13760,2011-03-28,28,117,117
13760,2011-10-16,29,319,117
13761,2011-06-13,32,194,194
13761,2011-10-20,38,323,194
13762,2011-05-05,7,155,155
13763,2011-10-07,15,310,310
13764,2011-01-06,69,36,36
13764,2011-07-18,69,229,36
13764,2011-09-30,70,303,36
13767,2010-12-01,14,0,0
13767,2010-12-02,4,1,0
13767,2010-12-05,13,4,0
13767,2010-12-10,8,9,0
13767,2010-12-14,8,13,0
13767,2010-12-16,10,15,0
13767,2011-01-05,5,35,0
13767,2011-01-10,10,40,0
13767,2011-02-17,14,78,0
13767,2011-02-22,11,83,0
13767,2011-02-27,12,88,0
13767,2011-04-01,11,121,0
13767,2011-04-04,26,124,0
13767,2011-04-08,7,128,0
13767,2011-04-27,9,147,0
13767,2011-05-10,13,160,0
13767,2011-05-18,26,168,0
13767,2011-05-20,11,170,0
13767,2011-06-26,12,207,0
13767,2011-06-28,7,209,0
13767,2011-07-11,15,222,0
13767,2011-08-04,12,246,0
13767,2011-08-08,10,250,0
13767,2011-08-23,13,265,0
13767,2011-09-13,11,286,0
13767,2011-09-19,9,292,0
13767,2011-09-20,27,293,0
13767,2011-10-10,11,313,0
13767,2011-11-10,11,344,0
13767,2011-11-14,9,348,0
13767,2011-12-07,9,371,0
13769,2010-12-07,10,6,6
13769,2011-01-17,19,47,6
13769,2011-03-29,17,118,6
13769,2011-04-18,14,138,6
13769,2011-05-16,11,166,6
13769,2011-08-09,14,251,6
13769,2011-09-08,16,281,6
13769,2011-11-02,18,336,6
13769,2011-12-07,16,371,6
13771,2011-04-06,49,126,126
13771,2011-05-24,21,174,126
13771,2011-10-06,49,309,126
13772,2011-04-14,36,134,134
13772,2011-09-04,70,277,134
13772,2011-11-06,71,340,134
13774,2011-09-19,22,292,292
13777,2010-12-01,33,0,0
13777,2010-12-08,2,7,0
13777,2010-12-23,3,22,0
13777,2011-01-14,4,44,0
13777,2011-02-02,12,63,0
13777,2011-02-17,6,78,0
13777,2011-02-24,5,85,0
13777,2011-03-08,6,97,0
13777,2011-03-20,5,109,0
13777,2011-03-29,8,118,0
13777,2011-04-07,3,127,0
13777,2011-05-16,6,166,0
13777,2011-06-03,1,184,0
13777,2011-06-08,6,189,0
13777,2011-06-27,1,208,0
13777,2011-07-13,9,224,0
13777,2011-08-02,9,244,0
13777,2011-09-19,8,292,0
13777,2011-09-22,1,295,0
13777,2011-09-23,8,296,0
13777,2011-10-13,22,316,0
13777,2011-11-15,21,349,0
13777,2011-12-01,14,365,0
13777,2011-12-09,4,373,0
13778,2011-08-28,9,270,270
13780,2011-06-22,9,203,203
13780,2011-12-02,48,366,203
13781,2011-04-03,17,123,123
13782,2011-01-16,36,46,46
13782,2011-04-19,9,139,46
13782,2011-08-07,17,249,46
13782,2011-10-02,17,305,46
13782,2011-10-23,21,326,46
13782,2011-11-27,15,361,46
13784,2011-01-11,4,41,41
13784,2011-01-31,1,61,41
13784,2011-02-01,1,62,41
13784,2011-03-03,3,92,41
13784,2011-05-05,6,155,41
13784,2011-06-07,2,188,41
13784,2011-06-24,6,205,41
13784,2011-08-18,3,260,41
13784,2011-09-06,1,279,41
13784,2011-10-13,3,316,41
13784,2011-11-30,1,364,41
13786,2010-12-07,7,6,6
13787,2010-12-10,7,9,9
13787,2011-09-25,24,298,9
13790,2011-12-05,45,369,369
13791,2011-06-24,7,205,205
13791,2011-08-04,4,246,205
13792,2011-02-25,4,86,86
13792,2011-10-04,9,307,86
13798,2010-12-02,1,1,1
13798,2010-12-10,38,9,1
13798,2011-01-05,12,35,1
13798,2011-01-07,3,37,1
13798,2011-01-11,6,41,1
13798,2011-01-23,19,53,1
13798,2011-02-08,7,69,1
13798,2011-02-16,2,77,1
13798,2011-02-20,3,81,1
13798,2011-02-25,5,86,1
13798,2011-03-07,5,96,1
13798,2011-03-11,5,100,1
13798,2011-03-20,3,109,1
13798,2011-03-22,4,111,1
13798,2011-03-29,2,118,1
13798,2011-03-30,10,119,1
13798,2011-04-05,3,125,1
13798,2011-04-11,15,131,1
13798,2011-04-18,14,138,1
13798,2011-04-21,2,141,1
13798,2011-04-26,1,146,1
13798,2011-05-04,9,154,1
13798,2011-05-09,8,159,1
13798,2011-05-13,6,163,1
13798,2011-05-18,2,168,1
13798,2011-05-23,3,173,1
13798,2011-05-26,4,176,1
13798,2011-05-27,4,177,1
13798,2011-06-06,4,187,1
13798,2011-06-12,8,193,1
13798,2011-06-20,5,201,1
13798,2011-06-27,9,208,1
13798,2011-07-07,6,218,1
13798,2011-07-19,2,230,1
13798,2011-08-02,4,244,1
13798,2011-08-08,10,250,1
13798,2011-08-24,6,266,1
13798,2011-09-07,9,280,1
13798,2011-09-12,5,285,1
13798,2011-09-14,3,287,1
13798,2011-09-28,4,301,1
13798,2011-10-05,2,308,1
13798,2011-10-07,15,310,1
13798,2011-10-17,2,320,1
13798,2011-10-28,4,331,1
13798,2011-11-04,5,338,1
13798,2011-11-09,2,343,1
13798,2011-11-13,21,347,1
13798,2011-11-22,6,356,1
13798,2011-11-28,4,362,1
13798,2011-12-02,6,366,1
13798,2011-12-07,7,371,1
13798,2011-12-08,4,372,1
13799,2011-02-18,16,79,79
13799,2011-08-15,23,257,79
13800,2011-02-03,33,64,64
13801,2011-10-04,23,307,307
13802,2011-02-01,20,62,62
13802,2011-03-30,28,119,62
13802,2011-07-24,12,235,62
13803,2011-03-29,17,118,118
13804,2011-02-23,41,84,84
13804,2011-07-06,18,217,84
13804,2011-07-21,18,232,84
13804,2011-09-04,11,277,84
13804,2011-09-22,35,295,84
13804,2011-11-09,14,343,84
13805,2011-08-02,6,244,244
13805,2011-10-18,7,321,244
13806,2011-10-07,10,310,310
13807,2010-12-07,7,6,6
13808,2011-09-04,27,277,277
13808,2011-09-07,8,280,277
13808,2011-10-05,18,308,277
13808,2011-10-24,10,327,277
13808,2011-12-04,13,368,277
13809,2011-02-07,12,68,68
13810,2011-10-14,21,317,317
13810,2011-11-11,14,345,317
13811,2011-04-14,6,134,134
13811,2011-04-18,1,138,134
13811,2011-06-09,6,190,134
13812,2011-08-26,20,268,268
13812,2011-10-06,8,309,268
13812,2011-10-28,8,331,268
13813,2011-07-28,17,239,239
13813,2011-09-11,15,284,239
13813,2011-09-30,17,303,239
13813,2011-10-31,20,334,239
13814,2011-07-25,31,236,236
13814,2011-09-08,26,281,236
13815,2011-01-25,53,55,55
13815,2011-06-20,83,201,55
13815,2011-11-16,36,350,55
13815,2011-11-17,4,351,55
13816,2011-10-06,17,309,309
13816,2011-11-16,11,350,309
13817,2010-12-23,9,22,22
13817,2011-11-10,15,344,22
13819,2011-01-24,13,54,54
13819,2011-02-03,11,64,54
13819,2011-02-11,12,72,54
13821,2011-03-23,42,112,112
13821,2011-07-18,17,229,112
13822,2011-10-30,91,333,333
13822,2011-12-04,5,368,333
13823,2011-09-09,26,282,282
13823,2011-11-21,14,355,282
13824,2011-02-02,11,63,63
13824,2011-04-12,14,132,63
13824,2011-05-20,1,170,63
13824,2011-07-27,10,238,63
13824,2011-11-07,10,341,63
13826,2011-06-16,10,197,197
13827,2011-07-19,28,230,230
13827,2011-07-29,33,240,230
13827,2011-10-13,32,316,230
13828,2011-11-17,15,351,351
13831,2010-12-05,2,4,4
13831,2011-05-05,3,155,4
13831,2011-05-23,53,173,4
13831,2011-07-24,6,235,4
13831,2011-09-13,5,286,4
13831,2011-11-23,5,357,4
13832,2011-11-20,3,354,354
13833,2011-07-03,29,214,214
13835,2011-05-08,21,158,158
13835,2011-07-07,13,218,158
13835,2011-10-18,15,321,158
13835,2011-11-14,6,348,158
13837,2011-01-26,9,56,56
13837,2011-05-12,10,162,56
13838,2010-12-05,52,4,4
13838,2011-08-14,67,256,4
13838,2011-12-04,55,368,4
13841,2011-04-01,1,121,121
13842,2010-12-08,20,7,7
13842,2011-01-07,18,37,7
13842,2011-02-03,17,64,7
13842,2011-03-11,19,100,7
13842,2011-04-26,19,146,7
13842,2011-05-24,19,174,7
13842,2011-07-07,20,218,7
13842,2011-09-28,41,301,7
13842,2011-10-12,33,315,7
13844,2011-11-28,20,362,362
13845,2011-10-06,9,309,309
13846,2010-12-14,28,13,13
13846,2011-04-11,15,131,13
13846,2011-11-15,12,349,13
13848,2010-12-08,1,7,7
13848,2011-02-15,3,76,7
13848,2011-09-08,1,281,7
13849,2011-06-22,38,203,203
13849,2011-10-19,63,322,203
13850,2011-08-02,93,244,244
13851,2011-02-24,17,85,85
13851,2011-08-03,52,245,85
13851,2011-09-05,12,278,85
13853,2011-10-13,23,316,316
13854,2010-12-09,3,8,8
13854,2010-12-17,8,16,8
13854,2011-01-14,8,44,8
13854,2011-01-24,8,54,8
13854,2011-02-01,4,62,8
13854,2011-02-10,5,71,8
13854,2011-02-23,4,84,8
13854,2011-03-08,4,97,8
13854,2011-03-15,3,104,8
13854,2011-03-21,5,110,8
13854,2011-04-07,3,127,8
13854,2011-04-17,4,137,8
13854,2011-04-27,1,147,8
13854,2011-05-18,5,168,8
13854,2011-05-24,4,174,8
13854,2011-05-27,2,177,8
13854,2011-07-05,5,216,8
13854,2011-07-20,4,231,8
13854,2011-08-25,4,267,8
13854,2011-09-08,5,281,8
13854,2011-09-12,4,285,8
13854,2011-10-05,3,308,8
13854,2011-11-02,5,336,8
13854,2011-11-15,4,349,8
13854,2011-12-01,5,365,8
13856,2011-05-20,7,170,170
13856,2011-06-09,3,190,170
13856,2011-06-24,4,205,170
13858,2011-10-13,11,316,316
13859,2011-01-17,28,47,47
13860,2011-09-14,24,287,287
13860,2011-10-18,13,321,287
13860,2011-11-25,19,359,287
13860,2011-12-08,20,372,287
13862,2011-01-11,27,41,41
13862,2011-02-22,15,83,41
13862,2011-04-21,11,141,41
13862,2011-06-05,20,186,41
13862,2011-07-08,16,219,41
13862,2011-08-23,21,265,41
13862,2011-09-28,21,301,41
13862,2011-11-21,8,355,41
13863,2011-04-06,20,126,126
13865,2011-02-23,7,84,84
13865,2011-06-06,10,187,84
13865,2011-07-26,6,237,84
13865,2011-10-12,7,315,84
13866,2011-09-26,7,299,299
13867,2011-05-05,8,155,155
13867,2011-09-26,30,299,155
13867,2011-11-08,23,342,155
13868,2011-11-01,32,335,335
13868,2011-12-02,1,366,335
13869,2010-12-17,21,16,16
13869,2011-01-30,50,60,16
13869,2011-03-22,68,111,16
13869,2011-08-08,168,250,16
13870,2011-02-25,34,86,86
13870,2011-06-24,21,205,86
13870,2011-07-28,17,239,86
13870,2011-08-30,16,272,86
13870,2011-10-30,23,333,86
13870,2011-12-07,4,371,86
13871,2011-02-04,23,65,65
13871,2011-03-10,22,99,65
13871,2011-03-24,17,113,65
13871,2011-04-18,24,138,65
13871,2011-05-17,32,167,65
13871,2011-06-30,37,211,65
13871,2011-07-28,33,239,65
13871,2011-08-19,25,261,65
13871,2011-09-08,32,281,65
13871,2011-10-17,24,320,65
13871,2011-10-25,44,328,65
13871,2011-11-17,23,351,65
13873,2011-02-03,7,64,64
13873,2011-05-05,7,155,64
13873,2011-08-12,9,254,64
13874,2010-12-16,18,15,15
13875,2011-02-11,24,72,72
13875,2011-03-27,12,116,72
13875,2011-06-08,22,189,72
13875,2011-07-29,23,240,72
13875,2011-10-17,23,320,72
13876,2011-10-07,7,310,310
13877,2011-09-14,3,287,287
13878,2011-10-16,36,319,319
13880,2010-12-07,6,6,6
13880,2011-02-16,11,77,6
13880,2011-03-01,9,90,6
13880,2011-04-15,18,135,6
13880,2011-05-06,11,156,6
13880,2011-06-06,17,187,6
13880,2011-07-17,16,228,6
13880,2011-09-13,38,286,6
13880,2011-10-18,14,321,6
13880,2011-11-18,25,352,6
13881,2011-02-01,13,62,62
13881,2011-03-07,4,96,62
13881,2011-04-11,17,131,62
13881,2011-05-10,17,160,62
13881,2011-06-23,31,204,62
13881,2011-07-21,7,232,62
13881,2011-08-24,12,266,62
13881,2011-09-05,20,278,62
13881,2011-09-29,10,302,62
13881,2011-10-04,14,307,62
13881,2011-10-17,2,320,62
13881,2011-11-01,7,335,62
13881,2011-11-14,7,348,62
13881,2011-11-22,7,356,62
13881,2011-11-28,5,362,62
13881,2011-12-06,5,370,62
13882,2011-10-06,12,309,309
13882,2011-10-27,22,330,309
13882,2011-11-09,2,343,309
13882,2011-11-28,15,362,309
13882,2011-12-07,14,371,309
13883,2011-03-31,46,120,120
13883,2011-05-05,48,155,120
13883,2011-11-29,48,363,120
13884,2011-03-01,7,90,90
13884,2011-03-07,3,96,90
13884,2011-09-11,36,284,90
13884,2011-12-02,13,366,90
13885,2011-05-23,23,173,173
13885,2011-06-03,5,184,173
13886,2011-09-29,16,302,302
13887,2011-05-19,19,169,169
13888,2011-05-05,20,155,155
13888,2011-08-12,20,254,155
13889,2011-09-08,15,281,281
13890,2010-12-16,11,15,15
13890,2011-08-24,19,266,15
13890,2011-10-20,5,323,15
13890,2011-11-02,15,336,15
13890,2011-11-07,7,341,15
13890,2011-11-16,13,350,15
13890,2011-11-17,8,351,15
13890,2011-12-01,11,365,15
13890,2011-12-08,21,372,15
13892,2011-04-07,3,127,127
13892,2011-10-06,21,309,127
13892,2011-10-18,2,321,127
13892,2011-11-13,1,347,127
13893,2011-02-15,21,76,76
13894,2011-02-02,10,63,63
13894,2011-11-16,17,350,63
13895,2011-06-28,15,209,209
13895,2011-07-19,30,230,209
13895,2011-10-04,38,307,209
13895,2011-11-11,35,345,209
13897,2011-10-20,17,323,323
13898,2011-01-18,12,48,48
13899,2011-03-10,15,99,99
13899,2011-11-23,4,357,99
13900,2011-03-22,16,111,111
13900,2011-05-31,26,181,111
13900,2011-06-09,1,190,111
13901,2011-01-25,11,55,55
13901,2011-03-28,23,117,55
13901,2011-07-04,77,215,55
13901,2011-08-24,23,266,55
13901,2011-09-28,15,301,55
13904,2011-02-18,17,79,79
13904,2011-11-02,9,336,79
13908,2011-03-08,28,97,97
13908,2011-05-09,24,159,97
13908,2011-08-05,24,247,97
13908,2011-09-21,46,294,97
13911,2011-02-04,25,65,65
13911,2011-02-14,15,75,65
13911,2011-03-20,18,109,65
13911,2011-04-08,14,128,65
13911,2011-05-08,18,158,65
13911,2011-05-26,16,176,65
13911,2011-07-13,30,224,65
13911,2011-07-18,8,229,65
13911,2011-10-13,4,316,65
13914,2011-11-03,16,337,337
13914,2011-11-28,17,362,337
13917,2011-06-01,5,182,182
13917,2011-10-21,13,324,182
13918,2011-03-31,8,120,120
13918,2011-10-21,22,324,120
13919,2011-08-10,16,252,252
13919,2011-10-11,12,314,252
13922,2010-12-23,7,22,22
13923,2011-10-17,20,320,320
13924,2011-09-28,39,301,301
13924,2011-10-26,17,329,301
13924,2011-11-08,10,342,301
13924,2011-11-16,3,350,301
13924,2011-11-22,21,356,301
13924,2011-12-08,27,372,301
13925,2011-07-28,25,239,239
13925,2011-08-10,8,252,239
13925,2011-09-08,8,281,239
13926,2011-11-16,11,350,350
13927,2011-09-26,21,299,299
13928,2011-07-29,5,240,240
13928,2011-08-25,8,267,240
13928,2011-11-08,8,342,240
13928,2011-11-29,6,363,240
13929,2011-01-17,2,47,47
13929,2011-06-23,7,204,47
13930,2011-07-26,10,237,237
13930,2011-10-13,7,316,237
13931,2011-03-04,20,93,93
13931,2011-09-05,38,278,93
13932,2011-02-18,16,79,79
13933,2011-07-14,14,225,225
13933,2011-08-22,9,264,225
13934,2011-03-21,31,110,110
13936,2011-06-13,26,194,194
13937,2011-06-23,9,204,204
13938,2011-11-04,7,338,338
13939,2011-02-01,12,62,62
13939,2011-08-23,22,265,62
13939,2011-11-16,11,350,62
13940,2011-07-18,15,229,229
13940,2011-08-15,12,257,229
13940,2011-10-06,14,309,229
13940,2011-11-22,8,356,229
13941,2010-12-02,11,1,1
13941,2011-02-15,8,76,1
13941,2011-06-21,9,202,1
13941,2011-09-11,8,284,1
13941,2011-11-18,9,352,1
13946,2011-03-17,4,106,106
13946,2011-05-22,5,172,106
13946,2011-09-21,2,294,106
13947,2011-10-05,5,308,308
13948,2010-12-14,3,13,13
13949,2011-09-06,38,279,279
13949,2011-09-23,24,296,279
13949,2011-10-05,19,308,279
13949,2011-10-30,18,333,279
13949,2011-11-15,18,349,279
13949,2011-12-07,43,371,279
13950,2011-04-07,7,127,127
13950,2011-09-27,8,300,127
13950,2011-11-15,8,349,127
13950,2011-11-28,12,362,127
13951,2011-02-18,12,79,79
13951,2011-04-17,20,137,79
13951,2011-06-16,7,197,79
13952,2011-04-15,93,135,135
13952,2011-05-06,44,156,135
13953,2010-12-22,1,21,21
13953,2011-03-10,1,99,21
13953,2011-05-13,1,163,21
13953,2011-06-28,1,209,21
13953,2011-08-16,8,258,21
13953,2011-10-18,1,321,21
13953,2011-12-02,7,366,21
13954,2011-09-30,13,303,303
13954,2011-12-08,12,372,303
13955,2011-02-07,11,68,68
13955,2011-07-08,22,219,68
13956,2011-03-13,23,102,102
13956,2011-04-10,34,130,102
13956,2011-07-24,55,235,102
13956,2011-10-16,19,319,102
13956,2011-12-04,21,368,102
13959,2010-12-12,16,11,11
13959,2011-03-03,18,92,11
13959,2011-09-21,58,294,11
13960,2011-09-29,4,302,302
13960,2011-11-18,8,352,302
13962,2011-04-08,7,128,128
13962,2011-11-18,4,352,128
13963,2010-12-07,7,6,6
13963,2011-01-04,13,34,6
13963,2011-01-23,6,53,6
13963,2011-02-04,9,65,6
13967,2011-07-17,2,228,228
13969,2010-12-09,25,8,8
13969,2011-01-21,19,51,8
13969,2011-03-17,28,106,8
13969,2011-04-21,29,141,8
13969,2011-05-05,35,155,8
13969,2011-06-09,56,190,8
13969,2011-06-23,50,204,8
13969,2011-07-21,8,232,8
13969,2011-08-04,10,246,8
13969,2011-08-24,92,266,8
13969,2011-10-11,68,314,8
13969,2011-10-27,63,330,8
13969,2011-11-01,8,335,8
13969,2011-11-17,53,351,8
13969,2011-11-23,15,357,8
13969,2011-12-01,61,365,8
13969,2011-12-02,6,366,8
13971,2011-02-27,16,88,88
13971,2011-03-15,19,104,88
13971,2011-05-09,18,159,88
13971,2011-06-14,14,195,88
13971,2011-08-22,24,264,88
13971,2011-08-25,17,267,88
13971,2011-10-11,22,314,88
13971,2011-11-21,19,355,88
13972,2011-05-22,9,172,172
13972,2011-09-30,6,303,172
13973,2011-02-25,11,86,86
13974,2011-10-21,28,324,324
13975,2011-03-08,117,97,97
13975,2011-05-08,11,158,97
13975,2011-07-29,8,240,97
13975,2011-08-03,78,245,97
13975,2011-11-08,124,342,97
13976,2011-05-17,10,167,167
13978,2011-10-25,14,328,328
13978,2011-11-25,1,359,328
13979,2011-09-27,54,300,300
13980,2011-10-10,11,313,313
13982,2010-12-09,23,8,8
13982,2011-01-17,29,47,8
13982,2011-06-29,21,210,8
13982,2011-10-31,38,334,8
13983,2010-12-08,15,7,7
13983,2011-01-17,35,47,7
13983,2011-02-07,1,68,7
13983,2011-03-16,1,105,7
13983,2011-04-21,18,141,7
13983,2011-06-05,6,186,7
13983,2011-09-12,17,285,7
13983,2011-10-12,5,315,7
13983,2011-10-31,8,334,7
13983,2011-11-10,1,344,7
13984,2010-12-08,5,7,7
13984,2011-01-18,4,48,7
13984,2011-04-04,1,124,7
13984,2011-08-05,2,247,7
13984,2011-11-13,4,347,7
13985,2011-03-20,20,109,109
13985,2011-05-09,13,159,109
13985,2011-06-08,29,189,109
13985,2011-07-06,24,217,109
13985,2011-08-04,26,246,109
13985,2011-08-11,21,253,109
13985,2011-08-24,23,266,109
13985,2011-09-29,46,302,109
13985,2011-10-12,29,315,109
13985,2011-10-28,20,331,109
13985,2011-11-07,22,341,109
13985,2011-11-18,18,352,109
13985,2011-11-22,23,356,109
13985,2011-11-25,32,359,109
13985,2011-12-05,5,369,109
13986,2011-11-22,13,356,356
13988,2011-03-30,43,119,119
13988,2011-05-23,31,173,119
13988,2011-06-30,38,211,119
13988,2011-09-28,68,301,119
13988,2011-10-27,27,330,119
13988,2011-11-20,27,354,119
13989,2011-04-14,23,134,134
13989,2011-10-05,18,308,134
13990,2011-05-10,16,160,160
13991,2011-07-19,7,230,230
13991,2011-09-25,32,298,230
13991,2011-10-18,11,321,230
13991,2011-11-23,6,357,230
13991,2011-11-27,28,361,230
13992,2011-11-09,5,343,343
13993,2011-01-13,18,43,43
13993,2011-02-23,20,84,43
13993,2011-04-15,15,135,43
13993,2011-05-18,16,168,43
13993,2011-07-17,22,228,43
13993,2011-08-31,2,273,43
13993,2011-09-11,10,284,43
13993,2011-10-06,11,309,43
13993,2011-10-28,7,331,43
13994,2011-07-14,17,225,225
13994,2011-08-26,4,268,225
13994,2011-09-23,21,296,225
13994,2011-10-03,75,306,225
13994,2011-10-31,33,334,225
13994,2011-12-06,5,370,225
13995,2011-04-08,17,128,128
13995,2011-07-21,28,232,128
13995,2011-08-16,9,258,128
13995,2011-10-14,19,317,128
13995,2011-11-24,13,358,128
13999,2010-12-13,17,12,12
13999,2011-01-21,15,51,12
13999,2011-03-30,16,119,12
13999,2011-05-09,24,159,12
13999,2011-06-13,15,194,12
13999,2011-07-06,19,217,12
13999,2011-07-27,14,238,12
13999,2011-08-16,19,258,12
13999,2011-09-05,15,278,12
13999,2011-10-06,13,309,12
13999,2011-11-11,21,345,12
13999,2011-11-29,20,363,12
14000,2011-05-12,15,162,162
14001,2010-12-01,9,0,0
14001,2011-04-21,15,141,0
14001,2011-10-25,15,328,0
14002,2011-07-06,14,217,217
14002,2011-07-28,33,239,217
14004,2011-02-24,29,85,85
14004,2011-06-19,28,200,85
14004,2011-08-04,26,246,85
14004,2011-08-23,24,265,85
14004,2011-09-02,8,275,85
14004,2011-09-22,22,295,85
14004,2011-10-27,34,330,85
14005,2011-05-08,14,158,158
14005,2011-06-17,8,198,158
14005,2011-07-29,16,240,158
14005,2011-09-25,16,298,158
14005,2011-11-30,30,364,158
14006,2011-01-31,7,61,61
14006,2011-04-12,13,132,61
14006,2011-08-16,10,258,61
14009,2011-05-18,24,168,168
14009,2011-05-25,18,175,168
14012,2011-03-07,11,96,96
14013,2011-03-09,8,98,98
14013,2011-07-17,11,228,98
14013,2011-08-21,15,263,98
14014,2011-09-23,39,296,296
14015,2011-10-18,20,321,321
14016,2010-12-17,39,16,16
14016,2011-03-15,45,104,16
14016,2011-05-16,32,166,16
14016,2011-07-01,45,212,16
14019,2011-07-24,25,235,235
14019,2011-09-02,17,275,235
14019,2011-10-24,24,327,235
14020,2011-09-12,18,285,285
14020,2011-11-23,21,357,285
14021,2011-03-28,3,117,117
14021,2011-05-12,15,162,117
14021,2011-07-07,4,218,117
14022,2011-04-28,28,148,148
14023,2011-04-03,16,123,123
14023,2011-12-02,15,366,123
14024,2011-08-07,13,249,249
14024,2011-08-10,3,252,249
14027,2011-10-10,6,313,313
14029,2011-07-18,6,229,229
14029,2011-10-07,9,310,229
14030,2010-12-08,27,7,7
14030,2011-02-07,39,68,7
14030,2011-04-08,44,128,7
14030,2011-04-10,21,130,7
14030,2011-08-10,33,252,7
14030,2011-09-11,21,284,7
14030,2011-11-21,58,355,7
14031,2010-12-02,25,1,1
14031,2010-12-09,3,8,1
14031,2010-12-17,6,16,1
14031,2011-01-06,10,36,1
14031,2011-01-19,6,49,1
14031,2011-03-04,10,93,1
14031,2011-03-31,5,120,1
14031,2011-04-21,38,141,1
14031,2011-05-13,4,163,1
14031,2011-05-27,26,177,1
14031,2011-06-24,21,205,1
14031,2011-08-05,20,247,1
14031,2011-09-26,20,299,1
14031,2011-10-03,2,306,1
14031,2011-10-21,23,324,1
14031,2011-11-18,22,352,1
14031,2011-12-02,9,366,1
14032,2010-12-08,14,7,7
14032,2010-12-19,15,18,7
14032,2011-03-09,20,98,7
14032,2011-04-12,17,132,7
14032,2011-05-17,17,167,7
14032,2011-06-24,13,205,7
14032,2011-09-13,19,286,7
14032,2011-11-02,2,336,7
14032,2011-11-17,16,351,7
14032,2011-11-23,8,357,7
14032,2011-12-07,2,371,7
14034,2011-07-05,25,216,216
14034,2011-11-17,64,351,216
14035,2011-02-15,11,76,76
14035,2011-03-17,12,106,76
14035,2011-08-24,3,266,76
14035,2011-10-23,28,326,76
14035,2011-11-11,12,345,76
14036,2011-02-28,38,89,89
14037,2010-12-10,26,9,9
14037,2011-06-16,2,197,9
14038,2011-05-16,45,166,166
14038,2011-07-18,20,229,166
14038,2011-09-22,27,295,166
14039,2011-11-06,6,340,340
14040,2011-01-12,24,42,42
14040,2011-01-27,5,57,42
14040,2011-01-30,38,60,42
14040,2011-04-14,5,134,42
14040,2011-05-08,38,158,42
14040,2011-06-09,12,190,42
14040,2011-07-27,7,238,42
14040,2011-08-14,41,256,42
14040,2011-09-06,8,279,42
14040,2011-10-09,53,312,42
14040,2011-10-30,4,333,42
14041,2011-03-18,21,107,107
14044,2011-02-03,55,64,64
14044,2011-07-17,58,228,64
14044,2011-08-28,72,270,64
14044,2011-11-13,24,347,64
14045,2010-12-01,1,0,0
14045,2011-01-06,4,36,0
14045,2011-08-22,1,264,0
14046,2011-02-28,14,89,89
14047,2010-12-02,12,1,1
14047,2011-01-07,1,37,1
14047,2011-05-24,5,174,1
14047,2011-09-27,3,300,1
14047,2011-12-01,11,365,1
14048,2011-02-07,85,68,68
14049,2011-01-26,110,56,56
14049,2011-05-23,143,173,56
14049,2011-07-04,23,215,56
14049,2011-11-23,212,357,56
14050,2011-08-25,37,267,267
14050,2011-11-08,17,342,267
14051,2010-12-08,14,7,7
14051,2010-12-14,6,13,7
14051,2010-12-20,13,19,7
14051,2011-01-28,8,58,7
14051,2011-02-16,4,77,7
14051,2011-02-25,7,86,7
14051,2011-03-22,10,111,7
14051,2011-04-14,8,134,7
14051,2011-04-27,11,147,7
14051,2011-05-10,12,160,7
14051,2011-06-19,9,200,7
14051,2011-07-05,10,216,7
14051,2011-07-21,8,232,7
14051,2011-08-18,4,260,7
14051,2011-09-09,5,282,7
14051,2011-10-02,14,305,7
14051,2011-10-11,12,314,7
14051,2011-10-26,11,329,7
14051,2011-11-09,10,343,7
14051,2011-11-22,10,356,7
14051,2011-12-01,9,365,7
14051,2011-12-09,15,373,7
14052,2011-11-20,56,354,354
14053,2011-07-03,3,214,214
14053,2011-08-07,1,249,214
14054,2011-10-05,6,308,308
14055,2011-08-25,10,267,267
14056,2011-02-28,131,89,89
14056,2011-03-10,34,99,89
14056,2011-03-17,21,106,89
14056,2011-03-24,29,113,89
14056,2011-03-31,27,120,89
14056,2011-04-15,41,135,89
14056,2011-05-06,44,156,89
14056,2011-05-11,61,161,89
14056,2011-05-20,21,170,89
14056,2011-05-26,50,176,89
14056,2011-06-08,49,189,89
14056,2011-07-04,87,215,89
14056,2011-07-20,51,231,89
14056,2011-08-03,35,245,89
14056,2011-08-09,18,251,89
14056,2011-08-10,1,252,89
14056,2011-08-24,45,266,89
14056,2011-09-16,36,289,89
14056,2011-10-04,83,307,89
14056,2011-10-18,66,321,89
14056,2011-11-04,58,338,89
14056,2011-11-24,66,358,89
14056,2011-12-08,52,372,89
14057,2010-12-14,48,13,13
14057,2011-02-18,58,79,13
14057,2011-03-03,20,92,13
14057,2011-03-04,6,93,13
14057,2011-04-14,13,134,13
14057,2011-05-24,12,174,13
14057,2011-06-30,29,211,13
14057,2011-07-24,17,235,13
14057,2011-08-16,25,258,13
14057,2011-08-22,9,264,13
14057,2011-08-31,1,273,13
14057,2011-09-11,15,284,13
14057,2011-10-04,17,307,13
14057,2011-11-16,14,350,13
14059,2011-03-18,8,107,107
14060,2010-12-02,8,1,1
14060,2010-12-08,4,7,1
14060,2010-12-15,4,14,1
14060,2011-01-10,13,40,1
14060,2011-01-26,11,56,1
14060,2011-02-22,16,83,1
14060,2011-03-14,2,103,1
14060,2011-04-13,22,133,1
14060,2011-04-21,3,141,1
14060,2011-05-18,7,168,1
14060,2011-06-09,10,190,1
14060,2011-07-17,9,228,1
14060,2011-08-01,17,243,1
14060,2011-08-23,13,265,1
14060,2011-09-13,15,286,1
14060,2011-09-21,19,294,1
14060,2011-10-14,12,317,1
14060,2011-11-17,8,351,1
14060,2011-12-05,9,369,1
14062,2010-12-10,21,9,9
14062,2010-12-20,7,19,9
14062,2011-01-20,16,50,9
14062,2011-04-13,12,133,9
14062,2011-04-14,14,134,9
14062,2011-06-16,5,197,9
14062,2011-07-18,6,229,9
14062,2011-08-19,8,261,9
14062,2011-09-09,7,282,9
14062,2011-09-29,1,302,9
14062,2011-11-30,14,364,9
14064,2011-03-10,16,99,99
14064,2011-03-31,8,120,99
14064,2011-05-12,8,162,99
14064,2011-08-18,26,260,99
14064,2011-11-10,22,344,99
14066,2011-03-18,7,107,107
14067,2011-09-04,25,277,277
14067,2011-10-07,27,310,277
14068,2011-01-23,24,53,53
14071,2011-03-20,20,109,109
14071,2011-03-24,9,113,109
14071,2011-10-23,12,326,109
14071,2011-10-28,85,331,109
14071,2011-11-08,47,342,109
14071,2011-11-20,78,354,109
14071,2011-12-06,73,370,109
14073,2011-11-07,13,341,341
14075,2011-03-23,18,112,112
14075,2011-11-20,17,354,112
14075,2011-12-05,8,369,112
14076,2011-08-02,46,244,244
14077,2011-03-10,20,99,99
14077,2011-04-28,6,148,99
14077,2011-06-10,8,191,99
14077,2011-09-22,6,295,99
14077,2011-10-30,2,333,99
14078,2010-12-01,13,0,0
14078,2011-02-28,7,89,0
14078,2011-04-27,10,147,0
14078,2011-05-10,9,160,0
14078,2011-06-08,13,189,0
14078,2011-08-30,13,272,0
14079,2011-08-07,12,249,249
14080,2011-11-07,4,341,341
14081,2010-12-05,69,4,4
14081,2011-02-10,84,71,4
14082,2010-12-10,29,9,9
14083,2010-12-03,66,2,2
14083,2010-12-20,29,19,2
14083,2011-03-11,1,100,2
14083,2011-05-24,2,174,2
14083,2011-07-29,3,240,2
14083,2011-08-05,1,247,2
14083,2011-12-02,7,366,2
14083,2011-12-05,72,369,2
14085,2010-12-06,12,5,5
14085,2010-12-13,41,12,5
14085,2010-12-23,32,22,5
14085,2011-01-13,27,43,5
14085,2011-01-20,31,50,5
14085,2011-02-03,27,64,5
14085,2011-03-09,25,98,5
14085,2011-03-24,19,113,5
14085,2011-03-25,27,114,5
14085,2011-05-25,46,175,5
14085,2011-06-17,15,198,5
14085,2011-07-21,44,232,5
14085,2011-10-25,24,328,5
14085,2011-11-30,17,364,5
14085,2011-12-02,48,366,5
14085,2011-12-07,15,371,5
14087,2011-12-07,69,371,371
14088,2011-01-21,93,51,51
14088,2011-06-02,89,183,51
14088,2011-06-22,4,203,51
14088,2011-07-19,84,230,51
14088,2011-07-27,3,238,51
14088,2011-08-03,22,245,51
14088,2011-10-16,96,319,51
14088,2011-11-02,34,336,51
14088,2011-11-18,2,352,51
14088,2011-11-23,132,357,51
14088,2011-11-24,1,358,51
14088,2011-11-29,29,363,51
14089,2011-10-14,14,317,317
14090,2011-01-19,1,49,49
14092,2010-12-16,13,15,15
14092,2010-12-22,28,21,15
14092,2011-01-21,19,51,15
14092,2011-03-15,13,104,15
14092,2011-04-17,17,137,15
14092,2011-05-27,15,177,15
14092,2011-06-22,13,203,15
14092,2011-07-31,21,242,15
14092,2011-09-01,18,274,15
14092,2011-10-03,16,306,15
14092,2011-11-16,24,350,15
14092,2011-12-02,17,366,15
14093,2011-11-27,105,361,361
14096,2011-08-30,6,272,272
14096,2011-09-02,19,275,272
14096,2011-09-09,34,282,272
14096,2011-09-13,70,286,272
14096,2011-09-21,421,294,272
14096,2011-09-26,335,299,272
14096,2011-10-03,285,306,272
14096,2011-10-10,353,313,272
14096,2011-10-17,364,320,272
14096,2011-10-24,352,327,272
14096,2011-10-26,14,329,272
14096,2011-10-31,435,334,272
14096,2011-11-10,377,344,272
14096,2011-11-14,542,348,272
14096,2011-11-23,442,357,272
14096,2011-11-28,533,362,272
14096,2011-12-05,529,369,272
14098,2011-11-03,21,337,337
14099,2010-12-20,40,19,19
14099,2011-01-14,19,44,19
14099,2011-02-17,17,78,19
14099,2011-03-30,28,119,19
14099,2011-05-05,23,155,19
14099,2011-06-22,21,203,19
14099,2011-07-05,25,216,19
14099,2011-08-11,27,253,19
14099,2011-10-05,19,308,19
14099,2011-10-27,16,330,19
14099,2011-11-23,15,357,19
14100,2011-07-25,26,236,236
14101,2011-01-17,3,47,47
14101,2011-02-18,12,79,47
14101,2011-03-20,4,109,47
14101,2011-05-26,6,176,47
14101,2011-07-20,5,231,47
14101,2011-09-27,5,300,47
14102,2011-10-26,36,329,329
14102,2011-11-02,20,336,329
14102,2011-11-17,9,351,329
14102,2011-11-28,9,362,329
14102,2011-12-04,5,368,329
14104,2011-06-27,19,208,208
14104,2011-07-08,2,219,208
14105,2011-04-14,74,134,134
14107,2010-12-10,16,9,9
14107,2011-02-16,15,77,9
14107,2011-03-25,28,114,9
14107,2011-05-03,13,153,9
14107,2011-06-16,18,197,9
14107,2011-09-04,25,277,9
14107,2011-10-19,8,322,9
14108,2011-08-30,16,272,272
14108,2011-11-09,18,343,272
14109,2011-09-28,9,301,301
14110,2011-03-18,32,107,107
14110,2011-05-03,29,153,107
14110,2011-06-21,9,202,107
14110,2011-07-13,9,224,107
14110,2011-08-12,23,254,107
14110,2011-09-12,21,285,107
14110,2011-09-14,3,287,107
14110,2011-10-04,11,307,107
14110,2011-10-28,14,331,107
14110,2011-11-03,3,337,107
14110,2011-11-18,1,352,107
14110,2011-12-06,1,370,107
14111,2011-04-12,2,132,132
14111,2011-08-25,1,267,132
14111,2011-09-05,2,278,132
14111,2011-11-25,5,359,132
14112,2011-03-09,40,98,98
14112,2011-05-20,31,170,98
14112,2011-08-01,39,243,98
14112,2011-10-30,44,333,98
14112,2011-11-17,6,351,98
14113,2010-12-20,2,19,19
14113,2011-09-22,7,295,19
14113,2011-11-17,14,351,19
14113,2011-12-06,11,370,19
14114,2011-01-13,11,43,43
14114,2011-03-11,4,100,43
14116,2011-08-10,17,252,252
14116,2011-09-08,16,281,252
14116,2011-10-06,19,309,252
14116,2011-11-08,12,342,252
14116,2011-11-20,8,354,252
14117,2011-07-19,3,230,230
14121,2011-10-11,20,314,314
14121,2011-11-10,68,344,314
14121,2011-11-29,32,363,314
14121,2011-12-06,39,370,314
14124,2011-09-16,5,289,289
14125,2011-09-22,84,295,295
14125,2011-11-11,60,345,295
14125,2011-11-29,23,363,295
14126,2011-11-29,14,363,363
14126,2011-12-02,1,366,363
14127,2011-02-02,20,63,63
14127,2011-03-28,9,117,63
14127,2011-08-09,15,251,63
14128,2011-03-29,22,118,118
14128,2011-10-10,24,313,118
14129,2011-03-24,16,113,113
14129,2011-09-05,18,278,113
14129,2011-11-22,10,356,113
14129,2011-12-08,8,372,113
14130,2011-01-24,67,54,54
14132,2011-06-09,24,190,190
14132,2011-06-30,18,211,190
14132,2011-07-12,13,223,190
14132,2011-08-03,14,245,190
14132,2011-08-18,18,260,190
14132,2011-09-13,20,286,190
14132,2011-10-10,17,313,190
14132,2011-11-04,23,338,190
14132,2011-11-09,11,343,190
14132,2011-11-25,22,359,190
14132,2011-12-07,20,371,190
14133,2011-01-28,16,58,58
14133,2011-08-02,12,244,58
14135,2010-12-02,23,1,1
14135,2010-12-07,14,6,1
14135,2010-12-21,5,20,1
14135,2011-01-06,8,36,1
14135,2011-01-11,15,41,1
14135,2011-01-17,5,47,1
14135,2011-05-03,13,153,1
14135,2011-06-06,6,187,1
14135,2011-08-26,17,268,1
14135,2011-09-25,5,298,1
14135,2011-11-06,6,340,1
14135,2011-11-07,5,341,1
14135,2011-12-01,4,365,1
14135,2011-12-08,8,372,1
14138,2011-10-07,33,310,310
14138,2011-12-08,14,372,310
14139,2011-10-24,26,327,327
14140,2011-11-08,40,342,342
14140,2011-12-06,26,370,342
14141,2011-08-26,16,268,268
14141,2011-09-27,7,300,268
14141,2011-10-11,7,314,268
14141,2011-12-07,10,371,268
14142,2010-12-01,22,0,0
14143,2011-07-29,7,240,240
14145,2011-05-06,4,156,156
14145,2011-07-04,3,215,156
14145,2011-07-06,1,217,156
14145,2011-10-24,3,327,156
14146,2010-12-17,35,16,16
14146,2011-03-30,30,119,16
14146,2011-09-19,72,292,16
14146,2011-12-01,73,365,16
14147,2011-02-27,2,88,88
14147,2011-09-22,3,295,88
14148,2011-04-20,3,140,140
14149,2011-05-03,28,153,153
14150,2010-12-15,12,14,14
14150,2011-11-04,14,338,14
14152,2011-04-19,29,139,139
14152,2011-09-25,20,298,139
14154,2011-04-14,52,134,134
14155,2011-03-18,6,107,107
14156,2010-12-03,3,2,2
14156,2011-01-14,41,44,2
14156,2011-02-03,40,64,2
14156,2011-02-14,76,75,2
14156,2011-02-15,133,76,2
14156,2011-02-23,15,84,2
14156,2011-03-01,6,90,2
14156,2011-03-10,63,99,2
14156,2011-03-15,27,104,2
14156,2011-04-04,14,124,2
14156,2011-04-17,25,137,2
14156,2011-04-19,21,139,2
14156,2011-05-06,20,156,2
14156,2011-05-16,32,166,2
14156,2011-06-06,45,187,2
14156,2011-06-15,31,196,2
14156,2011-06-22,28,203,2
14156,2011-06-24,41,205,2
14156,2011-06-29,25,210,2
14156,2011-07-01,2,212,2
14156,2011-07-14,28,225,2
14156,2011-07-19,63,230,2
14156,2011-07-31,19,242,2
14156,2011-08-05,147,247,2
14156,2011-08-10,21,252,2
14156,2011-08-15,31,257,2
14156,2011-08-17,49,259,2
14156,2011-09-04,6,277,2
14156,2011-09-05,56,278,2
14156,2011-09-06,63,279,2
14156,2011-09-07,31,280,2
14156,2011-09-30,27,303,2
14156,2011-10-10,2,313,2
14156,2011-10-12,12,315,2
14156,2011-10-14,19,317,2
14156,2011-10-17,14,320,2
14156,2011-10-18,23,321,2
14156,2011-10-21,9,324,2
14156,2011-11-07,5,341,2
14156,2011-11-11,17,345,2
14156,2011-11-15,13,349,2
14156,2011-11-16,26,350,2
14156,2011-11-30,31,364,2
14157,2011-02-27,39,88,88
14157,2011-11-20,9,354,88
14158,2011-10-30,41,333,333
14159,2010-12-12,51,11,11
14159,2011-03-28,118,117,11
14159,2011-06-05,105,186,11
14159,2011-06-23,82,204,11
14159,2011-07-13,132,224,11
14159,2011-07-18,92,229,11
14159,2011-09-05,150,278,11
14159,2011-09-19,84,292,11
14159,2011-10-18,48,321,11
14159,2011-10-30,144,333,11
14159,2011-11-20,198,354,11
14161,2010-12-05,26,4,4
14161,2011-03-06,25,95,4
14161,2011-05-08,57,158,4
14162,2011-02-20,13,81,81
14162,2011-06-19,12,200,81
14163,2011-04-14,17,134,134
14163,2011-05-24,8,174,134
14163,2011-07-10,17,221,134
14163,2011-09-13,10,286,134
14164,2011-09-20,28,293,293
14164,2011-09-30,1,303,293
14165,2011-03-09,25,98,98
14167,2011-01-12,18,42,42
14167,2011-03-21,9,110,42
14167,2011-06-27,14,208,42
14167,2011-10-31,11,334,42
14171,2011-09-02,58,275,275
14173,2011-05-04,11,154,154
14173,2011-10-25,12,328,154
14173,2011-11-29,6,363,154
14174,2011-11-06,26,340,340
14175,2011-01-14,16,44,44
14175,2011-06-21,43,202,44
14175,2011-10-11,90,314,44
14176,2010-12-07,9,6,6
14176,2011-01-17,4,47,6
14176,2011-02-15,18,76,6
14177,2011-06-13,20,194,194
14177,2011-09-05,19,278,194
14177,2011-09-14,3,287,194
14178,2011-06-10,29,191,191
14178,2011-07-19,57,230,191
14178,2011-09-02,18,275,191
14178,2011-10-04,47,307,191
14178,2011-10-30,52,333,191
14178,2011-11-11,55,345,191
14178,2011-12-01,69,365,191
14179,2011-10-18,125,321,321
14179,2011-10-30,40,333,321
14180,2010-12-02,12,1,1
14180,2010-12-13,17,12,1
14180,2010-12-16,20,15,1
14180,2011-01-04,13,34,1
14180,2011-01-19,14,49,1
14180,2011-02-01,8,62,1
14180,2011-02-07,7,68,1
14180,2011-02-16,7,77,1
14180,2011-03-02,16,91,1
14180,2011-03-14,11,103,1
14180,2011-03-30,15,119,1
14180,2011-04-18,11,138,1
14180,2011-05-06,9,156,1
14180,2011-05-18,11,168,1
14180,2011-06-07,8,188,1
14180,2011-06-24,9,205,1
14180,2011-07-07,6,218,1
14180,2011-07-24,6,235,1
14180,2011-08-09,9,251,1
14180,2011-08-25,5,267,1
14180,2011-09-09,4,282,1
14180,2011-10-13,5,316,1
14180,2011-11-10,9,344,1
14180,2011-11-29,8,363,1
14184,2011-10-04,24,307,307
14185,2011-01-12,3,42,42
14188,2011-02-02,12,63,63
14188,2011-05-09,11,159,63
14188,2011-07-08,11,219,63
14188,2011-08-22,9,264,63
14188,2011-09-29,12,302,63
14188,2011-11-09,10,343,63
14189,2010-12-06,9,5,5
14189,2011-01-05,22,35,5
14189,2011-01-25,16,55,5
14189,2011-02-24,14,85,5
14189,2011-03-29,18,118,5
14189,2011-04-21,20,141,5
14189,2011-05-23,20,173,5
14189,2011-07-05,18,216,5
14189,2011-08-18,27,260,5
14189,2011-09-04,20,277,5
14189,2011-10-27,26,330,5
14189,2011-11-10,19,344,5
14189,2011-11-23,18,357,5
14189,2011-12-07,18,371,5
14191,2011-05-03,10,153,153
14191,2011-05-24,17,174,153
14191,2011-06-08,9,189,153
14191,2011-06-30,15,211,153
14191,2011-07-29,23,240,153
14191,2011-08-10,20,252,153
14191,2011-08-23,19,265,153
14191,2011-09-20,16,293,153
14191,2011-10-18,21,321,153
14191,2011-11-01,22,335,153
14191,2011-11-17,36,351,153
14191,2011-11-29,19,363,153
14191,2011-12-08,32,372,153
14193,2011-03-15,23,104,104
14193,2011-10-03,19,306,104
14194,2011-02-04,30,65,65
14194,2011-03-18,64,107,65
14194,2011-05-13,63,163,65
14194,2011-05-27,39,177,65
14194,2011-06-20,24,201,65
14194,2011-07-25,26,236,65
14194,2011-08-17,29,259,65
14194,2011-08-25,42,267,65
14194,2011-09-13,19,286,65
14194,2011-09-25,37,298,65
14194,2011-10-11,31,314,65
14194,2011-10-28,59,331,65
14194,2011-11-15,46,349,65
14194,2011-11-21,48,355,65
14194,2011-12-05,22,369,65
14195,2011-04-01,5,121,121
14195,2011-05-22,2,172,121
14196,2011-08-25,6,267,267
14198,2011-04-14,12,134,134
14198,2011-07-17,9,228,134
14198,2011-09-14,8,287,134
14198,2011-11-21,10,355,134
14199,2011-05-05,2,155,155
14201,2010-12-15,4,14,14
14201,2011-04-19,7,139,14
14201,2011-05-08,6,158,14
14201,2011-06-06,3,187,14
14201,2011-07-13,4,224,14
14201,2011-09-20,6,293,14
14201,2011-10-10,7,313,14
14204,2011-12-07,44,371,371
14205,2011-03-20,14,109,109
14205,2011-11-23,10,357,109
14206,2011-04-14,20,134,134
14208,2011-09-06,10,279,279
14209,2011-01-11,16,41,41
14209,2011-03-25,19,114,41
14209,2011-05-10,18,160,41
14209,2011-07-22,15,233,41
14209,2011-08-10,13,252,41
14209,2011-11-29,6,363,41
14210,2010-12-03,15,2,2
14210,2011-01-04,22,34,2
14210,2011-02-16,16,77,2
14210,2011-04-26,16,146,2
14210,2011-05-26,17,176,2
14210,2011-08-26,16,268,2
14211,2011-02-17,5,78,78
14211,2011-02-28,20,89,78
14211,2011-04-15,9,135,78
14211,2011-04-19,9,139,78
14211,2011-05-16,5,166,78
14211,2011-09-04,13,277,78
14211,2011-09-20,9,293,78
14211,2011-10-13,18,316,78
14211,2011-10-17,24,320,78
14212,2011-09-11,9,284,284
14214,2011-03-07,37,96,96
14214,2011-06-22,17,203,96
14214,2011-07-06,5,217,96
14214,2011-10-20,4,323,96
14214,2011-11-09,4,343,96
14215,2010-12-06,6,5,5
14215,2011-01-13,37,43,5
14215,2011-01-28,8,58,5
14215,2011-06-06,11,187,5
14215,2011-09-23,18,296,5
14215,2011-11-28,28,362,5
14216,2011-11-02,30,336,336
14216,2011-11-23,10,357,336
14216,2011-12-01,13,365,336
14216,2011-12-06,6,370,336
14217,2010-12-08,7,7,7
14217,2011-01-07,4,37,7
14217,2011-01-11,4,41,7
14217,2011-02-01,6,62,7
14217,2011-03-20,6,109,7
14217,2011-04-08,5,128,7
14217,2011-05-16,8,166,7
14217,2011-06-08,10,189,7
14217,2011-07-07,6,218,7
14217,2011-09-01,7,274,7
14217,2011-09-26,10,299,7
14217,2011-10-13,5,316,7
14217,2011-10-30,5,333,7
14217,2011-11-15,7,349,7
14217,2011-11-28,4,362,7
14217,2011-12-08,6,372,7
14218,2011-10-28,12,331,331
14219,2011-12-05,7,369,369
14220,2010-12-16,11,15,15
14220,2011-04-06,10,126,15
14221,2011-01-04,18,34,34
14221,2011-05-17,23,167,34
14221,2011-06-02,40,183,34
14221,2011-07-13,24,224,34
14221,2011-08-18,32,260,34
14221,2011-09-20,34,293,34
14221,2011-10-28,22,331,34
14222,2011-06-15,41,196,196
14223,2011-03-20,18,109,109
14223,2011-07-05,21,216,109
14223,2011-09-08,21,281,109
14224,2011-01-23,40,53,53
14224,2011-05-08,41,158,53
14224,2011-07-17,16,228,53
14224,2011-08-21,21,263,53
14226,2011-03-15,24,104,104
14226,2011-05-13,18,163,104
14226,2011-09-30,12,303,104
14226,2011-11-10,12,344,104
14226,2011-11-11,1,345,104
14227,2011-02-28,46,89,89
14227,2011-04-08,13,128,89
14227,2011-04-18,17,138,89
14227,2011-05-27,58,177,89
14227,2011-09-15,26,288,89
14227,2011-11-13,15,347,89
14229,2011-01-10,20,40,40
14229,2011-02-21,6,82,40
14229,2011-10-19,14,322,40
14231,2011-02-24,19,85,85
14231,2011-04-21,19,141,85
14231,2011-06-09,12,190,85
14232,2011-03-20,47,109,109
14232,2011-06-06,14,187,109
14232,2011-07-25,16,236,109
14232,2011-08-16,14,258,109
14232,2011-10-28,24,331,109
14233,2011-01-26,6,56,56
14233,2011-02-02,9,63,56
14233,2011-05-12,5,162,56
14233,2011-10-21,15,324,56
14234,2011-10-13,131,316,316
14234,2011-10-25,6,328,316
14234,2011-11-09,15,343,316
14234,2011-11-17,7,351,316
14235,2011-03-24,30,113,113
14235,2011-04-27,17,147,113
14235,2011-07-05,25,216,113
14235,2011-09-25,7,298,113
14236,2010-12-02,3,1,1
14236,2011-09-20,12,293,1
14237,2010-12-01,9,0,0
14238,2011-01-17,8,47,47
14239,2011-01-27,9,57,57
14239,2011-02-28,12,89,57
14239,2011-03-02,22,91,57
14239,2011-04-07,6,127,57
14239,2011-05-17,17,167,57
14239,2011-05-23,1,173,57
14239,2011-08-01,6,243,57
14239,2011-09-01,8,274,57
14239,2011-09-06,10,279,57
14239,2011-09-29,14,302,57
14239,2011-10-27,7,330,57
14240,2011-04-28,10,148,148
14240,2011-11-09,32,343,148
14241,2011-06-09,10,190,190
14242,2011-01-18,8,48,48
14242,2011-04-19,8,139,48
14243,2010-12-09,8,8,8
14243,2010-12-17,11,16,8
14243,2011-01-26,21,56,8
14243,2011-02-24,20,85,8
14243,2011-04-08,23,128,8
14243,2011-06-16,15,197,8
14243,2011-07-22,14,233,8
14243,2011-09-05,15,278,8
14243,2011-11-01,8,335,8
14243,2011-12-01,6,365,8
14245,2011-03-21,67,110,110
14245,2011-05-04,41,154,110
14246,2011-04-08,24,128,128
14246,2011-07-25,26,236,128
14246,2011-08-21,25,263,128
14247,2011-03-06,20,95,95
14248,2011-01-25,8,55,55
14250,2011-09-11,74,284,284
14250,2011-12-02,37,366,284
14251,2011-10-13,36,316,316
14251,2011-11-22,9,356,316
14251,2011-11-24,10,358,316
14251,2011-11-29,13,363,316
14251,2011-12-08,10,372,316
14256,2010-12-10,32,9,9
14256,2011-03-24,21,113,9
14257,2011-01-25,39,55,55
14257,2011-06-08,17,189,55
14257,2011-07-03,7,214,55
14257,2011-08-08,37,250,55
14257,2011-10-06,6,309,55
14258,2011-01-06,31,36,36
14258,2011-02-14,9,75,36
14258,2011-03-20,6,109,36
14258,2011-04-08,6,128,36
14258,2011-05-24,15,174,36
14258,2011-07-11,20,222,36
14258,2011-09-11,16,284,36
14258,2011-11-30,8,364,36
14259,2011-07-21,5,232,232
14261,2011-09-22,45,295,295
14261,2011-10-20,7,323,295
14262,2011-04-13,16,133,133
14262,2011-07-05,15,216,133
14262,2011-08-24,20,266,133
14262,2011-09-16,27,289,133
14262,2011-10-17,12,320,133
14262,2011-11-10,27,344,133
14262,2011-11-22,6,356,133
14262,2011-12-01,20,365,133
14264,2011-04-08,5,128,128
14264,2011-07-08,12,219,128
14265,2011-07-14,15,225,225
14265,2011-08-22,16,264,225
14267,2011-03-24,30,113,113
14267,2011-06-30,25,211,113
14270,2011-01-12,29,42,42
14271,2011-04-28,10,148,148
14272,2011-03-30,8,119,119
14272,2011-09-27,25,300,119
14273,2011-04-11,6,131,131
14273,2011-05-06,6,156,131
14273,2011-07-26,11,237,131
14273,2011-10-19,6,322,131
14276,2011-02-23,19,84,84
14276,2011-06-12,24,193,84
14276,2011-09-02,21,275,84
14277,2011-05-11,75,161,161
14277,2011-11-18,24,352,161
14277,2011-11-24,126,358,161
14280,2011-05-27,8,177,177
14282,2010-12-07,13,6,6
14282,2011-03-18,21,107,6
14282,2011-04-27,8,147,6
14282,2011-05-18,16,168,6
14282,2011-05-20,5,170,6
14282,2011-06-16,12,197,6
14282,2011-06-30,8,211,6
14282,2011-08-15,6,257,6
14282,2011-08-22,5,264,6
14282,2011-09-19,17,292,6
14282,2011-11-08,15,342,6
14282,2011-11-17,7,351,6
14282,2011-11-20,9,354,6
14282,2011-12-01,8,365,6
14282,2011-12-06,6,370,6
14284,2011-09-14,13,287,287
14284,2011-11-09,19,343,287
14285,2011-06-16,1,197,197
14285,2011-09-25,16,298,197
14285,2011-11-02,5,336,197
14285,2011-11-18,5,352,197
14286,2011-04-11,141,131,131
14286,2011-10-25,47,328,131
14286,2011-11-16,92,350,131
14287,2011-05-25,4,175,175
14287,2011-12-01,5,365,175
14288,2011-05-10,16,160,160
14289,2011-02-23,19,84,84
14289,2011-04-12,9,132,84
14289,2011-05-24,6,174,84
14289,2011-06-16,4,197,84
14289,2011-07-28,4,239,84
14289,2011-12-01,5,365,84
14290,2010-12-13,23,12,12
14290,2011-09-19,17,292,12
14290,2011-10-03,33,306,12
14290,2011-10-14,12,317,12
14290,2011-11-28,16,362,12
14291,2011-03-09,52,98,98
14291,2011-05-13,37,163,98
14291,2011-06-20,31,201,98
14291,2011-08-11,19,253,98
14291,2011-10-04,43,307,98
14291,2011-10-13,20,316,98
14291,2011-12-08,35,372,98
14292,2011-03-02,19,91,91
14292,2011-05-19,23,169,91
14292,2011-07-17,20,228,91
14292,2011-09-12,18,285,91
14292,2011-10-31,13,334,91
14292,2011-12-02,7,366,91
14293,2010-12-06,15,5,5
14293,2011-02-07,7,68,5
14293,2011-07-15,18,226,5
14293,2011-12-06,21,370,5
14295,2011-10-30,5,333,333
14297,2011-03-10,11,99,99
14297,2011-10-10,24,313,99
14297,2011-10-19,1,322,99
14297,2011-11-22,26,356,99
14298,2010-12-14,98,13,13
14298,2010-12-20,47,19,13
14298,2011-01-07,52,37,13
14298,2011-01-25,43,55,13
14298,2011-01-31,1,61,13
14298,2011-02-17,83,78,13
14298,2011-02-24,38,85,13
14298,2011-03-17,23,106,13
14298,2011-03-29,14,118,13
14298,2011-04-19,67,139,13
14298,2011-04-21,59,141,13
14298,2011-04-27,84,147,13
14298,2011-04-28,128,148,13
14298,2011-05-04,58,154,13
14298,2011-06-02,113,183,13
14298,2011-06-27,20,208,13
14298,2011-07-21,167,232,13
14298,2011-08-08,17,250,13
14298,2011-09-01,179,274,13
14298,2011-09-20,34,293,13
14298,2011-09-22,42,295,13
14298,2011-09-28,23,301,13
14298,2011-10-18,202,321,13
14298,2011-11-09,31,343,13
14298,2011-12-01,14,365,13
14299,2010-12-09,5,8,8
14299,2011-01-06,9,36,8
14299,2011-01-13,1,43,8
14299,2011-01-25,9,55,8
14299,2011-08-24,52,266,8
14299,2011-09-22,23,295,8
14299,2011-10-12,12,315,8
14299,2011-11-18,18,352,8
14299,2011-12-01,14,365,8
14300,2011-11-21,3,355,355
14301,2011-08-14,13,256,256
14304,2011-05-01,17,151,151
14305,2011-07-27,62,238,238
14305,2011-08-18,1,260,238
14305,2011-09-29,42,302,238
14306,2011-09-15,26,288,288
14306,2011-10-19,7,322,288
14307,2010-12-01,48,0,0
14307,2011-01-19,31,49,0
14307,2011-05-04,28,154,0
14307,2011-07-28,37,239,0
14307,2011-09-12,36,285,0
14309,2010-12-16,6,15,15
14309,2011-02-03,10,64,15
14309,2011-02-16,8,77,15
14309,2011-04-19,20,139,15
14309,2011-06-09,15,190,15
14309,2011-06-24,9,205,15
14309,2011-09-07,15,280,15
14309,2011-11-11,16,345,15
14309,2011-12-01,18,365,15
14311,2011-04-11,20,131,131
14312,2011-01-06,15,36,36
14312,2011-02-02,8,63,36
14312,2011-03-11,10,100,36
14312,2011-06-06,16,187,36
14312,2011-09-09,9,282,36
14312,2011-10-24,29,327,36
14314,2011-08-25,8,267,267
14315,2011-03-18,27,107,107
14315,2011-06-01,10,182,107
14315,2011-07-08,11,219,107
14315,2011-07-28,19,239,107
14315,2011-08-02,1,244,107
14315,2011-10-26,33,329,107
14317,2011-10-06,24,309,309
14320,2011-01-11,23,41,41
14320,2011-05-17,8,167,41
14321,2011-01-10,29,40,40
14321,2011-06-16,29,197,40
14321,2011-08-15,20,257,40
14321,2011-09-27,26,300,40
14321,2011-11-29,19,363,40
14323,2011-04-15,19,135,135
14323,2011-08-17,17,259,135
14326,2011-04-11,8,131,131
14327,2011-06-29,12,210,210
14329,2011-01-14,76,44,44
14329,2011-03-11,38,100,44
14329,2011-06-28,57,209,44
14329,2011-08-23,22,265,44
14329,2011-10-21,49,324,44
14329,2011-11-22,17,356,44
14331,2011-07-27,24,238,238
14331,2011-08-07,4,249,238
14332,2011-07-15,2,226,226
14332,2011-10-04,14,307,226
14332,2011-11-17,10,351,226
14333,2011-10-03,15,306,306
14334,2010-12-16,20,15,15
14334,2011-01-24,22,54,15
14334,2011-03-10,25,99,15
14334,2011-04-20,17,140,15
14334,2011-05-20,21,170,15
14334,2011-08-09,23,251,15
14334,2011-09-07,20,280,15
14334,2011-11-23,14,357,15
14335,2011-09-04,42,277,277
14335,2011-11-23,21,357,277
14336,2011-03-08,29,97,97
14336,2011-05-04,14,154,97
14336,2011-05-25,16,175,97
14336,2011-11-23,31,357,97
14338,2011-05-27,30,177,177
14338,2011-07-01,1,212,177
14339,2011-04-11,14,131,131
14340,2011-05-05,6,155,155
14341,2011-01-25,23,55,55
14341,2011-05-08,22,158,55
14341,2011-07-31,3,242,55
14341,2011-08-01,18,243,55
14341,2011-10-25,63,328,55
14342,2011-05-13,7,163,163
14342,2011-07-25,4,236,163
14342,2011-11-08,5,342,163
14342,2011-11-18,5,352,163
14344,2010-12-06,12,5,5
14344,2010-12-07,1,6,5
14344,2010-12-16,1,15,5
14344,2011-03-09,23,98,5
14344,2011-03-28,4,117,5
14344,2011-05-17,4,167,5
14344,2011-07-25,4,236,5
14344,2011-08-04,22,246,5
14345,2011-11-01,6,335,335
14346,2011-02-15,17,76,76
14346,2011-08-11,43,253,76
14348,2011-03-24,18,113,113
14349,2011-11-29,31,363,363
14350,2011-03-10,18,99,99
14351,2011-06-28,1,209,209
14352,2011-03-11,9,100,100
14352,2011-04-19,29,139,100
14352,2011-07-05,9,216,100
14353,2011-05-08,6,158,158
14354,2011-11-09,6,343,343
14354,2011-12-04,3,368,343
14355,2010-12-09,11,8,8
14356,2011-09-19,20,292,292
14356,2011-09-21,13,294,292
14357,2011-10-27,41,330,330
14359,2011-09-13,28,286,286
14359,2011-10-28,19,331,286
14359,2011-11-20,8,354,286
14360,2011-09-06,72,279,279
14360,2011-10-03,30,306,279
14360,2011-11-08,16,342,279
14362,2011-11-17,41,351,351
14364,2011-05-12,8,162,162
14364,2011-05-23,5,173,162
14364,2011-06-05,13,186,162
14364,2011-06-22,11,203,162
14364,2011-06-28,13,209,162
14364,2011-07-28,11,239,162
14364,2011-08-23,8,265,162
14367,2011-03-08,82,97,97
14367,2011-03-29,27,118,97
14367,2011-04-13,25,133,97
14367,2011-05-11,57,161,97
14367,2011-06-08,82,189,97
14367,2011-07-11,14,222,97
14367,2011-07-25,50,236,97
14367,2011-09-15,54,288,97
14367,2011-09-25,39,298,97
14367,2011-10-19,35,322,97
14367,2011-11-08,22,342,97
14367,2011-11-18,14,352,97
14367,2011-12-01,23,365,97
14368,2011-01-24,8,54,54
14371,2011-02-17,4,78,78
14373,2010-12-16,4,15,15
14375,2011-06-07,75,188,188
14377,2011-03-22,4,111,111
14377,2011-06-01,7,182,111
14379,2011-02-17,17,78,78
14379,2011-10-26,29,329,78
14381,2011-10-18,56,321,321
14382,2011-11-13,131,347,347
14383,2011-06-29,15,210,210
14383,2011-10-06,27,309,210
14383,2011-11-01,17,335,210
14385,2011-11-16,4,350,350
14385,2011-11-23,5,357,350
14385,2011-11-30,5,364,350
14386,2011-02-16,7,77,77
14387,2011-08-22,40,264,264
14387,2011-09-26,42,299,264
14387,2011-11-07,58,341,264
14388,2010-12-02,21,1,1
14388,2011-03-03,22,92,1
14388,2011-05-20,26,170,1
14388,2011-07-08,16,219,1
14388,2011-08-10,24,252,1
14388,2011-09-09,24,282,1
14388,2011-11-04,30,338,1
14388,2011-11-29,23,363,1
14389,2011-06-02,19,183,183
14389,2011-10-05,26,308,183
14390,2010-12-02,27,1,1
14390,2011-04-14,56,134,1
14390,2011-05-12,21,162,1
14390,2011-07-18,39,229,1
14390,2011-10-14,54,317,1
14390,2011-11-02,19,336,1
14390,2011-11-18,40,352,1
14390,2011-11-29,30,363,1
14393,2011-05-05,5,155,155
14395,2010-12-02,27,1,1
14395,2011-01-09,36,39,1
14395,2011-03-14,33,103,1
14395,2011-04-07,22,127,1
14395,2011-05-01,33,151,1
14395,2011-06-15,35,196,1
14395,2011-09-22,75,295,1
14395,2011-10-10,32,313,1
14395,2011-12-07,57,371,1
14396,2010-12-03,34,2,2
14396,2011-10-05,39,308,2
14397,2011-05-10,11,160,160
14397,2011-05-25,3,175,160
14397,2011-06-12,1,193,160
14397,2011-06-21,3,202,160
14397,2011-07-13,4,224,160
14397,2011-07-18,1,229,160
14397,2011-07-24,3,235,160
14397,2011-08-04,4,246,160
14397,2011-08-22,5,264,160
14397,2011-09-07,7,280,160
14397,2011-09-21,2,294,160
14397,2011-10-11,6,314,160
14397,2011-10-14,7,317,160
14397,2011-10-28,3,331,160
14397,2011-11-10,6,344,160
14397,2011-11-17,4,351,160
14397,2011-11-28,5,362,160
14397,2011-12-04,6,368,160
14397,2011-12-07,6,371,160
14400,2011-07-13,25,224,224
14401,2010-12-15,15,14,14
14401,2011-01-28,5,58,14
14401,2011-06-10,15,191,14
14401,2011-06-23,12,204,14
14401,2011-06-30,14,211,14
14401,2011-07-20,12,231,14
14401,2011-08-03,15,245,14
14401,2011-08-19,17,261,14
14401,2011-08-24,16,266,14
14401,2011-09-05,13,278,14
14401,2011-09-20,6,293,14
14401,2011-11-01,17,335,14
14401,2011-12-05,25,369,14
14403,2011-04-06,14,126,126
14403,2011-05-06,3,156,126
14403,2011-07-21,2,232,126
14403,2011-08-01,1,243,126
14404,2010-12-05,26,4,4
14404,2011-01-16,19,46,4
14404,2011-03-25,8,114,4
14404,2011-06-23,21,204,4
14404,2011-08-23,16,265,4
14404,2011-11-06,13,340,4
14406,2011-08-12,8,254,254
14407,2011-03-08,19,97,97
14407,2011-05-18,16,168,97
14407,2011-07-21,24,232,97
14407,2011-07-29,9,240,97
14407,2011-08-16,1,258,97
14407,2011-08-24,4,266,97
14408,2011-03-20,9,109,109
14408,2011-04-15,7,135,109
14408,2011-06-03,23,184,109
14408,2011-06-21,11,202,109
14408,2011-08-01,45,243,109
14408,2011-09-06,4,279,109
14408,2011-11-29,8,363,109
14409,2010-12-06,2,5,5
14409,2011-01-25,11,55,5
14409,2011-07-13,25,224,5
14409,2011-08-09,8,251,5
14409,2011-09-29,8,302,5
14410,2011-02-07,8,68,68
14410,2011-03-28,70,117,68
14410,2011-03-31,15,120,68
14410,2011-04-04,7,124,68
14410,2011-05-17,9,167,68
14410,2011-07-21,40,232,68
14410,2011-09-08,45,281,68
14411,2011-02-02,14,63,63
14412,2011-09-28,28,301,301
14412,2011-10-28,15,331,301
14413,2010-12-12,23,11,11
14414,2010-12-16,8,15,15
14414,2011-07-26,21,237,15
14414,2011-07-31,21,242,15
14414,2011-08-17,9,259,15
14414,2011-08-22,14,264,15
14414,2011-09-01,14,274,15
14414,2011-09-09,10,282,15
14415,2010-12-14,88,13,13
14415,2011-01-18,27,48,13
14415,2011-02-08,52,69,13
14415,2011-04-19,55,139,13
14415,2011-05-25,20,175,13
14415,2011-06-10,35,191,13
14415,2011-07-01,18,212,13
14415,2011-08-08,21,250,13
14415,2011-09-02,65,275,13
14415,2011-10-09,17,312,13
14415,2011-10-28,70,331,13
14415,2011-11-20,7,354,13
14415,2011-12-08,115,372,13
14416,2011-10-28,11,331,331
14416,2011-11-17,3,351,331
14418,2011-08-23,19,265,265
14418,2011-11-14,44,348,265
14418,2011-12-06,61,370,265
14419,2010-12-10,21,9,9
14419,2011-04-01,37,121,9
14419,2011-09-27,42,300,9
14419,2011-10-10,23,313,9
14419,2011-11-01,34,335,9
14419,2011-11-29,49,363,9
14420,2011-09-01,29,274,274
14421,2011-05-12,15,162,162
14421,2011-10-13,12,316,162
14422,2011-03-17,21,106,106
14422,2011-06-22,40,203,106
14422,2011-09-30,61,303,106
14422,2011-10-17,65,320,106
14422,2011-11-22,20,356,106
14422,2011-12-09,15,373,106
14423,2011-05-05,3,155,155
14424,2011-11-22,1,356,356
14426,2011-01-31,43,61,61
14426,2011-03-08,53,97,61
14426,2011-06-14,44,195,61
14426,2011-07-22,34,233,61
14426,2011-11-01,14,335,61
14426,2011-11-07,12,341,61
14426,2011-11-16,24,350,61
14427,2011-10-07,16,310,310
14427,2011-10-20,1,323,310
14428,2011-01-18,24,48,48
14428,2011-04-14,4,134,48
14428,2011-09-21,13,294,48
14428,2011-11-03,90,337,48
14428,2011-12-02,13,366,48
14431,2011-02-10,17,71,71
14432,2011-09-11,51,284,284
14432,2011-10-02,66,305,284
14432,2011-10-23,150,326,284
14432,2011-11-01,4,335,284
14432,2011-11-13,96,347,284
14432,2011-11-30,15,364,284
14434,2011-09-28,3,301,301
14434,2011-10-05,1,308,301
14434,2011-10-10,1,313,301
14434,2011-10-19,2,322,301
14434,2011-11-02,3,336,301
14434,2011-11-18,2,352,301
14436,2011-09-02,9,275,275
14437,2010-12-09,5,8,8
14438,2011-02-06,9,67,67
14439,2011-01-24,32,54,54
14440,2010-12-09,13,8,8
14440,2011-01-27,18,57,8
14440,2011-09-28,11,301,8
14440,2011-10-28,4,331,8
14440,2011-12-01,9,365,8
14441,2011-03-29,13,118,118
14441,2011-09-06,10,279,118
14441,2011-10-27,19,330,118
14441,2011-12-09,9,373,118
14442,2011-01-27,30,57,57
14442,2011-05-19,33,169,57
14443,2010-12-06,20,5,5
14443,2011-02-02,19,63,5
14443,2011-07-24,26,235,5
14443,2011-10-17,28,320,5
14446,2011-04-07,83,127,127
14446,2011-09-20,100,293,127
14446,2011-11-11,36,345,127
14446,2011-12-09,74,373,127
14447,2011-03-04,15,93,93
14447,2011-05-27,24,177,93
14447,2011-10-20,17,323,93
14447,2011-11-21,14,355,93
14448,2010-12-10,18,9,9
14448,2011-11-30,2,364,9
14449,2010-12-02,50,1,1
14449,2011-04-07,57,127,1
14449,2011-10-06,104,309,1
14449,2011-11-21,47,355,1
14450,2011-01-23,11,53,53
14450,2011-04-10,12,130,53
14450,2011-06-12,17,193,53
14451,2011-05-29,52,179,179
14451,2011-10-10,57,313,179
14452,2011-09-07,30,280,280
14452,2011-11-29,32,363,280
14453,2011-06-02,22,183,183
14456,2011-07-20,53,231,231
14456,2011-07-31,188,242,231
14456,2011-09-11,217,284,231
14456,2011-09-27,124,300,231
14456,2011-10-30,63,333,231
14456,2011-11-10,86,344,231
14456,2011-11-17,122,351,231
14456,2011-12-04,117,368,231
14457,2011-02-02,4,63,63
14459,2011-07-07,37,218,218
14460,2011-02-02,1,63,63
14460,2011-06-21,9,202,63
14460,2011-08-21,6,263,63
14461,2011-03-23,64,112,112
14461,2011-06-14,102,195,112
14461,2011-07-14,14,225,112
14462,2011-01-04,3,34,34
14462,2011-02-04,53,65,34
14462,2011-03-17,39,106,34
14462,2011-05-10,44,160,34
14462,2011-06-07,10,188,34
14462,2011-07-17,25,228,34
14462,2011-08-11,15,253,34
14462,2011-09-16,32,289,34
14462,2011-10-04,19,307,34
14463,2011-05-18,2,168,168
14463,2011-06-22,2,203,168
14463,2011-09-02,2,275,168
14465,2011-02-10,7,71,71
14465,2011-04-07,123,127,71
14466,2010-12-02,10,1,1
14466,2011-02-04,7,65,1
14466,2011-03-04,8,93,1
14466,2011-06-05,10,186,1
14466,2011-08-16,13,258,1
14466,2011-09-27,10,300,1
14466,2011-11-10,14,344,1
14467,2011-01-31,15,61,61
14467,2011-10-24,26,327,61
14467,2011-11-15,30,349,61
14467,2011-11-22,19,356,61
14470,2011-02-25,35,86,86
14470,2011-11-28,8,362,86
14472,2010-12-19,36,18,18
14472,2011-01-09,34,39,18
14472,2011-02-27,66,88,18
14472,2011-03-27,62,116,18
14472,2011-06-05,26,186,18
14472,2011-07-10,11,221,18
14472,2011-07-31,17,242,18
14472,2011-08-28,29,270,18
14473,2011-03-02,1,91,91
14473,2011-09-26,6,299,91
14474,2011-10-24,29,327,327
14475,2011-02-08,16,69,69
14475,2011-06-06,12,187,69
14475,2011-09-29,14,302,69
14476,2011-03-27,19,116,116
14477,2011-02-15,1,76,76
14477,2011-06-08,2,189,76
14477,2011-10-20,4,323,76
14477,2011-11-20,3,354,76
14479,2010-12-09,10,8,8
14479,2011-03-31,8,120,8
14480,2011-11-28,13,362,362
14481,2011-02-25,12,86,86
14481,2011-06-28,18,209,86
14482,2011-04-14,15,134,134
14482,2011-09-01,6,274,134
14482,2011-10-25,41,328,134
14482,2011-11-06,12,340,134
14482,2011-11-09,59,343,134
14482,2011-11-21,11,355,134
14483,2011-03-03,9,92,92
14484,2011-10-20,14,323,323
14485,2011-11-01,47,335,335
14487,2010-12-06,13,5,5
14487,2011-09-11,43,284,5
14487,2011-09-18,36,291,5
14487,2011-10-30,33,333,5
14487,2011-11-13,19,347,5
14488,2011-10-03,46,306,306
14489,2011-05-16,30,166,166
14491,2010-12-02,4,1,1
14491,2011-06-17,13,198,1
14493,2011-07-07,29,218,218
14493,2011-10-24,20,327,218
14493,2011-11-09,23,343,218
14493,2011-11-23,21,357,218
14493,2011-12-02,27,366,218
14494,2011-11-14,7,348,348
14495,2011-08-10,2,252,252
14495,2011-10-20,4,323,252
14496,2010-12-01,5,0,0
14496,2011-02-01,14,62,0
14497,2011-02-03,29,64,64
14498,2010-12-13,14,12,12
14498,2011-06-06,14,187,12
14498,2011-07-13,46,224,12
14498,2011-08-15,45,257,12
14498,2011-10-28,74,331,12
14499,2011-03-06,44,95,95
14499,2011-07-29,44,240,95
14499,2011-11-13,106,347,95
14500,2011-06-03,5,184,184
14500,2011-08-19,1,261,184
14500,2011-09-12,1,285,184
14501,2011-01-24,4,54,54
14501,2011-06-09,6,190,54
14502,2011-01-30,43,60,60
14502,2011-02-20,73,81,60
14502,2011-03-13,63,102,60
14502,2011-04-18,57,138,60
14502,2011-04-19,1,139,60
14502,2011-07-13,48,224,60
14502,2011-10-02,135,305,60
14502,2011-11-06,120,340,60
14502,2011-11-20,84,354,60
14503,2011-06-14,40,195,195
14503,2011-09-30,45,303,195
14503,2011-11-20,36,354,195
14503,2011-11-29,9,363,195
14503,2011-12-02,13,366,195
14503,2011-12-06,21,370,195
14504,2011-03-06,32,95,95
14504,2011-03-25,22,114,95
14504,2011-04-10,42,130,95
14504,2011-10-23,11,326,95
14505,2010-12-12,137,11,11
14505,2011-01-06,45,36,11
14505,2011-03-16,102,105,11
14505,2011-05-10,65,160,11
14505,2011-05-19,57,169,11
14505,2011-08-22,118,264,11
14505,2011-11-01,156,335,11
14505,2011-11-22,119,356,11
14506,2010-12-05,50,4,4
14506,2011-03-01,38,90,4
14506,2011-06-30,16,211,4
14506,2011-10-04,140,307,4
14506,2011-11-22,72,356,4
14507,2011-03-08,39,97,97
14507,2011-05-08,16,158,97
14507,2011-08-30,26,272,97
14507,2011-10-30,14,333,97
14507,2011-11-16,1,350,97
14508,2011-09-11,24,284,284
14508,2011-11-17,33,351,284
14511,2011-07-29,6,240,240
14511,2011-09-08,10,281,240
14511,2011-10-05,16,308,240
14511,2011-11-06,17,340,240
14511,2011-11-28,19,362,240
14512,2011-04-21,14,141,141
14512,2011-06-05,9,186,141
14513,2011-02-24,7,85,85
14513,2011-05-17,4,167,85
14513,2011-08-31,1,273,85
14514,2011-01-12,26,42,42
14514,2011-05-22,13,172,42
14514,2011-10-09,34,312,42
14515,2011-05-05,16,155,155
14515,2011-06-01,14,182,155
14515,2011-10-04,35,307,155
14515,2011-11-17,24,351,155
14515,2011-11-22,12,356,155
14517,2011-07-21,14,232,232
14517,2011-11-06,4,340,232
14518,2011-10-06,16,309,309
14520,2011-02-22,1,83,83
14520,2011-12-08,3,372,83
14522,2011-05-25,7,175,175
14522,2011-09-08,8,281,175
14522,2011-09-29,1,302,175
14522,2011-11-15,1,349,175
14523,2011-08-23,12,265,265
14524,2010-12-14,26,13,13
14524,2011-03-03,42,92,13
14524,2011-04-17,48,137,13
14524,2011-06-14,26,195,13
14524,2011-09-29,59,302,13
14524,2011-11-08,2,342,13
14525,2010-12-13,20,12,12
14525,2011-01-17,7,47,12
14525,2011-03-31,15,120,12
14525,2011-04-18,7,138,12
14525,2011-06-07,98,188,12
14525,2011-08-11,42,253,12
14525,2011-08-31,10,273,12
14525,2011-10-27,26,330,12
14525,2011-11-20,66,354,12
14527,2010-12-05,28,4,4
14527,2010-12-09,29,8,4
14527,2010-12-15,29,14,4
14527,2010-12-20,19,19,4
14527,2011-01-05,24,35,4
14527,2011-01-10,21,40,4
14527,2011-01-19,19,49,4
14527,2011-01-25,11,55,4
14527,2011-01-31,14,61,4
14527,2011-02-08,15,69,4
14527,2011-02-15,16,76,4
14527,2011-02-24,9,85,4
14527,2011-02-28,11,89,4
14527,2011-03-09,11,98,4
14527,2011-03-15,12,104,4
14527,2011-03-24,21,113,4
14527,2011-03-31,23,120,4
14527,2011-04-07,6,127,4
14527,2011-04-15,7,135,4
14527,2011-04-20,12,140,4
14527,2011-04-27,10,147,4
14527,2011-05-09,18,159,4
14527,2011-05-13,14,163,4
14527,2011-05-18,17,168,4
14527,2011-05-24,14,174,4
14527,2011-06-08,25,189,4
14527,2011-06-15,15,196,4
14527,2011-06-22,14,203,4
14527,2011-06-29,12,210,4
14527,2011-07-07,18,218,4
14527,2011-07-14,20,225,4
14527,2011-07-21,12,232,4
14527,2011-07-27,21,238,4
14527,2011-07-28,2,239,4
14527,2011-08-03,21,245,4
14527,2011-08-09,23,251,4
14527,2011-08-15,11,257,4
14527,2011-08-24,15,266,4
14527,2011-09-02,20,275,4
14527,2011-09-12,18,285,4
14527,2011-09-21,19,294,4
14527,2011-09-29,18,302,4
14527,2011-10-06,18,309,4
14527,2011-10-13,15,316,4
14527,2011-10-20,26,323,4
14527,2011-10-25,21,328,4
14527,2011-10-31,24,334,4
14527,2011-11-07,16,341,4
14527,2011-11-11,33,345,4
14527,2011-11-16,23,350,4
14527,2011-11-23,24,357,4
14527,2011-11-27,21,361,4
14527,2011-12-01,26,365,4
14527,2011-12-07,31,371,4
14528,2011-11-02,18,336,336
14529,2011-08-21,50,263,263
14529,2011-09-23,80,296,263
14529,2011-10-10,99,313,263
14530,2011-02-16,45,77,77
14530,2011-03-22,30,111,77
14530,2011-06-07,36,188,77
14530,2011-08-03,33,245,77
14530,2011-09-07,45,280,77
14530,2011-11-14,27,348,77
14532,2010-12-22,14,21,21
14532,2011-01-30,9,60,21
14532,2011-02-27,21,88,21
14532,2011-04-17,20,137,21
14533,2010-12-22,10,21,21
14533,2011-08-19,14,261,21
14533,2011-09-11,16,284,21
14533,2011-10-02,9,305,21
14533,2011-10-06,7,309,21
14533,2011-10-10,1,313,21
14533,2011-11-15,5,349,21
14534,2011-01-25,28,55,55
14534,2011-02-07,26,68,55
14534,2011-02-15,18,76,55
14534,2011-03-09,27,98,55
14534,2011-03-15,26,104,55
14534,2011-04-06,23,126,55
14534,2011-05-10,23,160,55
14534,2011-05-24,19,174,55
14534,2011-06-06,17,187,55
14534,2011-06-23,65,204,55
14534,2011-07-08,37,219,55
14534,2011-07-27,43,238,55
14534,2011-08-12,24,254,55
14534,2011-09-05,16,278,55
14534,2011-10-05,68,308,55
14534,2011-11-16,23,350,55
14534,2011-11-22,21,356,55
14534,2011-12-07,15,371,55
14535,2011-04-05,95,125,125
14535,2011-08-04,97,246,125
14535,2011-10-10,138,313,125
14536,2011-03-25,19,114,114
14537,2011-10-13,10,316,316
14538,2011-03-28,3,117,117
14538,2011-10-06,16,309,117
14539,2011-10-26,7,329,329
14539,2011-11-24,25,358,329
14540,2011-02-03,11,64,64
14540,2011-09-25,50,298,64
14540,2011-11-30,15,364,64
14541,2011-01-24,25,54,54
14541,2011-01-27,50,57,54
14541,2011-02-25,19,86,54
14541,2011-04-11,5,131,54
14541,2011-05-09,2,159,54
14541,2011-06-24,7,205,54
14541,2011-10-12,3,315,54
14542,2011-06-07,5,188,188
14543,2010-12-10,5,9,9
14543,2011-01-25,6,55,9
14543,2011-02-16,6,77,9
14543,2011-03-16,4,105,9
14543,2011-03-31,5,120,9
14543,2011-04-01,12,121,9
14543,2011-05-09,6,159,9
14543,2011-06-02,3,183,9
14543,2011-06-10,1,191,9
14543,2011-06-21,8,202,9
14543,2011-08-04,4,246,9
14543,2011-08-23,3,265,9
14543,2011-09-27,3,300,9
14543,2011-11-09,5,343,9
14543,2011-11-11,1,345,9
14544,2010-12-13,57,12,12
14544,2011-11-15,57,349,12
14546,2011-04-05,96,125,125
14546,2011-05-22,46,172,125
14546,2011-09-23,127,296,125
14546,2011-10-30,57,333,125
14546,2011-12-04,73,368,125
14547,2011-10-16,79,319,319
14547,2011-11-06,73,340,319
14547,2011-11-13,90,347,319
14547,2011-11-20,24,354,319
14547,2011-11-23,21,357,319
14547,2011-11-27,51,361,319
14547,2011-12-05,17,369,319
14547,2011-12-06,11,370,319
14548,2011-01-26,2,56,56
14548,2011-07-12,2,223,56
14549,2011-02-01,56,62,62
14550,2011-10-26,26,329,329
14550,2011-11-29,22,363,329
14551,2011-05-19,7,169,169
14551,2011-11-21,3,355,169
14552,2011-07-11,58,222,222
14553,2011-01-04,23,34,34
14553,2011-05-05,16,155,34
14553,2011-11-06,40,340,34
14553,2011-11-20,34,354,34
14554,2011-10-18,52,321,321
14554,2011-11-16,133,350,321
14554,2011-11-22,4,356,321
14554,2011-11-29,27,363,321
14555,2011-02-10,16,71,71
14555,2011-10-13,5,316,71
14557,2011-09-15,16,288,288
14560,2010-12-17,14,16,16
14560,2011-01-27,4,57,16
14560,2011-02-04,3,65,16
14560,2011-02-10,4,71,16
14560,2011-03-01,2,90,16
14560,2011-03-08,3,97,16
14560,2011-03-20,2,109,16
14560,2011-03-24,3,113,16
14560,2011-05-27,2,177,16
14560,2011-06-30,1,211,16
14560,2011-07-28,2,239,16
14560,2011-08-22,4,264,16
14560,2011-09-02,1,275,16
14560,2011-09-06,1,279,16
14560,2011-10-07,12,310,16
14560,2011-10-27,5,330,16
14560,2011-11-08,3,342,16
14560,2011-11-10,3,344,16
14560,2011-11-23,4,357,16
14560,2011-12-02,1,366,16
14561,2011-06-08,16,189,189
14561,2011-06-30,20,211,189
14561,2011-09-25,33,298,189
14562,2011-02-08,28,69,69
14562,2011-02-23,23,84,69
14562,2011-04-21,37,141,69
14562,2011-06-09,18,190,69
14562,2011-07-14,33,225,69
14562,2011-08-04,32,246,69
14562,2011-09-08,27,281,69
14562,2011-09-14,8,287,69
14562,2011-09-18,13,291,69
14562,2011-09-22,27,295,69
14562,2011-10-16,47,319,69
14562,2011-10-21,13,324,69
14562,2011-11-01,21,335,69
14562,2011-11-10,31,344,69
14562,2011-11-15,13,349,69
14562,2011-11-28,26,362,69
14562,2011-12-06,26,370,69
14565,2010-12-13,54,12,12
14565,2011-05-18,24,168,12
14565,2011-08-18,31,260,12
14565,2011-09-05,18,278,12
14566,2011-08-21,4,263,263
14567,2011-08-01,13,243,243
14567,2011-10-14,20,317,243
14569,2011-12-08,12,372,372
14570,2011-03-04,29,93,93
14572,2011-01-19,57,49,49
14572,2011-03-16,45,105,49
14572,2011-03-30,3,119,49
14572,2011-07-15,45,226,49
14572,2011-08-21,64,263,49
14572,2011-10-30,52,333,49
14572,2011-12-06,4,370,49
14573,2010-12-02,76,1,1
14573,2011-02-25,29,86,1
14573,2011-03-03,16,92,1
14573,2011-03-27,20,116,1
14573,2011-05-11,44,161,1
14573,2011-05-23,24,173,1
14573,2011-06-10,13,191,1
14573,2011-06-13,13,194,1
14576,2010-12-02,1,1,1
14577,2010-12-12,38,11,11
14577,2011-04-21,24,141,11
14577,2011-06-29,28,210,11
14577,2011-11-27,33,361,11
14578,2011-12-06,24,370,370
14581,2011-11-23,17,357,357
14582,2011-10-30,6,333,333
14583,2011-05-18,64,168,168
14583,2011-06-07,49,188,168
14583,2011-06-27,54,208,168
14583,2011-07-18,63,229,168
14583,2011-12-04,100,368,168
14584,2011-05-25,29,175,175
14584,2011-05-26,23,176,175
14584,2011-06-09,34,190,175
14584,2011-06-23,14,204,175
14585,2011-10-20,29,323,323
14586,2011-03-08,19,97,97
14587,2011-01-12,88,42,42
14587,2011-02-01,30,62,42
14587,2011-02-08,33,69,42
14587,2011-03-11,44,100,42
14587,2011-03-25,50,114,42
14587,2011-04-06,34,126,42
14587,2011-05-10,43,160,42
14587,2011-06-08,41,189,42
14587,2011-11-21,20,355,42
14589,2010-12-03,3,2,2
14591,2011-05-10,45,160,160
14591,2011-11-24,152,358,160
14592,2011-10-06,75,309,309
14592,2011-10-14,50,317,309
14592,2011-11-04,39,338,309
14593,2011-05-25,64,175,175
14593,2011-11-18,88,352,175
14594,2010-12-01,31,0,0
14594,2011-12-02,22,366,0
14595,2011-01-30,5,60,60
14595,2011-09-15,7,288,60
14595,2011-10-09,10,312,60
14595,2011-10-14,68,317,60
14595,2011-11-15,6,349,60
14595,2011-11-20,6,354,60
14597,2011-06-01,3,182,182
14597,2011-11-28,52,362,182
14598,2011-10-26,50,329,329
14600,2011-02-07,25,68,68
14601,2011-11-29,7,363,363
14603,2011-03-10,2,99,99
14606,2010-12-01,40,0,0
14606,2010-12-05,42,4,0
14606,2010-12-08,38,7,0
14606,2010-12-14,47,13,0
14606,2010-12-16,19,15,0
14606,2010-12-20,26,19,0
14606,2010-12-22,16,21,0
14606,2011-01-04,58,34,0
14606,2011-01-09,38,39,0
14606,2011-01-12,26,42,0
14606,2011-01-17,40,47,0
14606,2011-01-19,20,49,0
14606,2011-01-23,28,53,0
14606,2011-01-26,18,56,0
14606,2011-02-01,51,62,0
14606,2011-02-03,19,64,0
14606,2011-02-06,30,67,0
14606,2011-02-08,19,69,0
14606,2011-02-14,39,75,0
14606,2011-02-17,24,78,0
14606,2011-02-18,1,79,0
14606,2011-02-20,24,81,0
14606,2011-02-23,31,84,0
14606,2011-02-27,36,88,0
14606,2011-03-02,37,91,0
14606,2011-03-07,40,96,0
14606,2011-03-10,24,99,0
14606,2011-03-13,29,102,0
14606,2011-03-16,19,105,0
14606,2011-03-21,35,110,0
14606,2011-03-24,30,113,0
14606,2011-03-29,40,118,0
14606,2011-04-04,42,124,0
14606,2011-04-06,20,126,0
14606,2011-04-11,34,131,0
14606,2011-04-14,23,134,0
14606,2011-04-19,35,139,0
14606,2011-04-26,31,146,0
14606,2011-04-27,18,147,0
14606,2011-05-04,29,154,0
14606,2011-05-08,26,158,0
14606,2011-05-12,35,162,0
14606,2011-05-17,23,167,0
14606,2011-05-24,28,174,0
14606,2011-05-29,45,179,0
14606,2011-06-01,29,182,0
14606,2011-06-07,26,188,0
14606,2011-06-09,20,190,0
14606,2011-06-13,31,194,0
14606,2011-06-15,16,196,0
14606,2011-06-21,30,202,0
14606,2011-06-22,13,203,0
14606,2011-06-29,49,210,0
14606,2011-07-05,40,216,0
14606,2011-07-11,23,222,0
14606,2011-07-17,27,228,0
14606,2011-07-20,32,231,0
14606,2011-07-25,30,236,0
14606,2011-07-29,28,240,0
14606,2011-08-02,30,244,0
14606,2011-08-08,36,250,0
14606,2011-08-15,38,257,0
14606,2011-08-19,29,261,0
14606,2011-08-26,33,268,0
14606,2011-08-28,26,270,0
14606,2011-09-02,40,275,0
14606,2011-09-07,39,280,0
14606,2011-09-11,25,284,0
14606,2011-09-14,26,287,0
14606,2011-09-19,16,292,0
14606,2011-09-21,18,294,0
14606,2011-09-28,32,301,0
14606,2011-10-04,30,307,0
14606,2011-10-10,31,313,0
14606,2011-10-14,24,317,0
14606,2011-10-20,32,323,0
14606,2011-10-26,29,329,0
14606,2011-10-28,22,331,0
14606,2011-11-02,17,336,0
14606,2011-11-07,24,341,0
14606,2011-11-10,29,344,0
14606,2011-11-14,29,348,0
14606,2011-11-18,32,352,0
14606,2011-11-21,24,355,0
14606,2011-11-24,29,358,0
14606,2011-11-28,55,362,0
14606,2011-11-30,37,364,0
14606,2011-12-06,68,370,0
14606,2011-12-08,33,372,0
14607,2011-03-23,3,112,112
14607,2011-10-24,62,327,112
14607,2011-10-25,1,328,112
14607,2011-11-03,1,337,112
14607,2011-11-21,3,355,112
14607,2011-11-22,10,356,112
14607,2011-11-24,6,358,112
14608,2010-12-12,1,11,11
14608,2011-09-15,7,288,11
14608,2011-11-10,6,344,11
14608,2011-12-05,6,369,11
14609,2011-02-16,1,77,77
14609,2011-06-15,1,196,77
14609,2011-07-19,1,230,77
14609,2011-09-28,1,301,77
14616,2011-01-26,1,56,56
14616,2011-02-28,1,89,56
14616,2011-04-11,1,131,56
14618,2011-01-06,5,36,36
14618,2011-11-29,8,363,36
14618,2011-11-30,3,364,36
14619,2011-04-08,20,128,128
14620,2011-03-01,15,90,90
14620,2011-05-18,11,168,90
14621,2010-12-16,16,15,15
14621,2011-06-05,17,186,15
14621,2011-07-06,14,217,15
14621,2011-11-09,29,343,15
14621,2011-12-08,16,372,15
14622,2011-06-08,21,189,189
14623,2011-04-18,32,138,138
14623,2011-06-06,41,187,138
14623,2011-08-15,33,257,138
14623,2011-10-27,6,330,138
14623,2011-11-07,22,341,138
14624,2011-10-11,12,314,314
14624,2011-10-13,1,316,314
14625,2010-12-13,34,12,12
14625,2011-05-27,19,177,12
14626,2011-04-20,29,140,140
14626,2011-08-09,40,251,140
14626,2011-10-06,26,309,140
14626,2011-11-16,27,350,140
14628,2011-04-11,12,131,131
14628,2011-09-09,12,282,131
14629,2011-10-23,84,326,326
14629,2011-12-05,68,369,326
14631,2011-02-14,12,75,75
14631,2011-04-18,13,138,75
14631,2011-10-20,16,323,75
14632,2011-03-22,8,111,111
14633,2011-03-18,20,107,107
14636,2011-03-16,16,105,105
14636,2011-11-03,12,337,105
14638,2011-10-20,16,323,323
14639,2010-12-13,41,12,12
14639,2011-02-21,29,82,12
14639,2011-08-11,45,253,12
14639,2011-10-18,57,321,12
14640,2011-04-26,24,146,146
14640,2011-06-22,20,203,146
14640,2011-07-15,6,226,146
14640,2011-08-04,24,246,146
14640,2011-10-11,14,314,146
14640,2011-11-15,18,349,146
14641,2011-11-18,7,352,352
14642,2011-10-12,2,315,315
14643,2010-12-16,15,15,15
14643,2011-06-22,16,203,15
14644,2011-02-14,8,75,75
14644,2011-10-03,18,306,75
14645,2011-03-09,9,98,98
14645,2011-07-06,21,217,98
14646,2010-12-20,16,19,19
14646,2010-12-21,54,20,19
14646,2011-01-14,79,44,19
14646,2011-01-19,33,49,19
14646,2011-01-20,2,50,19
14646,2011-01-21,106,51,19
14646,2011-02-08,14,69,19
14646,2011-02-21,119,82,19
14646,2011-02-22,44,83,19
14646,2011-03-25,13,114,19
14646,2011-03-29,104,118,19
14646,2011-03-30,16,119,19
14646,2011-04-05,15,125,19
14646,2011-04-28,9,148,19
14646,2011-05-11,9,161,19
14646,2011-05-12,108,162,19
14646,2011-05-18,5,168,19
14646,2011-05-25,1,175,19
14646,2011-05-26,50,176,19
14646,2011-06-01,26,182,19
14646,2011-06-19,52,200,19
14646,2011-06-20,59,201,19
14646,2011-06-28,103,209,19
14646,2011-07-20,10,231,19
14646,2011-08-09,106,251,19
14646,2011-08-11,119,253,19
14646,2011-08-12,7,254,19
14646,2011-08-23,2,265,19
14646,2011-08-26,46,268,19
14646,2011-09-08,52,281,19
14646,2011-09-13,57,286,19
14646,2011-09-19,104,292,19
14646,2011-09-22,21,295,19
14646,2011-10-06,23,309,19
14646,2011-10-20,146,323,19
14646,2011-10-21,37,324,19
14646,2011-10-27,28,330,19
14646,2011-11-02,70,336,19
14646,2011-11-10,65,344,19
14646,2011-11-16,3,350,19
14646,2011-11-18,2,352,19
14646,2011-11-22,5,356,19
14646,2011-11-23,54,357,19
14646,2011-12-07,85,371,19
14646,2011-12-08,1,372,19
14647,2011-05-22,30,172,172
14649,2011-05-11,49,161,161
14649,2011-09-28,62,301,161
14649,2011-12-05,88,369,161
14651,2011-05-12,60,162,162
14651,2011-10-03,42,306,162
14652,2011-09-23,29,296,296
14653,2011-01-05,29,35,35
14653,2011-10-03,57,306,35
14653,2011-10-30,61,333,35
14653,2011-11-07,6,341,35
14653,2011-11-30,48,364,35
14653,2011-12-08,36,372,35
14655,2011-05-01,14,151,151
14655,2011-09-30,13,303,151
14655,2011-11-17,12,351,151
14655,2011-12-01,10,365,151
14656,2011-03-01,29,90,90
14656,2011-06-23,51,204,90
14657,2011-01-17,62,47,47
14657,2011-03-02,14,91,47
14657,2011-07-07,17,218,47
14657,2011-11-22,33,356,47
14658,2011-08-14,14,256,256
14658,2011-12-04,15,368,256
14659,2011-01-28,50,58,58
14659,2011-02-15,14,76,58
14659,2011-03-21,21,110,58
14659,2011-05-06,19,156,58
14659,2011-06-05,25,186,58
14659,2011-07-17,28,228,58
14659,2011-09-22,45,295,58
14659,2011-11-04,28,338,58
14659,2011-12-01,23,365,58
14660,2011-08-31,14,273,273
14660,2011-09-14,16,287,273
14661,2011-11-13,4,347,347
14662,2011-01-27,24,57,57
14662,2011-03-09,47,98,57
14662,2011-04-19,21,139,57
14662,2011-11-11,76,345,57
14664,2011-11-06,66,340,340
14664,2011-11-20,33,354,340
14665,2011-02-02,26,63,63
14665,2011-02-16,15,77,63
14665,2011-09-11,24,284,63
14665,2011-10-10,25,313,63
14666,2011-11-15,14,349,349
14667,2010-12-06,24,5,5
14667,2010-12-09,48,8,5
14667,2010-12-10,58,9,5
14667,2010-12-14,13,13,5
14667,2011-01-17,25,47,5
14667,2011-02-20,12,81,5
14667,2011-03-10,14,99,5
14667,2011-04-07,31,127,5
14667,2011-05-01,21,151,5
14667,2011-05-09,26,159,5
14667,2011-06-13,25,194,5
14667,2011-06-20,18,201,5
14667,2011-06-21,23,202,5
14667,2011-07-18,18,229,5
14667,2011-08-04,12,246,5
14667,2011-08-18,20,260,5
14667,2011-09-06,19,279,5
14667,2011-09-26,48,299,5
14667,2011-11-01,32,335,5
14667,2011-11-08,9,342,5
14667,2011-11-14,19,348,5
14667,2011-11-18,45,352,5
14667,2011-11-29,13,363,5
14669,2011-01-11,110,41,41
14669,2011-04-12,60,132,41
14670,2011-03-04,132,93,93
14672,2011-01-07,34,37,37
14672,2011-04-19,27,139,37
14673,2010-12-07,15,6,6
14673,2011-11-02,18,336,6
14673,2011-11-16,14,350,6
14673,2011-11-30,12,364,6
14673,2011-12-06,15,370,6
14675,2011-11-23,102,357,357
14676,2011-03-01,11,90,90
14676,2011-05-13,3,163,90
14676,2011-05-16,3,166,90
14676,2011-07-15,11,226,90
14676,2011-09-22,9,295,90
14676,2011-11-08,5,342,90
14680,2010-12-03,14,2,2
14680,2010-12-14,17,13,2
14680,2011-01-06,21,36,2
14680,2011-01-25,21,55,2
14680,2011-02-18,22,79,2
14680,2011-03-29,29,118,2
14680,2011-04-01,1,121,2
14680,2011-05-10,21,160,2
14680,2011-05-25,8,175,2
14680,2011-06-14,6,195,2
14680,2011-07-08,24,219,2
14680,2011-07-27,22,238,2
14680,2011-08-10,17,252,2
14680,2011-09-05,10,278,2
14680,2011-09-29,18,302,2
14680,2011-11-14,7,348,2
14681,2011-05-12,5,162,162
14681,2011-09-29,2,302,162
14682,2011-05-22,1,172,172
14682,2011-06-05,1,186,172
14684,2010-12-12,44,11,11
14684,2011-05-08,145,158,11
14684,2011-09-19,41,292,11
14684,2011-10-30,109,333,11
14684,2011-11-14,82,348,11
14687,2011-08-25,15,267,267
14688,2010-12-01,19,0,0
14688,2011-01-18,19,48,0
14688,2011-01-31,17,61,0
14688,2011-02-08,15,69,0
14688,2011-02-22,12,83,0
14688,2011-03-01,18,90,0
14688,2011-03-21,22,110,0
14688,2011-04-04,26,124,0
14688,2011-05-10,20,160,0
14688,2011-05-25,12,175,0
14688,2011-06-13,14,194,0
14688,2011-06-28,3,209,0
14688,2011-07-12,13,223,0
14688,2011-07-21,8,232,0
14688,2011-08-02,26,244,0
14688,2011-09-08,13,281,0
14688,2011-09-30,8,303,0
14688,2011-10-18,10,321,0
14688,2011-10-31,5,334,0
14688,2011-12-02,47,366,0
14689,2011-05-15,13,165,165
14690,2011-07-11,29,222,222
14690,2011-10-26,21,329,222
14691,2011-05-11,17,161,161
14691,2011-09-04,29,277,161
14691,2011-09-29,16,302,161
14691,2011-11-09,9,343,161
14692,2011-01-21,27,51,51
14692,2011-02-13,12,74,51
14692,2011-04-18,15,138,51
14692,2011-07-25,14,236,51
14693,2011-03-20,8,109,109
14696,2010-12-01,18,0,0
14696,2011-01-18,16,48,0
14696,2011-04-11,17,131,0
14696,2011-06-05,16,186,0
14696,2011-08-12,23,254,0
14696,2011-09-29,20,302,0
14696,2011-12-05,20,369,0
14697,2011-05-05,22,155,155
14698,2011-10-19,59,322,322
14698,2011-10-23,20,326,322
14698,2011-11-13,65,347,322
14698,2011-11-24,20,358,322
14698,2011-12-08,46,372,322
14699,2011-05-09,8,159,159
14700,2011-04-15,40,135,135
14700,2011-06-03,37,184,135
14700,2011-11-07,38,341,135
14701,2011-01-27,57,57,57
14701,2011-02-15,51,76,57
14701,2011-03-06,40,95,57
14701,2011-03-18,25,107,57
14701,2011-04-06,39,126,57
14701,2011-06-20,26,201,57
14701,2011-11-29,97,363,57
14702,2010-12-09,30,8,8
14702,2011-01-06,20,36,8
14702,2011-01-09,20,39,8
14702,2011-01-27,21,57,8
14702,2011-02-17,13,78,8
14702,2011-03-03,14,92,8
14702,2011-06-30,17,211,8
14702,2011-07-07,13,218,8
14702,2011-08-15,31,257,8
14702,2011-09-22,17,295,8
14702,2011-10-06,8,309,8
14702,2011-10-16,50,319,8
14702,2011-10-31,22,334,8
14702,2011-11-07,16,341,8
14702,2011-11-21,12,355,8
14702,2011-12-01,16,365,8
14702,2011-12-08,27,372,8
14703,2011-11-25,22,359,359
14704,2011-06-12,30,193,193
14704,2011-07-20,38,231,193
14704,2011-09-19,42,292,193
14704,2011-10-19,158,322,193
14704,2011-10-23,34,326,193
14704,2011-10-31,1,334,193
14704,2011-11-17,46,351,193
14704,2011-11-20,65,354,193
14704,2011-11-28,1,362,193
14705,2011-05-25,1,175,175
14708,2010-12-06,12,5,5
14708,2011-07-08,2,219,5
14708,2011-12-07,14,371,5
14709,2010-12-16,15,15,15
14709,2011-01-27,21,57,15
14709,2011-03-08,20,97,15
14709,2011-05-08,17,158,15
14709,2011-06-05,12,186,15
14709,2011-07-13,18,224,15
14709,2011-08-01,14,243,15
14709,2011-08-19,21,261,15
14709,2011-09-07,17,280,15
14709,2011-09-29,14,302,15
14709,2011-11-09,17,343,15
14709,2011-11-24,10,358,15
14710,2011-10-11,29,314,314
14710,2011-10-30,35,333,314
14710,2011-11-20,58,354,314
14710,2011-11-25,17,359,314
14711,2011-03-22,29,111,111
14711,2011-04-04,44,124,111
14711,2011-04-21,30,141,111
14711,2011-05-03,32,153,111
14711,2011-05-22,36,172,111
14711,2011-06-07,34,188,111
14711,2011-06-30,6,211,111
14711,2011-08-22,14,264,111
14711,2011-09-09,52,282,111
14711,2011-11-15,46,349,111
14711,2011-11-29,34,363,111
14712,2011-08-19,7,261,261
14712,2011-09-25,13,298,261
14712,2011-11-10,5,344,261
14713,2010-12-09,25,8,8
14713,2010-12-16,19,15,8
14713,2011-01-20,36,50,8
14713,2011-03-10,29,99,8
14713,2011-03-17,14,106,8
14713,2011-05-05,43,155,8
14713,2011-06-06,23,187,8
14713,2011-08-04,54,246,8
14713,2011-09-01,30,274,8
14713,2011-11-10,50,344,8
14713,2011-11-30,16,364,8
14714,2011-11-15,10,349,349
14715,2011-01-12,13,42,42
14715,2011-02-14,9,75,42
14715,2011-09-06,27,279,42
14715,2011-11-15,22,349,42
14716,2011-07-14,23,225,225
14716,2011-10-27,32,330,225
14719,2011-04-04,40,124,124
14719,2011-06-13,37,194,124
14719,2011-10-10,56,313,124
14719,2011-11-29,50,363,124
14719,2011-12-08,54,372,124
14720,2011-08-05,9,247,247
14720,2011-09-11,13,284,247
14720,2011-12-04,15,368,247
14722,2011-07-15,29,226,226
14723,2010-12-03,43,2,2
14723,2010-12-16,47,15,2
14723,2011-10-30,61,333,2
14723,2011-11-03,63,337,2
14723,2011-11-29,64,363,2
14725,2011-11-15,52,349,349
14727,2011-03-10,10,99,99
14729,2010-12-01,71,0,0
14730,2011-03-08,54,97,97
14730,2011-03-28,24,117,97
14730,2011-04-21,25,141,97
14730,2011-06-14,55,195,97
14730,2011-08-24,29,266,97
14730,2011-10-05,243,308,97
14730,2011-12-08,71,372,97
14731,2011-05-11,24,161,161
14731,2011-05-18,6,168,161
14731,2011-10-23,15,326,161
14732,2011-01-04,10,34,34
14732,2011-03-01,30,90,34
14732,2011-05-03,17,153,34
14732,2011-06-06,23,187,34
14732,2011-07-19,14,230,34
14732,2011-09-12,19,285,34
14732,2011-11-09,16,343,34
14732,2011-12-01,18,365,34
14733,2010-12-07,28,6,6
14733,2010-12-13,33,12,6
14733,2010-12-20,17,19,6
14733,2011-01-11,36,41,6
14733,2011-01-26,10,56,6
14733,2011-02-10,12,71,6
14733,2011-03-14,16,103,6
14733,2011-05-19,8,169,6
14733,2011-06-22,10,203,6
14733,2011-07-18,13,229,6
14733,2011-08-21,7,263,6
14733,2011-11-23,12,357,6
14735,2010-12-16,5,15,15
14735,2011-01-20,23,50,15
14735,2011-02-02,5,63,15
14735,2011-03-15,23,104,15
14735,2011-03-22,1,111,15
14735,2011-04-21,4,141,15
14735,2011-04-28,6,148,15
14735,2011-05-19,12,169,15
14735,2011-05-27,10,177,15
14735,2011-06-16,8,197,15
14735,2011-07-29,18,240,15
14735,2011-08-21,4,263,15
14735,2011-09-01,2,274,15
14735,2011-09-15,1,288,15
14735,2011-09-19,27,292,15
14735,2011-11-14,15,348,15
14735,2011-11-17,3,351,15
14735,2011-11-23,7,357,15
14735,2011-11-28,4,362,15
14735,2011-12-06,16,370,15
14737,2010-12-21,8,20,20
14737,2011-08-03,7,245,20
14737,2011-12-06,2,370,20
14738,2011-01-27,11,57,57
14738,2011-04-12,7,132,57
14738,2011-05-12,6,162,57
14738,2011-05-24,1,174,57
14738,2011-07-29,8,240,57
14738,2011-10-06,11,309,57
14738,2011-10-28,10,331,57
14739,2010-12-07,12,6,6
14739,2011-01-05,6,35,6
14739,2011-05-04,6,154,6
14739,2011-09-06,10,279,6
14739,2011-10-05,10,308,6
14739,2011-11-20,10,354,6
14739,2011-12-05,6,369,6
14740,2011-03-01,30,90,90
14740,2011-04-28,25,148,90
14740,2011-05-26,34,176,90
14741,2010-12-02,9,1,1
14741,2010-12-13,10,12,1
14741,2011-06-28,8,209,1
14741,2011-08-18,9,260,1
14741,2011-10-16,13,319,1
14741,2011-11-28,10,362,1
14744,2010-12-08,3,7,7
14744,2011-01-24,5,54,7
14744,2011-01-31,6,61,7
14744,2011-02-15,3,76,7
14744,2011-10-11,5,314,7
14744,2011-11-23,4,357,7
14745,2011-02-27,7,88,88
14745,2011-06-08,24,189,88
14745,2011-07-21,20,232,88
14745,2011-08-19,18,261,88
14747,2011-04-04,18,124,124
14748,2010-12-06,32,5,5
14748,2011-05-11,19,161,5
14748,2011-08-08,24,250,5
14748,2011-11-10,14,344,5
14752,2011-10-27,5,330,330
14753,2011-09-13,30,286,286
14754,2011-02-17,15,78,78
14754,2011-10-26,26,329,78
14755,2011-01-09,27,39,39
14755,2011-02-16,27,77,39
14755,2011-03-28,17,117,39
14755,2011-05-16,27,166,39
14755,2011-06-16,20,197,39
14755,2011-07-20,16,231,39
14755,2011-08-19,15,261,39
14755,2011-09-27,16,300,39
14755,2011-10-30,15,333,39
14755,2011-11-14,25,348,39
14755,2011-11-30,30,364,39
14756,2011-11-24,38,358,358
14757,2011-09-25,19,298,298
14758,2011-03-25,28,114,114
14758,2011-04-28,16,148,114
14758,2011-05-18,13,168,114
14758,2011-07-18,14,229,114
14759,2011-04-21,35,141,141
14759,2011-08-19,17,261,141
14759,2011-12-05,50,369,141
14760,2011-02-15,5,76,76
14761,2011-01-09,7,39,39
14761,2011-10-12,4,315,39
14762,2011-03-21,21,110,110
14764,2011-10-24,6,327,327
14765,2011-06-16,7,197,197
14765,2011-08-19,1,261,197
14765,2011-11-10,31,344,197
14766,2010-12-08,6,7,7
14766,2011-03-28,39,117,7
14766,2011-05-10,22,160,7
14766,2011-06-24,26,205,7
14766,2011-09-20,21,293,7
14766,2011-12-01,21,365,7
14768,2011-08-04,4,246,246
14768,2011-11-22,1,356,246
14769,2010-12-17,22,16,16
14769,2011-01-19,35,49,16
14769,2011-03-20,294,109,16
14769,2011-05-22,264,172,16
14769,2011-07-21,26,232,16
14769,2011-08-23,26,265,16
14769,2011-09-18,399,291,16
14769,2011-12-07,24,371,16
14770,2011-01-20,17,50,50
14770,2011-04-21,35,141,50
14772,2011-08-19,9,261,261
14775,2010-12-02,20,1,1
14775,2011-07-25,20,236,1
14775,2011-10-12,20,315,1
14776,2011-01-31,22,61,61
14776,2011-04-20,17,140,61
14776,2011-05-05,8,155,61
14776,2011-06-17,20,198,61
14776,2011-06-21,1,202,61
14776,2011-07-18,7,229,61
14776,2011-08-26,9,268,61
14776,2011-10-18,16,321,61
14776,2011-10-19,17,322,61
14778,2011-02-04,18,65,65
14778,2011-08-04,17,246,65
14779,2011-01-20,31,50,50
14779,2011-01-21,4,51,50
14779,2011-03-04,6,93,50
14780,2011-09-21,19,294,294
14780,2011-10-16,8,319,294
14782,2011-01-24,6,54,54
14784,2011-01-20,4,50,50
14784,2011-11-13,11,347,50
14785,2011-11-24,2,358,358
14785,2011-11-29,1,363,358
14788,2011-11-13,15,347,347
14788,2011-12-02,15,366,347
14789,2011-11-11,6,345,345
14790,2011-03-31,10,120,120
14790,2011-08-12,18,254,120
14790,2011-11-11,13,345,120
14790,2011-11-23,5,357,120
14792,2011-10-07,2,310,310
14793,2011-11-18,14,352,352
14794,2011-01-09,9,39,39
14794,2011-03-23,16,112,39
14794,2011-03-31,1,120,39
14794,2011-05-20,14,170,39
14794,2011-11-09,8,343,39
14794,2011-11-30,19,364,39
14794,2011-12-07,13,371,39
14795,2011-06-26,6,207,207
14796,2010-12-08,50,7,7
14796,2010-12-13,37,12,7
14796,2011-01-24,49,54,7
14796,2011-02-11,64,72,7
14796,2011-02-21,69,82,7
14796,2011-03-04,60,93,7
14796,2011-03-25,51,114,7
14796,2011-04-15,64,135,7
14796,2011-05-06,60,156,7
14796,2011-06-20,83,201,7
14796,2011-07-11,70,222,7
14796,2011-07-25,102,236,7
14796,2011-08-24,81,266,7
14796,2011-09-06,64,279,7
14796,2011-10-14,87,317,7
14796,2011-11-17,62,351,7
14796,2011-12-08,88,372,7
14798,2011-02-02,6,63,63
14798,2011-07-18,2,229,63
14798,2011-10-18,4,321,63
14799,2011-10-19,13,322,322
14800,2010-12-05,51,4,4
14800,2010-12-12,43,11,4
14800,2011-01-09,52,39,4
14800,2011-03-13,42,102,4
14800,2011-05-01,68,151,4
14800,2011-05-03,1,153,4
14800,2011-06-01,30,182,4
14800,2011-07-24,20,235,4
14800,2011-08-22,19,264,4
14800,2011-09-25,23,298,4
14800,2011-10-11,1,314,4
14800,2011-10-23,35,326,4
14801,2011-10-09,59,312,312
14803,2011-02-20,14,81,81
14803,2011-03-09,5,98,81
14803,2011-06-30,25,211,81
14804,2011-12-01,12,365,365
14805,2011-01-30,19,60,60
14805,2011-10-17,11,320,60
14805,2011-11-20,9,354,60
14805,2011-11-24,8,358,60
14806,2011-09-25,11,298,298
14808,2011-06-20,85,201,201
14808,2011-06-26,15,207,201
14808,2011-07-10,37,221,201
14808,2011-07-18,51,229,201
14808,2011-09-26,20,299,201
14808,2011-10-31,27,334,201
14810,2010-12-05,23,4,4
14810,2011-01-09,16,39,4
14810,2011-02-06,16,67,4
14810,2011-02-27,24,88,4
14810,2011-03-13,21,102,4
14810,2011-03-30,22,119,4
14810,2011-04-13,20,133,4
14810,2011-05-25,28,175,4
14810,2011-07-17,22,228,4
14810,2011-08-28,37,270,4
14810,2011-10-30,26,333,4
14813,2010-12-05,30,4,4
14815,2011-10-03,39,306,306
14815,2011-11-03,14,337,306
14816,2011-05-26,4,176,176
14817,2011-03-07,34,96,96
14817,2011-05-23,29,173,96
14818,2011-03-31,13,120,120
14818,2011-06-23,12,204,120
14818,2011-09-27,23,300,120
14819,2011-05-31,3,181,181
14819,2011-10-06,10,309,181
14820,2011-06-19,8,200,200
14820,2011-09-25,7,298,200
14820,2011-11-06,8,340,200
14820,2011-11-18,6,352,200
14821,2010-12-08,2,7,7
14823,2011-05-29,46,179,179
14823,2011-06-12,24,193,179
14824,2011-09-09,15,282,282
14824,2011-09-27,5,300,282
14824,2011-11-06,2,340,282
14824,2011-11-29,7,363,282
14825,2010-12-06,10,5,5
14825,2010-12-16,8,15,5
14825,2011-02-15,34,76,5
14825,2011-03-09,9,98,5
14825,2011-05-19,6,169,5
14825,2011-06-23,10,204,5
14825,2011-08-04,6,246,5
14825,2011-09-11,7,284,5
14825,2011-10-07,6,310,5
14825,2011-11-16,12,350,5
14825,2011-11-24,7,358,5
14825,2011-12-06,6,370,5
14828,2011-01-07,5,37,37
14828,2011-03-30,3,119,37
14828,2011-05-27,9,177,37
14829,2010-12-02,19,1,1
14829,2010-12-14,7,13,1
14829,2011-06-08,8,189,1
14829,2011-11-10,8,344,1
14830,2011-10-17,40,320,320
14834,2011-04-13,11,133,133
14834,2011-08-11,10,253,133
14834,2011-09-29,19,302,133
14834,2011-10-12,14,315,133
14834,2011-11-17,8,351,133
14834,2011-11-22,5,356,133
14836,2011-11-09,4,343,343
14836,2011-11-11,1,345,343
14836,2011-11-29,1,363,343
14837,2011-05-22,30,172,172
14837,2011-06-26,35,207,172
14837,2011-08-26,25,268,172
14837,2011-09-11,18,284,172
14840,2011-03-17,4,106,106
14841,2010-12-16,19,15,15
14841,2011-02-24,32,85,15
14841,2011-03-10,30,99,15
14841,2011-06-13,25,194,15
14841,2011-10-11,15,314,15
14841,2011-10-17,17,320,15
14842,2011-02-04,2,65,65
14842,2011-06-01,76,182,65
14842,2011-09-05,12,278,65
14842,2011-10-27,55,330,65
14844,2011-04-12,40,132,132
14844,2011-06-16,26,197,132
14844,2011-08-08,21,250,132
14844,2011-10-07,43,310,132
14847,2011-07-14,13,225,225
14849,2010-12-01,17,0,0
14849,2010-12-16,11,15,0
14849,2011-01-25,23,55,0
14849,2011-02-15,10,76,0
14849,2011-04-05,26,125,0
14849,2011-05-10,31,160,0
14849,2011-06-16,54,197,0
14849,2011-07-21,42,232,0
14849,2011-08-12,45,254,0
14849,2011-09-05,33,278,0
14849,2011-10-06,43,309,0
14849,2011-11-03,22,337,0
14849,2011-11-18,31,352,0
14850,2011-02-01,21,62,62
14851,2011-03-28,14,117,117
14851,2011-11-16,14,350,117
14852,2011-04-01,24,121,121
14852,2011-06-15,34,196,121
14852,2011-07-22,21,233,121
14852,2011-09-04,29,277,121
14852,2011-10-12,35,315,121
14853,2011-05-12,3,162,162
14853,2011-11-15,6,349,162
14854,2011-03-10,21,99,99
14854,2011-04-01,7,121,99
14854,2011-04-26,23,146,99
14854,2011-06-23,45,204,99
14854,2011-06-28,1,209,99
14854,2011-07-29,13,240,99
14854,2011-09-22,17,295,99
14855,2011-07-28,12,239,239
14855,2011-08-12,8,254,239
14856,2011-10-14,50,317,317
14856,2011-11-03,16,337,317
14857,2011-07-14,29,225,225
14857,2011-10-11,31,314,225
14859,2011-05-19,11,169,169
14859,2011-09-20,32,293,169
14859,2011-11-27,15,361,169
14860,2011-11-20,11,354,354
14861,2011-10-18,6,321,321
14862,2011-07-14,21,225,225
14862,2011-11-14,27,348,225
14863,2011-11-10,11,344,344
14865,2010-12-02,3,1,1
14865,2011-12-02,1,366,1
14866,2010-12-08,1,7,7
14866,2011-07-21,23,232,7
14866,2011-07-26,1,237,7
14866,2011-08-26,2,268,7
14866,2011-09-20,22,293,7
14866,2011-10-11,21,314,7
14866,2011-10-20,3,323,7
14866,2011-10-26,5,329,7
14866,2011-11-01,13,335,7
14866,2011-11-24,3,358,7
14866,2011-11-29,5,363,7
14867,2011-01-07,15,37,37
14867,2011-05-05,16,155,37
14867,2011-06-07,5,188,37
14868,2011-04-20,24,140,140
14868,2011-07-01,27,212,140
14868,2011-08-11,21,253,140
14868,2011-09-29,15,302,140
14868,2011-11-06,27,340,140
14868,2011-11-18,17,352,140
14868,2011-12-06,13,370,140
14869,2011-08-28,50,270,270
14869,2011-12-01,21,365,270
14870,2011-03-23,13,112,112
14871,2010-12-14,25,13,13
14871,2011-03-29,20,118,13
14871,2011-06-14,17,195,13
14871,2011-12-06,36,370,13
14873,2011-05-13,28,163,163
14875,2011-03-22,5,111,111
14875,2011-08-24,42,266,111
14878,2010-12-16,13,15,15
14878,2011-02-20,18,81,15
14878,2011-03-27,14,116,15
14878,2011-05-22,20,172,15
14878,2011-06-12,9,193,15
14878,2011-06-19,7,200,15
14878,2011-09-18,22,291,15
14878,2011-11-03,12,337,15
14878,2011-11-27,9,361,15
14880,2011-02-24,8,85,85
14880,2011-06-07,18,188,85
14880,2011-09-23,21,296,85
14881,2011-11-20,17,354,354
14882,2011-11-06,6,340,340
14882,2011-11-13,5,347,340
14883,2011-05-12,19,162,162
14883,2011-06-29,6,210,162
14883,2011-09-27,17,300,162
14883,2011-10-31,5,334,162
14883,2011-11-21,6,355,162
14885,2011-07-31,15,242,242
14886,2011-04-01,18,121,121
14887,2011-09-21,6,294,294
14888,2011-05-16,20,166,166
14889,2011-01-07,10,37,37
14890,2011-03-31,7,120,120
14891,2011-06-05,27,186,186
14891,2011-07-14,6,225,186
14893,2011-11-28,51,362,362
14893,2011-11-30,22,364,362
14894,2011-09-15,23,288,288
14895,2011-02-22,118,83,83
14895,2011-04-04,18,124,83
14895,2011-05-19,46,169,83
14895,2011-06-10,34,191,83
14895,2011-07-17,30,228,83
14895,2011-08-21,41,263,83
14895,2011-09-09,80,282,83
14895,2011-10-24,20,327,83
14895,2011-10-30,31,333,83
14895,2011-11-10,34,344,83
14895,2011-12-02,46,366,83
14896,2010-12-09,32,8,8
14896,2011-05-19,11,169,8
14897,2011-02-16,10,77,77
14897,2011-09-12,7,285,77
14897,2011-10-18,20,321,77
14897,2011-12-02,18,366,77
14898,2010-12-03,3,2,2
14898,2011-01-17,6,47,2
14898,2011-02-10,9,71,2
14898,2011-04-13,6,133,2
14898,2011-07-28,47,239,2
14898,2011-11-16,45,350,2
14901,2010-12-02,18,1,1
14901,2010-12-08,14,7,1
14901,2010-12-14,6,13,1
14901,2011-08-09,14,251,1
14901,2011-08-30,8,272,1
14901,2011-09-12,11,285,1
14901,2011-09-27,3,300,1
14901,2011-11-08,8,342,1
14901,2011-11-28,14,362,1
14902,2011-11-14,20,348,348
14903,2011-03-06,59,95,95
14903,2011-04-07,57,127,95
14903,2011-05-23,91,173,95
14903,2011-08-07,87,249,95
14903,2011-11-18,61,352,95
14904,2011-11-14,22,348,348
14904,2011-12-07,47,371,348
14905,2011-04-20,9,140,140
14905,2011-07-05,8,216,140
14907,2010-12-07,28,6,6
14907,2010-12-14,19,13,6
14907,2011-07-15,45,226,6
14907,2011-09-01,39,274,6
14907,2011-11-11,13,345,6
14907,2011-12-06,21,370,6
14908,2011-09-26,9,299,299
14910,2011-10-16,15,319,319
14910,2011-11-08,6,342,319
14910,2011-11-14,1,348,319
14910,2011-12-07,8,371,319
14911,2010-12-01,21,0,0
14911,2010-12-02,1,1,0
14911,2010-12-03,71,2,0
14911,2010-12-06,36,5,0
14911,2010-12-09,32,8,0
14911,2010-12-10,51,9,0
14911,2010-12-16,18,15,0
14911,2010-12-19,18,18,0
14911,2010-12-21,29,20,0
14911,2010-12-23,15,22,0
14911,2011-01-09,13,39,0
14911,2011-01-18,10,48,0
14911,2011-01-20,21,50,0
14911,2011-01-24,15,54,0
14911,2011-01-26,52,56,0
14911,2011-01-27,21,57,0
14911,2011-02-01,45,62,0
14911,2011-02-04,13,65,0
14911,2011-02-17,14,78,0
14911,2011-02-18,10,79,0
14911,2011-03-04,75,93,0
14911,2011-03-11,2,100,0
14911,2011-03-14,102,103,0
14911,2011-03-15,24,104,0
14911,2011-03-17,25,106,0
14911,2011-03-18,44,107,0
14911,2011-03-20,11,109,0
14911,2011-03-24,16,113,0
14911,2011-03-25,43,114,0
14911,2011-03-28,39,117,0
14911,2011-03-31,9,120,0
14911,2011-04-01,67,121,0
14911,2011-04-04,15,124,0
14911,2011-04-06,65,126,0
14911,2011-04-07,33,127,0
14911,2011-04-11,61,131,0
14911,2011-04-27,5,147,0
14911,2011-05-03,68,153,0
14911,2011-05-05,23,155,0
14911,2011-05-08,49,158,0
14911,2011-05-15,18,165,0
14911,2011-05-16,74,166,0
14911,2011-05-18,60,168,0
14911,2011-05-19,46,169,0
14911,2011-05-20,23,170,0
14911,2011-05-23,52,173,0
14911,2011-05-26,28,176,0
14911,2011-06-07,13,188,0
14911,2011-06-08,65,189,0
14911,2011-06-09,48,190,0
14911,2011-06-13,42,194,0
14911,2011-06-16,33,197,0
14911,2011-06-17,33,198,0
14911,2011-06-19,14,200,0
14911,2011-06-21,3,202,0
14911,2011-06-22,19,203,0
14911,2011-06-23,20,204,0
14911,2011-06-27,46,208,0
14911,2011-06-29,3,210,0
14911,2011-06-30,30,211,0
14911,2011-07-01,8,212,0
14911,2011-07-05,7,216,0
14911,2011-07-14,47,225,0
14911,2011-07-18,67,229,0
14911,2011-07-19,93,230,0
14911,2011-07-21,41,232,0
14911,2011-07-26,7,237,0
14911,2011-07-27,24,238,0
14911,2011-07-28,60,239,0
14911,2011-07-29,25,240,0
14911,2011-07-31,80,242,0
14911,2011-08-04,31,246,0
14911,2011-08-08,58,250,0
14911,2011-08-11,37,253,0
14911,2011-08-12,76,254,0
14911,2011-08-18,7,260,0
14911,2011-08-19,49,261,0
14911,2011-08-21,16,263,0
14911,2011-08-23,1,265,0
14911,2011-08-26,70,268,0
14911,2011-09-01,21,274,0
14911,2011-09-02,26,275,0
14911,2011-09-07,157,280,0
14911,2011-09-14,50,287,0
14911,2011-09-15,25,288,0
14911,2011-09-19,24,292,0
14911,2011-09-20,102,293,0
14911,2011-09-21,11,294,0
14911,2011-09-22,72,295,0
14911,2011-09-23,186,296,0
14911,2011-09-26,59,299,0
14911,2011-09-27,17,300,0
14911,2011-09-28,119,301,0
14911,2011-09-30,23,303,0
14911,2011-10-06,24,309,0
14911,2011-10-07,51,310,0
14911,2011-10-10,79,313,0
14911,2011-10-11,85,314,0
14911,2011-10-12,96,315,0
14911,2011-10-17,126,320,0
14911,2011-10-18,28,321,0
14911,2011-10-19,58,322,0
14911,2011-10-20,127,323,0
14911,2011-10-21,44,324,0
14911,2011-10-24,16,327,0
14911,2011-10-30,21,333,0
14911,2011-10-31,37,334,0
14911,2011-11-01,95,335,0
14911,2011-11-07,31,341,0
14911,2011-11-09,21,343,0
14911,2011-11-10,48,344,0
14911,2011-11-11,67,345,0
14911,2011-11-13,77,347,0
14911,2011-11-14,23,348,0
14911,2011-11-15,60,349,0
14911,2011-11-16,18,350,0
14911,2011-11-17,77,351,0
14911,2011-11-18,44,352,0
14911,2011-11-20,41,354,0
14911,2011-11-21,51,355,0
14911,2011-11-22,90,356,0
14911,2011-11-23,8,357,0
14911,2011-11-24,10,358,0
14911,2011-11-25,6,359,0
14911,2011-11-27,22,361,0
14911,2011-11-28,102,362,0
14911,2011-11-30,27,364,0
14911,2011-12-01,34,365,0
14911,2011-12-04,30,368,0
14911,2011-12-05,17,369,0
14911,2011-12-07,166,371,0
14911,2011-12-08,72,372,0
14912,2011-04-07,14,127,127
14912,2011-11-23,13,357,127
14913,2010-12-15,17,14,14
14913,2011-03-11,25,100,14
14913,2011-06-09,20,190,14
14913,2011-11-04,25,338,14
14915,2011-03-07,8,96,96
14915,2011-09-09,4,282,96
14916,2011-01-19,15,49,49
14916,2011-07-13,27,224,49
14916,2011-09-07,16,280,49
14916,2011-09-30,19,303,49
14918,2011-07-08,20,219,219
14918,2011-08-16,25,258,219
14920,2011-05-11,57,161,161
14921,2011-05-22,53,172,172
14921,2011-11-09,25,343,172
14923,2011-10-20,44,323,323
14924,2011-04-08,10,128,128
14929,2011-11-07,11,341,341
14930,2011-03-10,62,99,99
14930,2011-08-23,66,265,99
14931,2011-04-13,9,133,133
14931,2011-05-17,1,167,133
14931,2011-09-26,17,299,133
14931,2011-11-17,9,351,133
14931,2011-12-05,5,369,133
14932,2010-12-09,17,8,8
14934,2011-03-02,39,91,91
14934,2011-09-19,48,292,91
14935,2011-02-15,10,76,76
14936,2011-03-09,81,98,98
14936,2011-06-17,81,198,98
14936,2011-08-23,57,265,98
14936,2011-10-05,81,308,98
14936,2011-11-06,64,340,98
14937,2011-08-01,13,243,243
14937,2011-10-14,21,317,243
14944,2011-02-16,28,77,77
14944,2011-05-06,17,156,77
14944,2011-06-06,22,187,77
14944,2011-07-18,29,229,77
14944,2011-09-06,25,279,77
14944,2011-09-23,33,296,77
14944,2011-11-10,16,344,77
14946,2011-11-25,3,359,359
14947,2011-08-01,10,243,243
14947,2011-09-28,4,301,243
14948,2011-05-04,13,154,154
14948,2011-07-25,21,236,154
14948,2011-08-22,1,264,154
14948,2011-09-02,6,275,154
14948,2011-09-29,10,302,154
14948,2011-11-16,12,350,154
14950,2011-11-20,19,354,354
14951,2011-09-21,20,294,294
14952,2010-12-10,7,9,9
14952,2011-02-07,18,68,9
14952,2011-02-27,16,88,9
14952,2011-05-16,4,166,9
14952,2011-05-17,42,167,9
14952,2011-09-12,12,285,9
14952,2011-09-29,16,302,9
14952,2011-10-11,23,314,9
14953,2011-11-14,55,348,348
14954,2011-11-27,85,361,361
14957,2011-03-31,12,120,120
14958,2011-04-08,18,128,128
14958,2011-06-07,16,188,128
14958,2011-07-15,8,226,128
14959,2011-02-16,22,77,77
14959,2011-05-08,23,158,77
14959,2011-08-22,6,264,77
14959,2011-10-06,8,309,77
14960,2011-06-21,2,202,202
14960,2011-12-01,25,365,202
14961,2010-12-14,38,13,13
14961,2011-02-15,51,76,13
14961,2011-04-07,13,127,13
14961,2011-04-21,40,141,13
14961,2011-07-08,34,219,13
14961,2011-09-09,55,282,13
14961,2011-09-19,43,292,13
14961,2011-11-29,38,363,13
14962,2011-03-14,5,103,103
14963,2011-06-09,38,190,190
14963,2011-10-13,31,316,190
14963,2011-11-06,67,340,190
14963,2011-11-21,34,355,190
14963,2011-11-30,28,364,190
14964,2011-04-06,13,126,126
14965,2011-09-04,83,277,277
14966,2011-11-25,38,359,359
14967,2011-10-21,6,324,324
14968,2011-11-09,37,343,343
14970,2011-01-27,5,57,57
14970,2011-04-01,7,121,57
14970,2011-07-25,5,236,57
14970,2011-10-02,17,305,57
14971,2011-10-27,105,330,330
14971,2011-11-04,55,338,330
14972,2011-08-03,18,245,245
14973,2011-04-28,5,148,148
14973,2011-07-28,20,239,148
14973,2011-08-24,7,266,148
14974,2011-11-02,21,336,336
14975,2011-10-13,11,316,316
14976,2011-01-17,16,47,47
14976,2011-03-10,20,99,47
14976,2011-05-27,10,177,47
14976,2011-08-30,8,272,47
14976,2011-10-13,18,316,47
14978,2011-01-13,38,43,43
14978,2011-01-26,36,56,43
14978,2011-02-23,68,84,43
14978,2011-04-18,36,138,43
14978,2011-09-28,38,301,43
14981,2011-04-07,8,127,127
14984,2011-06-12,17,193,193
14984,2011-11-20,24,354,193
14985,2010-12-16,50,15,15
14985,2011-05-25,37,175,15
14987,2010-12-09,2,8,8
14987,2011-11-24,2,358,8
14988,2011-05-12,40,162,162
14995,2011-03-04,37,93,93
14995,2011-11-01,24,335,93
14997,2011-06-14,9,195,195
14997,2011-09-12,12,285,195
14997,2011-10-24,5,327,195
14998,2011-04-12,42,132,132
14998,2011-06-22,33,203,132
15000,2011-10-23,77,326,326
15002,2010-12-07,31,6,6
15002,2011-01-05,25,35,6
15002,2011-02-16,19,77,6
15002,2011-08-16,40,258,6
15004,2011-07-15,158,226,226
15005,2010-12-08,28,7,7
15005,2010-12-15,45,14,7
15005,2011-01-09,25,39,7
15005,2011-02-02,34,63,7
15005,2011-03-03,52,92,7
15005,2011-03-14,34,103,7
15005,2011-04-07,34,127,7
15005,2011-04-14,35,134,7
15005,2011-04-27,47,147,7
15005,2011-05-05,43,155,7
15005,2011-05-17,50,167,7
15005,2011-05-26,39,176,7
15005,2011-06-05,49,186,7
15005,2011-06-15,51,196,7
15005,2011-06-30,44,211,7
15005,2011-07-14,40,225,7
15005,2011-07-22,32,233,7
15005,2011-08-04,45,246,7
15005,2011-08-23,53,265,7
15005,2011-09-05,46,278,7
15005,2011-09-15,47,288,7
15005,2011-09-22,23,295,7
15005,2011-10-07,34,310,7
15005,2011-10-13,31,316,7
15005,2011-10-26,32,329,7
15005,2011-11-08,48,342,7
15005,2011-11-13,48,347,7
15005,2011-11-24,30,358,7
15006,2011-10-19,144,322,322
15007,2011-07-03,12,214,214
15009,2011-11-14,87,348,348
15009,2011-11-20,67,354,348
15009,2011-11-27,28,361,348
15010,2011-11-04,20,338,338
15012,2010-12-01,54,0,0
15012,2011-10-17,74,320,0
15014,2011-06-16,3,197,197
15014,2011-10-27,32,330,197
15016,2011-06-20,20,201,201
15017,2011-11-06,20,340,340
15018,2010-12-07,5,6,6
15018,2011-04-01,12,121,6
15018,2011-11-01,14,335,6
15019,2011-03-18,70,107,107
15021,2010-12-08,53,7,7
15021,2011-03-23,92,112,7
15021,2011-05-05,44,155,7
15021,2011-06-17,51,198,7
15021,2011-07-06,47,217,7
15021,2011-09-14,78,287,7
15021,2011-11-13,58,347,7
15021,2011-12-01,49,365,7
15022,2011-10-23,51,326,326
15022,2011-11-13,32,347,326
15022,2011-11-28,52,362,326
15023,2010-12-05,37,4,4
15023,2011-01-18,68,48,4
15023,2011-03-08,70,97,4
15023,2011-05-05,103,155,4
15023,2011-06-23,67,204,4
15023,2011-07-03,15,214,4
15023,2011-07-28,29,239,4
15023,2011-08-15,38,257,4
15023,2011-10-27,53,330,4
15023,2011-10-31,11,334,4
15023,2011-12-06,71,370,4
15024,2010-12-07,48,6,6
15024,2011-02-16,14,77,6
15024,2011-08-02,2,244,6
15024,2011-08-18,15,260,6
15024,2011-10-11,19,314,6
15024,2011-11-11,28,345,6
15024,2011-11-30,29,364,6
15025,2011-11-06,72,340,340
15026,2011-03-07,20,96,96
15026,2011-04-13,6,133,96
15026,2011-09-20,35,293,96
15027,2011-04-15,8,135,135
15027,2011-05-04,6,154,135
15027,2011-06-24,17,205,135
15027,2011-11-09,4,343,135
15028,2010-12-06,14,5,5
15028,2011-10-28,29,331,5
15028,2011-12-01,5,365,5
15030,2011-03-16,3,105,105
15030,2011-09-29,4,302,105
15031,2011-03-02,24,91,91
15031,2011-08-21,19,263,91
15031,2011-11-09,35,343,91
15031,2011-12-05,33,369,91
15032,2010-12-08,30,7,7
15032,2011-03-28,22,117,7
15033,2011-01-14,64,44,44
15033,2011-03-28,34,117,44
15033,2011-05-15,80,165,44
15033,2011-07-03,53,214,44
15033,2011-08-08,14,250,44
15033,2011-08-22,36,264,44
15033,2011-10-17,89,320,44
15033,2011-10-31,29,334,44
15033,2011-11-14,68,348,44
15033,2011-12-05,43,369,44
15034,2010-12-21,39,20,20
15034,2011-01-05,43,35,20
15034,2011-03-06,6,95,20
15034,2011-04-21,97,141,20
15034,2011-09-30,101,303,20
15034,2011-11-11,100,345,20
15034,2011-11-24,8,358,20
15035,2011-09-11,27,284,284
15036,2011-06-13,3,194,194
15036,2011-06-15,56,196,194
15036,2011-09-28,68,301,194
15038,2010-12-05,35,4,4
15038,2011-04-10,26,130,4
15038,2011-05-08,20,158,4
15038,2011-06-05,29,186,4
15038,2011-10-02,19,305,4
15038,2011-10-12,1,315,4
15039,2010-12-06,56,5,5
15039,2010-12-14,59,13,5
15039,2011-01-04,49,34,5
15039,2011-01-10,42,40,5
15039,2011-01-19,41,49,5
15039,2011-01-24,28,54,5
15039,2011-02-01,39,62,5
15039,2011-02-09,25,70,5
15039,2011-02-16,30,77,5
15039,2011-02-28,73,89,5
15039,2011-03-07,43,96,5
15039,2011-03-14,28,103,5
15039,2011-03-21,40,110,5
15039,2011-03-28,36,117,5
15039,2011-04-04,33,124,5
15039,2011-04-14,53,134,5
15039,2011-04-20,25,140,5
15039,2011-04-26,20,146,5
15039,2011-05-04,33,154,5
15039,2011-05-09,34,159,5
15039,2011-05-16,37,166,5
15039,2011-05-25,52,175,5
15039,2011-06-01,31,182,5
15039,2011-06-08,36,189,5
15039,2011-06-14,52,195,5
15039,2011-06-21,44,202,5
15039,2011-06-30,30,211,5
15039,2011-07-08,27,219,5
15039,2011-07-13,30,224,5
15039,2011-07-20,28,231,5
15039,2011-08-03,44,245,5
15039,2011-08-17,47,259,5
15039,2011-09-01,44,274,5
15039,2011-09-09,35,282,5
15039,2011-09-20,25,293,5
15039,2011-10-05,16,308,5
15039,2011-10-19,21,322,5
15039,2011-11-01,20,335,5
15039,2011-11-08,20,342,5
15039,2011-11-14,19,348,5
15039,2011-11-22,24,356,5
15039,2011-11-30,33,364,5
15041,2011-06-22,67,203,203
15042,2011-05-24,5,174,174
15043,2011-11-08,3,342,342
15044,2010-12-12,58,11,11
15044,2010-12-19,26,18,11
15044,2010-12-22,32,21,11
15044,2011-01-10,14,40,11
15044,2011-02-11,30,72,11
15044,2011-02-17,13,78,11
15044,2011-03-22,12,111,11
15044,2011-04-12,26,132,11
15044,2011-05-16,26,166,11
15044,2011-06-16,27,197,11
15044,2011-07-26,16,237,11
15044,2011-09-25,20,298,11
15044,2011-10-04,35,307,11
15044,2011-10-31,52,334,11
15044,2011-11-20,66,354,11
15045,2011-03-27,4,116,116
15045,2011-07-11,8,222,116
15046,2011-01-05,29,35,35
15046,2011-01-16,11,46,35
15046,2011-02-02,9,63,35
15046,2011-02-10,11,71,35
15046,2011-02-27,6,88,35
15046,2011-04-13,7,133,35
15046,2011-05-23,26,173,35
15046,2011-05-29,22,179,35
15046,2011-06-19,8,200,35
15046,2011-08-04,29,246,35
15046,2011-09-04,6,277,35
15046,2011-10-04,12,307,35
15046,2011-10-24,8,327,35
15046,2011-11-09,9,343,35
15046,2011-11-30,13,364,35
15047,2011-03-15,22,104,104
15048,2010-12-06,23,5,5
15048,2011-05-03,38,153,5
15048,2011-08-15,20,257,5
15048,2011-10-05,16,308,5
15049,2011-03-11,3,100,100
15050,2011-09-29,58,302,302
15050,2011-11-14,20,348,302
15051,2011-07-12,34,223,223
15051,2011-10-21,75,324,223
15051,2011-11-16,34,350,223
15052,2011-01-24,30,54,54
15053,2011-03-03,20,92,92
15053,2011-07-06,20,217,92
15053,2011-12-05,31,369,92
15054,2011-10-30,67,333,333
15054,2011-11-27,47,361,333
15057,2011-01-28,22,58,58
15057,2011-03-09,3,98,58
15058,2011-01-31,61,61,61
15058,2011-02-13,16,74,61
15058,2011-04-10,64,130,61
15058,2011-06-09,15,190,61
15058,2011-08-07,17,249,61
15058,2011-09-19,13,292,61
15058,2011-10-20,14,323,61
15058,2011-11-14,76,348,61
15059,2011-01-09,29,39,39
15059,2011-01-23,1,53,39
15059,2011-02-16,29,77,39
15059,2011-05-08,41,158,39
15059,2011-06-22,41,203,39
15059,2011-08-24,42,266,39
15059,2011-10-30,54,333,39
15060,2011-11-30,113,364,364
15060,2011-12-01,8,365,364
15061,2010-12-02,73,1,1
15061,2010-12-07,16,6,1
15061,2010-12-10,20,9,1
15061,2010-12-15,15,14,1
15061,2011-01-10,23,40,1
15061,2011-01-12,2,42,1
15061,2011-01-18,13,48,1
15061,2011-01-26,6,56,1
15061,2011-02-11,2,72,1
15061,2011-03-02,10,91,1
15061,2011-03-14,15,103,1
15061,2011-03-23,15,112,1
15061,2011-03-31,11,120,1
15061,2011-04-05,1,125,1
15061,2011-05-05,8,155,1
15061,2011-05-12,13,162,1
15061,2011-06-08,7,189,1
15061,2011-06-21,9,202,1
15061,2011-07-06,8,217,1
15061,2011-07-22,14,233,1
15061,2011-07-28,4,239,1
15061,2011-08-04,13,246,1
15061,2011-09-27,32,300,1
15061,2011-10-06,5,309,1
15061,2011-10-21,11,324,1
15061,2011-11-04,16,338,1
15061,2011-11-20,5,354,1
15061,2011-11-29,21,363,1
15061,2011-12-06,15,370,1
15062,2010-12-15,11,14,14
15062,2011-02-28,13,89,14
15062,2011-05-06,21,156,14
15062,2011-09-29,12,302,14
15063,2011-05-10,5,160,160
15065,2011-02-21,48,82,82
15065,2011-04-26,24,146,82
15065,2011-06-28,66,209,82
15065,2011-11-02,17,336,82
15066,2011-10-17,42,320,320
15067,2011-03-02,35,91,91
15067,2011-09-22,47,295,91
15068,2011-03-28,39,117,117
15068,2011-10-24,65,327,117
15069,2011-06-13,70,194,194
15070,2010-12-02,1,1,1
15071,2011-03-09,12,98,98
15071,2011-09-07,14,280,98
15073,2011-06-06,22,187,187
15073,2011-06-07,22,188,187
15073,2011-11-30,10,364,187
15074,2011-08-26,42,268,268
15075,2011-09-23,27,296,296
15076,2011-06-20,49,201,201
15078,2010-12-06,22,5,5
15078,2010-12-20,15,19,5
15078,2011-01-24,18,54,5
15078,2011-02-22,36,83,5
15078,2011-02-25,18,86,5
15078,2011-03-24,19,113,5
15078,2011-04-20,29,140,5
15078,2011-05-20,30,170,5
15078,2011-06-02,14,183,5
15078,2011-07-05,29,216,5
15078,2011-07-27,25,238,5
15078,2011-08-09,20,251,5
15078,2011-08-19,15,261,5
15078,2011-08-26,25,268,5
15078,2011-09-19,24,292,5
15078,2011-09-26,13,299,5
15078,2011-10-14,18,317,5
15078,2011-11-06,24,340,5
15078,2011-11-28,10,362,5
15078,2011-12-02,36,366,5
15079,2010-12-09,4,8,8
15079,2011-01-28,23,58,8
15079,2011-05-11,20,161,8
15081,2010-12-07,8,6,6
15081,2011-05-15,9,165,6
15081,2011-09-14,6,287,6
15081,2011-10-05,4,308,6
15081,2011-11-17,6,351,6
15083,2011-03-28,5,117,117
15087,2011-03-03,15,92,92
15088,2011-10-03,40,306,306
15088,2011-11-18,17,352,306
15089,2011-08-03,69,245,245
15089,2011-08-23,33,265,245
15089,2011-09-06,19,279,245
15089,2011-10-26,9,329,245
15089,2011-11-17,4,351,245
15089,2011-11-29,11,363,245
15090,2011-02-04,23,65,65
15091,2011-10-03,30,306,306
15092,2011-03-01,19,90,90
15092,2011-05-08,7,158,90
15093,2010-12-02,16,1,1
15093,2011-01-05,21,35,1
15093,2011-02-25,29,86,1
15093,2011-05-17,16,167,1
15093,2011-08-15,14,257,1
15093,2011-11-21,12,355,1
15095,2011-05-20,29,170,170
15095,2011-07-27,8,238,170
15095,2011-08-28,10,270,170
15096,2011-10-28,11,331,331
15097,2011-12-05,25,369,369
15098,2011-06-10,3,191,191
15099,2011-09-16,23,289,289
15100,2010-12-01,1,0,0
15100,2010-12-08,1,7,0
15100,2011-01-10,1,40,0
15101,2010-12-15,4,14,14
15101,2011-12-01,4,365,14
15103,2011-09-14,13,287,287
15103,2011-11-08,22,342,287
15104,2011-03-02,28,91,91
15104,2011-05-27,41,177,91
15105,2011-07-28,19,239,239
15105,2011-09-14,34,287,239
15105,2011-10-03,30,306,239
15105,2011-11-15,6,349,239
15105,2011-11-21,12,355,239
15106,2011-03-15,26,104,104
15106,2011-05-12,27,162,104
15106,2011-07-21,19,232,104
15106,2011-10-05,19,308,104
15106,2011-11-22,9,356,104
15107,2010-12-02,5,1,1
15107,2010-12-14,3,13,1
15107,2011-01-09,5,39,1
15107,2011-01-11,1,41,1
15107,2011-01-13,2,43,1
15107,2011-02-01,1,62,1
15108,2011-04-26,11,146,146
15108,2011-06-05,19,186,146
15108,2011-06-06,1,187,146
15108,2011-07-21,29,232,146
15109,2011-04-08,28,128,128
15110,2011-01-25,9,55,55
15110,2011-08-05,10,247,55
15110,2011-10-26,8,329,55
15110,2011-11-16,8,350,55
15111,2010-12-02,16,1,1
15111,2011-10-04,52,307,1
15111,2011-11-10,16,344,1
15113,2011-10-16,75,319,319
15113,2011-11-14,1,348,319
15113,2011-11-30,24,364,319
15114,2011-02-11,17,72,72
15114,2011-04-08,16,128,72
15114,2011-05-06,16,156,72
15114,2011-06-10,22,191,72
15114,2011-07-14,10,225,72
15114,2011-08-15,15,257,72
15114,2011-09-07,24,280,72
15114,2011-09-21,15,294,72
15114,2011-09-29,27,302,72
15114,2011-11-09,35,343,72
15115,2011-11-21,21,355,355
15116,2011-05-19,15,169,169
15116,2011-07-28,8,239,169
15116,2011-10-13,13,316,169
15116,2011-11-22,9,356,169
15117,2011-05-08,8,158,158
15117,2011-08-11,27,253,158
15117,2011-10-20,33,323,158
15117,2011-11-23,1,357,158
15117,2011-11-25,10,359,158
15118,2011-07-28,1,239,239
15119,2011-04-08,14,128,128
15120,2011-07-29,21,240,240
15121,2011-02-24,18,85,85
15121,2011-10-20,10,323,85
15122,2011-02-15,24,76,76
15122,2011-05-19,22,169,76
15122,2011-08-17,36,259,76
15123,2011-05-17,53,167,167
15123,2011-12-02,53,366,167
15124,2011-06-01,9,182,182
15124,2011-11-17,6,351,182
15125,2011-03-14,38,103,103
15125,2011-04-14,4,134,103
15125,2011-05-16,33,166,103
15125,2011-06-14,13,195,103
15125,2011-06-20,1,201,103
15125,2011-07-14,4,225,103
15125,2011-07-27,15,238,103
15125,2011-08-18,12,260,103
15125,2011-10-10,5,313,103
15125,2011-11-14,2,348,103
15127,2011-10-05,16,308,308
15128,2011-05-04,33,154,154
15128,2011-06-24,27,205,154
15128,2011-08-05,21,247,154
15128,2011-10-10,21,313,154
15129,2011-02-21,14,82,82
15129,2011-03-29,13,118,82
15129,2011-05-05,2,155,82
15129,2011-05-13,11,163,82
15129,2011-06-14,12,195,82
15129,2011-06-16,6,197,82
15129,2011-07-25,6,236,82
15129,2011-08-05,9,247,82
15129,2011-08-25,1,267,82
15129,2011-10-20,10,323,82
15130,2011-06-23,22,204,204
15132,2011-03-22,19,111,111
15132,2011-05-24,6,174,111
15132,2011-08-26,23,268,111
15132,2011-10-14,3,317,111
15132,2011-11-21,1,355,111
15133,2011-02-11,10,72,72
15133,2011-03-27,7,116,72
15133,2011-08-04,12,246,72
15134,2011-04-13,6,133,133
15134,2011-05-10,8,160,133
15134,2011-06-15,10,196,133
15134,2011-08-04,12,246,133
15134,2011-09-28,15,301,133
15134,2011-10-25,9,328,133
15134,2011-11-09,8,343,133
15134,2011-11-25,5,359,133
15135,2011-04-14,9,134,134
15136,2011-09-04,29,277,277
15136,2011-11-17,23,351,277
15136,2011-12-07,16,371,277
15139,2011-01-07,8,37,37
15139,2011-04-14,5,134,37
15140,2011-03-20,17,109,109
15140,2011-04-19,13,139,109
15140,2011-05-25,9,175,109
15140,2011-08-16,18,258,109
15140,2011-09-21,11,294,109
15140,2011-10-18,12,321,109
15142,2011-10-24,26,327,327
15143,2011-04-28,14,148,148
15144,2011-01-31,19,61,61
15144,2011-03-24,16,113,61
15144,2011-05-04,16,154,61
15144,2011-05-06,1,156,61
15144,2011-07-07,11,218,61
15144,2011-07-25,17,236,61
15144,2011-08-18,14,260,61
15144,2011-09-08,30,281,61
15144,2011-09-29,12,302,61
15144,2011-10-12,14,315,61
15144,2011-10-18,8,321,61
15144,2011-10-27,18,330,61
15144,2011-11-15,20,349,61
15144,2011-12-01,21,365,61
15145,2011-04-05,26,125,125
15145,2011-04-26,15,146,125
15145,2011-10-27,18,330,125
15145,2011-12-05,8,369,125
15146,2011-02-21,63,82,82
15146,2011-06-28,28,209,82
15147,2011-04-13,28,133,133
15148,2011-11-29,20,363,363
15149,2011-07-29,23,240,240
15150,2011-03-15,33,104,104
15150,2011-06-06,61,187,104
15150,2011-07-07,20,218,104
15150,2011-08-03,18,245,104
15150,2011-08-22,103,264,104
15150,2011-09-25,48,298,104
15150,2011-09-27,1,300,104
15150,2011-11-06,5,340,104
15150,2011-11-07,34,341,104
15150,2011-11-22,20,356,104
15152,2011-06-05,43,186,186
15152,2011-07-18,17,229,186
15152,2011-07-26,21,237,186
15152,2011-08-03,20,245,186
15152,2011-08-08,17,250,186
15152,2011-08-18,14,260,186
15152,2011-09-16,15,289,186
15152,2011-10-10,18,313,186
15152,2011-10-21,18,324,186
15152,2011-11-09,17,343,186
15152,2011-11-20,30,354,186
15152,2011-11-29,15,363,186
15152,2011-11-30,26,364,186
15153,2011-11-08,22,342,342
15154,2011-09-25,85,298,298
15156,2011-11-06,20,340,340
15156,2011-12-05,25,369,340
15156,2011-12-08,10,372,340
15157,2010-12-16,54,15,15
15157,2011-07-08,35,219,15
15157,2011-12-06,36,370,15
15158,2011-10-25,7,328,328
15159,2010-12-13,48,12,12
15159,2011-01-14,11,44,12
15159,2011-01-28,21,58,12
15159,2011-03-14,12,103,12
15159,2011-04-20,41,140,12
15159,2011-05-09,17,159,12
15159,2011-05-13,11,163,12
15159,2011-06-08,22,189,12
15159,2011-06-21,27,202,12
15159,2011-07-06,39,217,12
15159,2011-07-26,43,237,12
15159,2011-08-19,61,261,12
15159,2011-09-11,29,284,12
15159,2011-10-03,88,306,12
15159,2011-10-20,101,323,12
15159,2011-11-10,27,344,12
15159,2011-11-21,49,355,12
15159,2011-12-05,58,369,12
15159,2011-12-08,5,372,12
15160,2010-12-17,4,16,16
15163,2011-05-31,10,181,181
15163,2011-11-21,19,355,181
15164,2011-01-04,16,34,34
15164,2011-05-15,40,165,34
15164,2011-10-02,47,305,34
15165,2010-12-01,27,0,0
15167,2011-01-23,41,53,53
15168,2011-11-14,5,348,348
15171,2011-01-12,5,42,42
15172,2011-04-17,25,137,137
15172,2011-05-27,13,177,137
15172,2011-07-27,23,238,137
15172,2011-09-30,23,303,137
15172,2011-12-01,26,365,137
15174,2011-01-21,11,51,51
15175,2011-09-29,23,302,302
15178,2011-03-24,3,113,113
15179,2011-01-24,44,54,54
15179,2011-04-01,1,121,54
15179,2011-04-20,1,140,54
15179,2011-10-17,13,320,54
15179,2011-11-21,34,355,54
15180,2010-12-07,6,6,6
15181,2011-03-15,2,104,104
15181,2011-06-17,8,198,104
15181,2011-10-04,6,307,104
15182,2011-03-16,16,105,105
15182,2011-07-08,13,219,105
15184,2011-06-02,20,183,183
15184,2011-11-10,43,344,183
15185,2011-09-30,21,303,303
15186,2011-06-24,10,205,205
15186,2011-11-25,9,359,205
15187,2011-05-11,9,161,161
15187,2011-06-24,3,205,161
15187,2011-07-14,16,225,161
15187,2011-08-02,1,244,161
15187,2011-09-04,9,277,161
15187,2011-09-09,1,282,161
15187,2011-09-30,15,303,161
15187,2011-10-20,1,323,161
15187,2011-11-09,1,343,161
15187,2011-11-17,10,351,161
15187,2011-11-22,4,356,161
15187,2011-11-24,5,358,161
15187,2011-12-01,4,365,161
15187,2011-12-08,12,372,161
15189,2011-01-11,5,41,41
15189,2011-01-25,3,55,41
15189,2011-02-08,3,69,41
15189,2011-02-24,3,85,41
15189,2011-03-02,6,91,41
15189,2011-03-17,5,106,41
15189,2011-03-23,2,112,41
15189,2011-03-30,4,119,41
15189,2011-04-08,8,128,41
15189,2011-04-12,1,132,41
15189,2011-04-14,5,134,41
15189,2011-04-28,6,148,41
15189,2011-05-19,16,169,41
15189,2011-05-26,9,176,41
15189,2011-06-03,4,184,41
15189,2011-06-08,4,189,41
15189,2011-06-21,5,202,41
15189,2011-06-29,6,210,41
15189,2011-07-06,4,217,41
15189,2011-07-13,6,224,41
15189,2011-07-21,7,232,41
15189,2011-07-22,8,233,41
15189,2011-07-28,6,239,41
15189,2011-08-08,7,250,41
15189,2011-08-18,18,260,41
15189,2011-08-25,3,267,41
15189,2011-09-01,8,274,41
15189,2011-09-06,8,279,41
15189,2011-09-07,6,280,41
15189,2011-09-09,1,282,41
15189,2011-10-27,7,330,41
15189,2011-11-09,6,343,41
15189,2011-11-17,7,351,41
15189,2011-11-23,2,357,41
15189,2011-11-29,2,363,41
15189,2011-12-01,5,365,41
15189,2011-12-06,3,370,41
15189,2011-12-08,3,372,41
15192,2010-12-09,15,8,8
15192,2011-06-01,25,182,8
15192,2011-08-12,11,254,8
15193,2011-10-10,19,313,313
15194,2010-12-06,16,5,5
15194,2010-12-13,11,12,5
15194,2010-12-16,44,15,5
15194,2011-01-07,20,37,5
15194,2011-01-31,16,61,5
15194,2011-03-01,12,90,5
15194,2011-04-05,16,125,5
15194,2011-05-06,13,156,5
15194,2011-05-25,19,175,5
15194,2011-06-22,25,203,5
15194,2011-08-05,20,247,5
15194,2011-09-13,20,286,5
15194,2011-09-22,15,295,5
15194,2011-11-08,37,342,5
15194,2011-12-06,26,370,5
15195,2011-12-07,1,371,371
15197,2010-12-16,3,15,15
15197,2011-04-01,12,121,15
15197,2011-11-29,17,363,15
15198,2011-08-07,5,249,249
15198,2011-09-08,5,281,249
15199,2011-02-04,3,65,65
15199,2011-04-18,3,138,65
15199,2011-09-06,4,279,65
15199,2011-10-11,3,314,65
15201,2011-04-06,19,126,126
15201,2011-05-19,19,169,126
15201,2011-08-05,14,247,126
15201,2011-09-13,17,286,126
15203,2011-02-01,20,62,62
15203,2011-05-25,36,175,62
15203,2011-07-26,26,237,62
15203,2011-08-26,23,268,62
15203,2011-09-21,13,294,62
15203,2011-11-14,24,348,62
15204,2010-12-17,9,16,16
15205,2011-08-04,24,246,246
15205,2011-09-15,13,288,246
15206,2011-03-09,1,98,98
15206,2011-07-17,2,228,98
15206,2011-09-01,3,274,98
15206,2011-11-29,3,363,98
15208,2010-12-21,3,20,20
15208,2011-06-29,13,210,20
15208,2011-10-07,10,310,20
15208,2011-11-08,7,342,20
15208,2011-12-08,9,372,20
15210,2011-04-28,20,148,148
15211,2010-12-09,23,8,8
15211,2011-10-10,29,313,8
15212,2011-04-12,5,132,132
15213,2011-01-14,22,44,44
15213,2011-01-25,2,55,44
15214,2011-04-11,35,131,131
15214,2011-06-09,11,190,131
15214,2011-09-25,18,298,131
15214,2011-10-07,6,310,131
15214,2011-11-01,12,335,131
15214,2011-11-15,6,349,131
15214,2011-11-29,10,363,131
15214,2011-12-08,12,372,131
15215,2011-09-04,16,277,277
15215,2011-10-24,19,327,277
15216,2011-09-13,2,286,286
15218,2011-01-25,28,55,55
15218,2011-03-21,16,110,55
15218,2011-05-06,17,156,55
15218,2011-06-14,23,195,55
15218,2011-07-25,19,236,55
15218,2011-08-15,28,257,55
15218,2011-09-26,14,299,55
15218,2011-10-17,4,320,55
15218,2011-11-29,17,363,55
15219,2011-06-16,9,197,197
15220,2011-03-04,23,93,93
15220,2011-04-14,13,134,93
15220,2011-05-20,20,170,93
15220,2011-06-23,5,204,93
15220,2011-08-16,27,258,93
15220,2011-10-19,29,322,93
15221,2010-12-08,5,7,7
15222,2011-01-25,5,55,55
15223,2011-04-04,12,124,124
15223,2011-04-28,8,148,124
15224,2010-12-12,2,11,11
15224,2010-12-16,12,15,11
15225,2011-04-19,23,139,139
15226,2011-02-02,8,63,63
15227,2011-01-26,16,56,56
15227,2011-02-28,14,89,56
15227,2011-05-08,13,158,56
15227,2011-11-03,15,337,56
15228,2011-02-18,32,79,79
15228,2011-06-23,11,204,79
15228,2011-08-02,46,244,79
15228,2011-10-04,36,307,79
15230,2011-04-13,22,133,133
15230,2011-04-14,1,134,133
15232,2011-07-22,18,233,233
15232,2011-08-18,13,260,233
15234,2011-03-08,14,97,97
15235,2010-12-01,5,0,0
15235,2010-12-05,4,4,0
15235,2010-12-23,34,22,0
15235,2011-01-05,8,35,0
15235,2011-01-21,19,51,0
15235,2011-02-03,18,64,0
15235,2011-02-28,9,89,0
15235,2011-04-07,13,127,0
15235,2011-04-14,9,134,0
15235,2011-05-06,24,156,0
15236,2011-02-14,15,75,75
15237,2011-04-26,65,146,146
15237,2011-05-20,11,170,146
15237,2011-09-22,16,295,146
15237,2011-12-08,7,372,146
15238,2011-06-08,14,189,189
15238,2011-09-05,23,278,189
15238,2011-11-10,13,344,189
15239,2011-09-22,30,295,295
15239,2011-11-29,19,363,295
15240,2011-02-01,14,62,62
15240,2011-04-12,8,132,62
15240,2011-06-01,20,182,62
15240,2011-09-16,16,289,62
15240,2011-10-26,20,329,62
15241,2011-03-01,28,90,90
15241,2011-05-26,14,176,90
15241,2011-05-31,21,181,90
15241,2011-06-09,7,190,90
15241,2011-07-07,12,218,90
15241,2011-08-04,9,246,90
15241,2011-09-27,4,300,90
15241,2011-10-04,15,307,90
15243,2011-09-26,22,299,299
15244,2011-04-05,15,125,125
15244,2011-10-05,19,308,125
15245,2011-03-23,49,112,112
15245,2011-06-05,16,186,112
15245,2011-07-28,24,239,112
15246,2010-12-16,12,15,15
15246,2011-04-15,21,135,15
15247,2011-08-09,6,251,251
15249,2011-03-28,60,117,117
15249,2011-04-15,18,135,117
15249,2011-04-20,19,140,117
15249,2011-05-09,19,159,117
15249,2011-05-27,28,177,117
15249,2011-07-07,37,218,117
15249,2011-08-04,37,246,117
15249,2011-08-12,19,254,117
15249,2011-08-24,41,266,117
15249,2011-09-09,18,282,117
15249,2011-10-05,34,308,117
15249,2011-11-08,20,342,117
15251,2011-04-12,30,132,132
15251,2011-05-13,15,163,132
15251,2011-06-14,13,195,132
15251,2011-07-12,5,223,132
15251,2011-07-20,5,231,132
15251,2011-08-04,6,246,132
15251,2011-08-25,3,267,132
15251,2011-09-09,25,282,132
15251,2011-10-30,6,333,132
15251,2011-11-30,3,364,132
15252,2011-06-09,14,190,190
15252,2011-11-03,30,337,190
15253,2011-06-23,12,204,204
15253,2011-09-12,26,285,204
15253,2011-11-23,15,357,204
15254,2011-08-04,18,246,246
15255,2011-10-04,47,307,307
15256,2011-07-14,6,225,225
15257,2011-03-01,7,90,90
15258,2011-05-06,16,156,156
15258,2011-06-24,18,205,156
15260,2010-12-02,17,1,1
15260,2011-04-20,12,140,1
15260,2011-05-20,9,170,1
15260,2011-06-06,16,187,1
15260,2011-07-20,13,231,1
15260,2011-08-31,10,273,1
15261,2011-07-27,19,238,238
15262,2011-01-20,10,50,50
15263,2011-08-25,12,267,267
15264,2011-10-06,23,309,309
15265,2011-04-18,42,138,138
15265,2011-07-11,40,222,138
15266,2011-01-05,6,35,35
15267,2011-06-10,5,191,191
15267,2011-07-07,2,218,191
15267,2011-10-12,1,315,191
15267,2011-10-28,1,331,191
15267,2011-11-17,2,351,191
15269,2011-11-16,2,350,350
15270,2011-02-02,18,63,63
15270,2011-02-11,2,72,63
15270,2011-04-15,8,135,63
15270,2011-08-14,7,256,63
15270,2011-11-24,6,358,63
15271,2010-12-09,24,8,8
15271,2011-01-06,16,36,8
15271,2011-04-14,8,134,8
15271,2011-05-03,6,153,8
15271,2011-05-19,7,169,8
15271,2011-06-12,11,193,8
15271,2011-06-30,9,211,8
15271,2011-08-02,11,244,8
15271,2011-08-15,42,257,8
15271,2011-09-06,13,279,8
15271,2011-10-13,5,316,8
15271,2011-10-24,89,327,8
15271,2011-11-03,6,337,8
15271,2011-11-13,16,347,8
15271,2011-12-02,11,366,8
15272,2011-09-14,27,287,287
15272,2011-10-13,36,316,287
15274,2011-11-21,25,355,355
15274,2011-12-05,22,369,355
15275,2011-11-02,41,336,336
15276,2011-10-04,52,307,307
15277,2011-10-24,12,327,327
15279,2010-12-20,19,19,19
15280,2011-06-20,16,201,201
15281,2011-01-10,50,40,40
15281,2011-02-25,12,86,40
15281,2011-04-07,5,127,40
15281,2011-04-21,15,141,40
15281,2011-05-22,30,172,40
15281,2011-05-26,2,176,40
15281,2011-07-17,3,228,40
15281,2011-07-26,13,237,40
15281,2011-10-12,9,315,40
15286,2011-10-21,3,324,324
15287,2011-09-30,15,303,303
15287,2011-11-17,5,351,303
15288,2010-12-09,26,8,8
15288,2011-03-20,31,109,8
15288,2011-05-23,12,173,8
15288,2011-07-07,10,218,8
15288,2011-10-27,9,330,8
15289,2011-04-04,19,124,124
15289,2011-07-25,29,236,124
15289,2011-11-10,10,344,124
15290,2010-12-15,8,14,14
15290,2011-01-13,9,43,14
15290,2011-01-14,2,44,14
15290,2011-02-18,15,79,14
15290,2011-03-07,11,96,14
15290,2011-03-29,9,118,14
15290,2011-04-20,6,140,14
15290,2011-05-20,17,170,14
15290,2011-07-04,15,215,14
15290,2011-08-03,15,245,14
15290,2011-08-25,9,267,14
15290,2011-08-28,1,270,14
15290,2011-09-21,22,294,14
15290,2011-10-28,28,331,14
15290,2011-11-08,9,342,14
15290,2011-12-01,19,365,14
15290,2011-12-05,9,369,14
15291,2010-12-01,2,0,0
15291,2010-12-17,4,16,0
15291,2011-01-12,22,42,0
15291,2011-01-18,5,48,0
15291,2011-03-07,1,96,0
15291,2011-03-10,5,99,0
15291,2011-03-17,12,106,0
15291,2011-04-01,2,121,0
15291,2011-04-06,5,126,0
15291,2011-06-12,18,193,0
15291,2011-06-20,7,201,0
15291,2011-09-06,4,279,0
15291,2011-11-04,8,338,0
15291,2011-11-07,1,341,0
15291,2011-11-14,7,348,0
15292,2011-05-22,25,172,172
15296,2011-01-17,61,47,47
15296,2011-05-11,35,161,47
15296,2011-06-09,15,190,47
15296,2011-06-17,2,198,47
15296,2011-08-22,29,264,47
15296,2011-10-20,52,323,47
15297,2011-10-07,14,310,310
15297,2011-11-10,9,344,310
15297,2011-11-29,16,363,310
15298,2010-12-08,17,7,7
15298,2011-01-05,15,35,7
15298,2011-01-19,7,49,7
15298,2011-03-22,18,111,7
15298,2011-06-05,33,186,7
15298,2011-07-20,1,231,7
15298,2011-09-08,33,281,7
15298,2011-10-30,26,333,7
15298,2011-11-17,15,351,7
15298,2011-11-29,9,363,7
15298,2011-12-07,18,371,7
15299,2010-12-02,3,1,1
15299,2011-03-21,1,110,1
15299,2011-06-28,1,209,1
15299,2011-10-03,2,306,1
15300,2011-10-06,28,309,309
15301,2010-12-06,34,5,5
15301,2011-03-17,1,106,5
15301,2011-04-26,32,146,5
15301,2011-05-18,25,168,5
15301,2011-06-05,33,186,5
15301,2011-06-20,1,201,5
15301,2011-07-15,19,226,5
15301,2011-08-18,25,260,5
15301,2011-09-28,35,301,5
15301,2011-10-20,38,323,5
15303,2011-02-22,31,83,83
15304,2010-12-06,5,5,5
15304,2011-03-03,4,92,5
15304,2011-03-24,1,113,5
15304,2011-04-18,1,138,5
15304,2011-05-05,1,155,5
15304,2011-06-28,6,209,5
15304,2011-09-15,2,288,5
15304,2011-10-10,3,313,5
15306,2011-07-14,17,225,225
15306,2011-09-08,13,281,225
15306,2011-10-06,28,309,225
15307,2011-09-05,12,278,278
15308,2011-03-10,19,99,99
15311,2010-12-01,35,0,0
15311,2010-12-05,33,4,0
15311,2010-12-08,17,7,0
15311,2010-12-09,14,8,0
15311,2010-12-13,23,12,0
15311,2010-12-14,11,13,0
15311,2010-12-16,16,15,0
15311,2010-12-20,8,19,0
15311,2010-12-23,20,22,0
15311,2011-01-05,51,35,0
15311,2011-01-07,9,37,0
15311,2011-01-10,33,40,0
15311,2011-01-12,35,42,0
15311,2011-01-14,27,44,0
15311,2011-01-17,35,47,0
15311,2011-01-19,33,49,0
15311,2011-01-21,16,51,0
15311,2011-01-25,25,55,0
15311,2011-01-27,16,57,0
15311,2011-02-01,79,62,0
15311,2011-02-03,29,64,0
15311,2011-02-08,33,69,0
15311,2011-02-11,23,72,0
15311,2011-02-15,27,76,0
15311,2011-02-18,24,79,0
15311,2011-02-23,24,84,0
15311,2011-03-01,33,90,0
15311,2011-03-04,35,93,0
15311,2011-03-08,29,97,0
15311,2011-03-11,22,100,0
15311,2011-03-14,40,103,0
15311,2011-04-04,48,124,0
15311,2011-04-06,12,126,0
15311,2011-04-10,24,130,0
15311,2011-04-18,39,138,0
15311,2011-04-28,60,148,0
15311,2011-05-04,5,154,0
15311,2011-05-10,44,160,0
15311,2011-05-18,34,168,0
15311,2011-05-23,27,173,0
15311,2011-05-25,29,175,0
15311,2011-05-27,18,177,0
15311,2011-06-02,30,183,0
15311,2011-06-07,47,188,0
15311,2011-06-13,4,194,0
15311,2011-06-17,10,198,0
15311,2011-06-21,29,202,0
15311,2011-06-29,8,210,0
15311,2011-07-06,43,217,0
15311,2011-07-08,17,219,0
15311,2011-07-13,8,224,0
15311,2011-07-15,25,226,0
15311,2011-07-19,40,230,0
15311,2011-07-21,34,232,0
15311,2011-07-26,28,237,0
15311,2011-07-28,7,239,0
15311,2011-08-02,15,244,0
15311,2011-08-08,29,250,0
15311,2011-08-10,12,252,0
15311,2011-08-15,30,257,0
15311,2011-08-18,86,260,0
15311,2011-08-19,4,261,0
15311,2011-09-02,5,275,0
15311,2011-09-06,19,279,0
15311,2011-09-13,30,286,0
15311,2011-09-16,58,289,0
15311,2011-09-21,14,294,0
15311,2011-09-23,32,296,0
15311,2011-09-27,12,300,0
15311,2011-10-03,21,306,0
15311,2011-10-07,28,310,0
15311,2011-10-12,29,315,0
15311,2011-10-16,41,319,0
15311,2011-10-18,9,321,0
15311,2011-10-21,16,324,0
15311,2011-10-26,32,329,0
15311,2011-10-28,19,331,0
15311,2011-11-01,18,335,0
15311,2011-11-04,20,338,0
15311,2011-11-09,18,343,0
15311,2011-11-11,83,345,0
15311,2011-11-15,15,349,0
15311,2011-11-18,10,352,0
15311,2011-11-22,34,356,0
15311,2011-11-24,16,358,0
15311,2011-11-25,11,359,0
15311,2011-11-29,18,363,0
15311,2011-12-02,19,366,0
15311,2011-12-06,31,370,0
15311,2011-12-09,20,373,0
15312,2010-12-20,16,19,19
15312,2011-05-08,13,158,19
15312,2011-08-28,9,270,19
15312,2011-09-25,9,298,19
15313,2011-08-21,1,263,263
15314,2011-05-24,24,174,174
15315,2011-08-15,16,257,257
15315,2011-10-06,21,309,257
15316,2011-01-17,1,47,47
15318,2011-12-06,33,370,370
15319,2011-03-01,16,90,90
15320,2011-10-26,36,329,329
15321,2011-02-21,38,82,82
15321,2011-09-30,57,303,82
15322,2011-09-15,42,288,288
15325,2011-08-28,49,270,270
15326,2011-01-10,29,40,40
15327,2011-10-18,10,321,321
15329,2011-06-21,16,202,202
15329,2011-07-28,26,239,202
15329,2011-10-31,15,334,202
15330,2011-10-10,8,313,313
15330,2011-11-07,5,341,313
15332,2010-12-05,34,4,4
15332,2010-12-08,1,7,4
15333,2011-05-15,16,165,165
15334,2011-06-19,29,200,200
15334,2011-06-29,33,210,200
15334,2011-07-06,37,217,200
15335,2011-10-17,36,320,320
15339,2011-01-25,41,55,55
15339,2011-10-04,45,307,55
15341,2011-09-20,17,293,293
15342,2011-08-02,24,244,244
15343,2011-09-13,21,286,286
15344,2011-09-26,17,299,299
15344,2011-11-07,6,341,299
15344,2011-12-09,3,373,299
15345,2011-10-25,20,328,328
15346,2011-01-11,17,41,41
15347,2010-12-08,5,7,7
15348,2011-09-28,9,301,301
15349,2011-06-05,60,186,186
15349,2011-07-04,12,215,186
15350,2010-12-01,5,0,0
15351,2010-12-05,51,4,4
15351,2011-09-21,45,294,4
15351,2011-10-05,9,308,4
15351,2011-10-11,5,314,4
15351,2011-10-16,17,319,4
15351,2011-11-06,29,340,4
15351,2011-11-27,69,361,4
15353,2010-12-07,12,6,6
15353,2011-03-30,51,119,6
15355,2011-10-17,8,320,320
15355,2011-11-10,6,344,320
15356,2010-12-06,53,5,5
15356,2010-12-14,62,13,5
15356,2011-02-16,42,77,5
15356,2011-04-01,60,121,5
15356,2011-05-05,64,155,5
15356,2011-06-17,64,198,5
15356,2011-07-07,47,218,5
15356,2011-08-26,45,268,5
15356,2011-09-29,54,302,5
15356,2011-11-08,28,342,5
15358,2010-12-09,41,8,8
15358,2011-01-05,41,35,8
15358,2011-01-27,36,57,8
15358,2011-02-15,38,76,8
15358,2011-03-04,63,93,8
15358,2011-04-12,29,132,8
15358,2011-05-16,33,166,8
15358,2011-06-14,28,195,8
15358,2011-07-26,14,237,8
15358,2011-08-11,49,253,8
15358,2011-09-12,28,285,8
15358,2011-09-26,46,299,8
15358,2011-10-21,26,324,8
15358,2011-11-04,23,338,8
15358,2011-12-05,56,369,8
15360,2011-10-31,13,334,334
15361,2010-12-13,7,12,12
15363,2010-12-02,16,1,1
15364,2011-03-30,3,119,119
15364,2011-09-05,26,278,119
15365,2011-01-28,12,58,58
15365,2011-09-04,35,277,58
15365,2011-09-19,47,292,58
15365,2011-11-14,20,348,58
15366,2010-12-16,8,15,15
15366,2011-09-25,36,298,15
15367,2011-03-09,36,98,98
15367,2011-04-08,29,128,98
15367,2011-10-13,30,316,98
15368,2011-11-18,4,352,352
15370,2011-01-11,8,41,41
15370,2011-02-15,28,76,41
15370,2011-05-20,15,170,41
15370,2011-07-21,17,232,41
15370,2011-09-29,23,302,41
15370,2011-10-11,1,314,41
15370,2011-10-30,2,333,41
15372,2011-07-25,27,236,236
15373,2010-12-03,11,2,2
15373,2010-12-15,5,14,2
15373,2011-01-26,3,56,2
15373,2011-02-23,16,84,2
15373,2011-03-30,21,119,2
15373,2011-05-13,19,163,2
15373,2011-06-19,17,200,2
15373,2011-08-16,8,258,2
15373,2011-11-16,1,350,2
15373,2011-11-21,18,355,2
15373,2011-12-01,13,365,2
15374,2011-08-03,3,245,245
15376,2011-05-01,59,151,151
15376,2011-08-14,43,256,151
15376,2011-10-30,15,333,151
15379,2010-12-16,61,15,15
15379,2011-01-06,42,36,15
15379,2011-01-20,33,50,15
15379,2011-03-09,21,98,15
15379,2011-05-15,10,165,15
15379,2011-06-06,19,187,15
15379,2011-06-23,8,204,15
15380,2010-12-09,1,8,8
15380,2011-07-21,16,232,8
15380,2011-09-14,7,287,8
15380,2011-10-24,6,327,8
15380,2011-12-01,6,365,8
15381,2011-03-16,7,105,105
15381,2011-05-10,1,160,105
15382,2011-02-17,65,78,78
15382,2011-05-13,34,163,78
15382,2011-06-08,31,189,78
15382,2011-09-16,116,289,78
15382,2011-11-25,56,359,78
15384,2010-12-15,20,14,14
15384,2011-06-23,21,204,14
15385,2011-10-30,12,333,333
15386,2011-06-06,31,187,187
15388,2011-03-14,10,103,103
15389,2011-06-20,1,201,201
15392,2010-12-14,19,13,13
15392,2011-09-12,25,285,13
15392,2011-11-09,25,343,13
15392,2011-12-05,15,369,13
15393,2011-03-03,8,92,92
15393,2011-11-23,4,357,92
15394,2010-12-16,24,15,15
15394,2011-05-19,30,169,15
15394,2011-09-22,17,295,15
15394,2011-11-30,14,364,15
15395,2011-01-18,7,48,48
15396,2011-08-19,14,261,261
15397,2011-02-23,6,84,84
15398,2011-09-22,35,295,295
15398,2011-11-23,38,357,295
15399,2011-09-21,15,294,294
15399,2011-11-17,17,351,294
15399,2011-12-08,18,372,294
15400,2011-03-06,5,95,95
15400,2011-06-08,2,189,95
15400,2011-08-03,3,245,95
15400,2011-08-18,1,260,95
15400,2011-09-08,1,281,95
15402,2011-05-27,28,177,177
15402,2011-07-14,14,225,177
15405,2011-06-03,8,184,184
15406,2011-02-11,43,72,72
15406,2011-11-08,10,342,72
15407,2011-02-07,11,68,68
15407,2011-05-01,38,151,68
15407,2011-06-09,13,190,68
15407,2011-11-06,91,340,68
15408,2011-03-20,34,109,109
15410,2011-03-23,10,112,112
15410,2011-04-17,22,137,112
15410,2011-05-18,7,168,112
15410,2011-05-20,23,170,112
15410,2011-06-20,16,201,112
15410,2011-08-02,14,244,112
15410,2011-09-01,15,274,112
15410,2011-09-16,15,289,112
15411,2011-06-10,10,191,191
15411,2011-08-07,12,249,191
15411,2011-09-30,33,303,191
15411,2011-11-13,44,347,191
15412,2011-06-21,10,202,202
15414,2011-04-11,5,131,131
15414,2011-11-02,16,336,131
15414,2011-11-30,18,364,131
15415,2011-01-30,48,60,60
15416,2011-03-02,69,91,91
15416,2011-04-14,38,134,91
15416,2011-07-07,44,218,91
15416,2011-10-06,41,309,91
15417,2011-09-15,28,288,288
15419,2011-11-15,8,349,349
15421,2011-02-02,16,63,63
15421,2011-05-08,25,158,63
15421,2011-10-12,12,315,63
15422,2011-01-20,6,50,50
15423,2011-11-01,2,335,335
15424,2011-03-30,17,119,119
15426,2010-12-05,86,4,4
15426,2011-03-27,34,116,4
15426,2011-11-06,78,340,4
15426,2011-11-20,94,354,4
15427,2011-10-23,85,326,326
15427,2011-11-06,221,340,326
15428,2011-11-24,6,358,358
15429,2011-09-25,47,298,298
15429,2011-11-13,35,347,298
15432,2011-11-16,10,350,350
15433,2011-03-17,30,106,106
15433,2011-05-10,11,160,106
15434,2011-05-23,12,173,173
15434,2011-08-24,20,266,173
15434,2011-11-08,15,342,173
15434,2011-12-01,8,365,173
15435,2011-11-17,29,351,351
15436,2011-04-19,130,139,139
15436,2011-10-23,107,326,139
15436,2011-11-27,92,361,139
15437,2011-03-22,45,111,111
15438,2011-07-31,25,242,242
15440,2011-05-15,20,165,165
15440,2011-07-26,12,237,165
15440,2011-10-16,30,319,165
15442,2011-04-05,2,125,125
15443,2011-01-23,51,53,53
15443,2011-08-22,23,264,53
15443,2011-09-27,47,300,53
15443,2011-10-25,76,328,53
15443,2011-11-17,55,351,53
15443,2011-11-27,75,361,53
15443,2011-12-08,55,372,53
15444,2011-10-30,72,333,333
15444,2011-11-30,147,364,333
15445,2011-03-20,5,109,109
15447,2011-01-13,9,43,43
15448,2011-01-31,28,61,61
15449,2011-03-23,23,112,112
15449,2011-06-07,17,188,112
15449,2011-11-13,20,347,112
15450,2011-11-09,30,343,343
15452,2011-03-20,43,109,109
15452,2011-09-29,9,302,109
15452,2011-11-10,6,344,109
15453,2011-06-05,41,186,186
15453,2011-06-23,36,204,186
15453,2011-07-31,32,242,186
15453,2011-09-08,41,281,186
15453,2011-10-14,39,317,186
15453,2011-11-04,67,338,186
15453,2011-12-08,30,372,186
15454,2010-12-12,25,11,11
15456,2010-12-15,26,14,14
15456,2011-03-01,34,90,14
15457,2011-03-22,58,111,111
15458,2011-11-14,7,348,348
15460,2010-12-20,58,19,19
15462,2011-06-05,5,186,186
15462,2011-07-19,2,230,186
15462,2011-09-06,4,279,186
15463,2011-11-10,7,344,344
15464,2011-01-05,157,35,35
15465,2010-12-05,7,4,4
15465,2010-12-15,5,14,4
15465,2011-01-09,5,39,4
15465,2011-01-23,4,53,4
15465,2011-02-13,9,74,4
15465,2011-02-20,4,81,4
15465,2011-03-06,5,95,4
15465,2011-03-20,7,109,4
15465,2011-03-27,5,116,4
15465,2011-04-10,2,130,4
15465,2011-04-13,3,133,4
15465,2011-04-20,2,140,4
15465,2011-06-12,6,193,4
15465,2011-07-03,6,214,4
15465,2011-07-24,5,235,4
15465,2011-09-18,10,291,4
15465,2011-10-09,3,312,4
15465,2011-11-20,9,354,4
15466,2011-09-15,57,288,288
15467,2011-07-10,30,221,221
15467,2011-07-17,9,228,221
15467,2011-11-30,13,364,221
15468,2011-10-19,24,322,322
15469,2011-08-11,16,253,253
15469,2011-10-20,8,323,253
15471,2011-12-07,77,371,371
15472,2011-08-18,76,260,260
15473,2011-10-10,4,313,313
15473,2011-10-12,4,315,313
15473,2011-11-11,1,345,313
15473,2011-11-25,2,359,313
15475,2011-09-23,29,296,296
15478,2011-10-14,24,317,317
15478,2011-10-30,22,333,317
15480,2011-08-15,45,257,257
15482,2010-12-16,8,15,15
15482,2011-04-03,6,123,15
15482,2011-06-27,8,208,15
15482,2011-10-14,1,317,15
15482,2011-10-24,7,327,15
15482,2011-10-25,7,328,15
15482,2011-11-03,9,337,15
15482,2011-11-14,28,348,15
15482,2011-11-24,24,358,15
15483,2011-03-18,54,107,107
15483,2011-07-01,34,212,107
15484,2011-09-22,111,295,295
15484,2011-10-14,14,317,295
15484,2011-11-21,36,355,295
15484,2011-12-08,27,372,295
15485,2010-12-01,23,0,0
15485,2011-01-07,20,37,0
15485,2011-11-09,43,343,0
15488,2011-09-08,2,281,281
15489,2011-05-12,23,162,162
15489,2011-10-13,18,316,162
15489,2011-11-17,9,351,162
15491,2011-04-18,60,138,138
15491,2011-05-05,30,155,138
15491,2011-06-13,39,194,138
15491,2011-08-31,20,273,138
15491,2011-09-05,5,278,138
15492,2011-09-26,28,299,299
15492,2011-11-11,7,345,299
15493,2011-03-14,85,103,103
15493,2011-04-04,58,124,103
15493,2011-07-13,52,224,103
15493,2011-11-07,102,341,103
15494,2011-08-10,88,252,252
15494,2011-11-18,37,352,252
15497,2011-01-24,10,54,54
15497,2011-11-22,5,356,54
15498,2010-12-08,28,7,7
15498,2011-01-05,9,35,7
15498,2011-01-20,106,50,7
15498,2011-01-24,19,54,7
15498,2011-03-07,46,96,7
15498,2011-04-15,23,135,7
15498,2011-05-12,15,162,7
15498,2011-05-13,20,163,7
15498,2011-06-03,33,184,7
15498,2011-06-21,29,202,7
15498,2011-06-24,10,205,7
15498,2011-08-11,40,253,7
15498,2011-09-16,33,289,7
15498,2011-10-14,35,317,7
15498,2011-10-27,10,330,7
15498,2011-11-22,20,356,7
15498,2011-12-07,36,371,7
15500,2011-09-19,18,292,292
15500,2011-11-13,22,347,292
15500,2011-11-21,12,355,292
15500,2011-12-01,16,365,292
15502,2010-12-05,22,4,4
15502,2010-12-06,6,5,4
15502,2011-03-09,55,98,4
15502,2011-08-08,89,250,4
15502,2011-09-11,14,284,4
15502,2011-10-03,4,306,4
15502,2011-11-13,11,347,4
15502,2011-11-24,12,358,4
15503,2010-12-12,70,11,11
15504,2011-09-19,13,292,292
15505,2011-07-07,26,218,218
15505,2011-08-05,7,247,218
15505,2011-08-18,7,260,218
15505,2011-09-16,28,289,218
15505,2011-10-18,29,321,218
15506,2011-07-24,53,235,235
15506,2011-10-25,39,328,235
15506,2011-11-17,72,351,235
15507,2011-06-21,46,202,202
15508,2011-04-18,18,138,138
15508,2011-04-28,20,148,138
15508,2011-05-04,16,154,138
15508,2011-06-03,38,184,138
15510,2011-01-13,1,43,43
15511,2011-09-15,23,288,288
15511,2011-10-13,32,316,288
15511,2011-10-20,27,323,288
15511,2011-11-01,52,335,288
15511,2011-11-28,26,362,288
15512,2010-12-15,6,14,14
15512,2011-07-07,1,218,14
15513,2010-12-01,3,0,0
15513,2010-12-09,12,8,0
15513,2011-01-13,19,43,0
15513,2011-01-18,1,48,0
15513,2011-01-27,11,57,0
15513,2011-03-11,31,100,0
15513,2011-03-24,18,113,0
15513,2011-05-12,33,162,0
15513,2011-05-24,13,174,0
15513,2011-06-17,21,198,0
15513,2011-07-26,38,237,0
15513,2011-08-25,12,267,0
15513,2011-09-06,43,279,0
15513,2011-10-30,38,333,0
15513,2011-11-06,15,340,0
15514,2010-12-10,62,9,9
15514,2010-12-14,11,13,9
15514,2011-03-04,20,93,9
15514,2011-04-28,15,148,9
15514,2011-11-06,34,340,9
15514,2011-11-15,2,349,9
15514,2011-11-24,26,358,9
15514,2011-11-27,8,361,9
15516,2011-10-24,14,327,327
15516,2011-10-26,1,329,327
15517,2011-04-20,27,140,140
15518,2011-01-11,44,41,41
15518,2011-01-25,21,55,41
15518,2011-05-08,43,158,41
15518,2011-07-03,51,214,41
15518,2011-07-28,1,239,41
15518,2011-08-07,30,249,41
15518,2011-10-06,24,309,41
15520,2011-12-08,18,372,372
15521,2011-03-30,33,119,119
15521,2011-04-05,3,125,119
15521,2011-05-11,87,161,119
15521,2011-07-14,26,225,119
15521,2011-09-06,12,279,119
15521,2011-10-30,24,333,119
15522,2011-09-13,42,286,286
15522,2011-11-07,15,341,286
15523,2011-09-16,10,289,289
15524,2011-11-15,1,349,349
15525,2010-12-01,57,0,0
15525,2011-11-22,40,356,0
15525,2011-12-07,81,371,0
15526,2011-11-06,4,340,340
15527,2010-12-20,18,19,19
15527,2011-01-28,9,58,19
15527,2011-05-04,20,154,19
15527,2011-06-10,24,191,19
15527,2011-07-18,11,229,19
15527,2011-09-11,20,284,19
15527,2011-11-01,21,335,19
15527,2011-11-21,40,355,19
15528,2011-03-30,26,119,119
15529,2010-12-08,15,7,7
15529,2010-12-10,2,9,7
15529,2011-01-20,59,50,7
15529,2011-03-09,60,98,7
15529,2011-03-25,63,114,7
15529,2011-04-06,17,126,7
15529,2011-05-13,80,163,7
15529,2011-07-20,90,231,7
15529,2011-09-13,146,286,7
15529,2011-10-04,61,307,7
15529,2011-11-17,79,351,7
15530,2011-04-07,54,127,127
15530,2011-06-23,24,204,127
15530,2011-07-13,16,224,127
15530,2011-11-18,14,352,127
15531,2011-11-09,189,343,343
15531,2011-12-01,39,365,343
15532,2010-12-16,50,15,15
15532,2011-06-26,93,207,15
15532,2011-07-31,60,242,15
15532,2011-11-14,53,348,15
15533,2011-09-11,33,284,284
15533,2011-09-18,11,291,284
15533,2011-11-20,39,354,284
15535,2011-01-16,38,46,46
15535,2011-04-17,12,137,46
15535,2011-06-19,25,200,46
15537,2011-06-29,24,210,210
15539,2011-12-02,41,366,366
15540,2011-11-28,15,362,362
15541,2011-08-17,29,259,259
15543,2011-02-24,28,85,85
15544,2010-12-02,26,1,1
15544,2011-02-11,34,72,1
15544,2011-02-25,24,86,1
15544,2011-05-12,40,162,1
15544,2011-06-19,29,200,1
15544,2011-07-12,25,223,1
15544,2011-08-12,22,254,1
15544,2011-11-11,37,345,1
15544,2011-11-30,22,364,1
15545,2010-12-03,31,2,2
15545,2011-10-16,50,319,2
15547,2010-12-12,56,11,11
15547,2011-01-28,34,58,11
15547,2011-02-27,64,88,11
15547,2011-03-13,34,102,11
15547,2011-04-10,44,130,11
15547,2011-05-29,56,179,11
15547,2011-08-21,73,263,11
15547,2011-09-11,40,284,11
15547,2011-09-18,95,291,11
15547,2011-10-02,67,305,11
15547,2011-10-30,44,333,11
15547,2011-12-02,95,366,11
15549,2011-01-27,61,57,57
15549,2011-07-05,43,216,57
15549,2011-09-23,11,296,57
15550,2011-02-11,12,72,72
15550,2011-06-22,17,203,72
15550,2011-08-25,20,267,72
15550,2011-12-05,12,369,72
15551,2011-11-03,29,337,337
15552,2011-05-06,17,156,156
15553,2011-10-10,56,313,313
15554,2011-03-07,14,96,96
15555,2010-12-05,32,4,4
15555,2010-12-09,37,8,4
15555,2010-12-13,26,12,4
15555,2011-04-17,99,137,4
15555,2011-05-22,76,172,4
15555,2011-06-02,23,183,4
15555,2011-06-16,37,197,4
15555,2011-06-17,13,198,4
15555,2011-07-04,93,215,4
15555,2011-08-28,68,270,4
15555,2011-09-22,85,295,4
15555,2011-10-02,63,305,4
15555,2011-10-12,18,315,4
15555,2011-11-06,102,340,4
15555,2011-11-09,27,343,4
15555,2011-11-27,100,361,4
15556,2011-11-15,31,349,349
15557,2011-11-11,20,345,345
15561,2011-05-08,7,158,158
15561,2011-07-13,9,224,158
15561,2011-11-28,11,362,158
15562,2010-12-23,1,22,22
15563,2010-12-16,22,15,15
15563,2011-05-23,40,173,15
15563,2011-11-17,51,351,15
15565,2011-09-30,4,303,303
15565,2011-10-20,4,323,303
15567,2011-11-21,7,355,355
15568,2011-09-27,20,300,300
15568,2011-10-26,16,329,300
15568,2011-12-07,17,371,300
15569,2011-01-11,7,41,41
15569,2011-07-31,22,242,41
15569,2011-08-23,1,265,41
15569,2011-08-28,1,270,41
15570,2010-12-05,44,4,4
15570,2010-12-12,41,11,4
15570,2010-12-17,29,16,4
15570,2011-01-14,30,44,4
15570,2011-02-10,14,71,4
15570,2011-02-28,18,89,4
15570,2011-04-14,16,134,4
15570,2011-05-17,32,167,4
15570,2011-07-21,21,232,4
15570,2011-11-03,58,337,4
15570,2011-11-29,18,363,4
15570,2011-12-02,2,366,4
15571,2011-09-22,16,295,295
15571,2011-11-06,31,340,295
15571,2011-11-15,7,349,295
15571,2011-11-28,3,362,295
15572,2011-03-06,40,95,95
15572,2011-04-05,52,125,95
15572,2011-08-22,40,264,95
15572,2011-11-14,73,348,95
15572,2011-12-05,10,369,95
15573,2011-09-15,56,288,288
15573,2011-11-08,48,342,288
15574,2010-12-02,121,1,1
15574,2010-12-16,38,15,1
15574,2011-06-15,9,196,1
15576,2011-11-02,45,336,336
15577,2011-02-07,4,68,68
15577,2011-07-11,35,222,68
15578,2011-06-30,13,211,211
15579,2011-01-30,26,60,60
15579,2011-10-02,25,305,60
15581,2010-12-08,21,7,7
15581,2010-12-19,24,18,7
15581,2010-12-21,4,20,7
15581,2011-03-09,15,98,7
15581,2011-04-15,4,135,7
15581,2011-04-26,45,146,7
15581,2011-04-27,2,147,7
15581,2011-06-20,9,201,7
15581,2011-07-06,22,217,7
15581,2011-08-01,2,243,7
15581,2011-08-09,1,251,7
15581,2011-08-11,1,253,7
15582,2011-05-03,22,153,153
15582,2011-08-31,14,273,153
15582,2011-11-15,8,349,153
15584,2011-06-30,36,211,211
15584,2011-09-28,19,301,211
15584,2011-10-23,39,326,211
15584,2011-11-16,29,350,211
15585,2011-06-16,31,197,197
15587,2010-12-23,3,22,22
15587,2011-07-20,2,231,22
15587,2011-09-11,2,284,22
15587,2011-10-20,2,323,22
15589,2011-02-02,12,63,63
15589,2011-03-29,17,118,63
15592,2011-10-24,24,327,327
15593,2011-09-30,5,303,303
15594,2011-04-19,15,139,139
15594,2011-09-07,30,280,139
15594,2011-09-19,44,292,139
15594,2011-11-09,8,343,139
15594,2011-11-24,6,358,139
15596,2010-12-09,21,8,8
15596,2011-01-17,21,47,8
15596,2011-03-03,17,92,8
15596,2011-05-09,16,159,8
15596,2011-08-31,2,273,8
15597,2011-11-04,22,338,338
15598,2011-10-17,14,320,320
15599,2011-05-19,29,169,169
15599,2011-11-13,23,347,169
15601,2010-12-02,48,1,1
15601,2010-12-16,28,15,1
15601,2011-01-07,39,37,1
15601,2011-01-25,23,55,1
15601,2011-01-27,19,57,1
15601,2011-02-15,29,76,1
15601,2011-02-17,36,78,1
15601,2011-04-01,21,121,1
15601,2011-05-20,42,170,1
15601,2011-06-22,25,203,1
15601,2011-08-09,27,251,1
15601,2011-09-11,14,284,1
15601,2011-10-14,50,317,1
15601,2011-11-28,9,362,1
15602,2010-12-06,3,5,5
15602,2010-12-14,1,13,5
15602,2011-01-11,1,41,5
15602,2011-01-31,7,61,5
15602,2011-05-23,5,173,5
15602,2011-09-30,16,303,5
15602,2011-11-11,7,345,5
15602,2011-11-17,2,351,5
15602,2011-12-01,5,365,5
15603,2011-09-22,2,295,295
15604,2011-10-18,17,321,321
15605,2010-12-01,12,0,0
15605,2011-02-23,7,84,0
15605,2011-04-01,20,121,0
15605,2011-09-11,11,284,0
15605,2011-11-03,17,337,0
15606,2011-01-19,10,49,49
15606,2011-02-15,10,76,49
15606,2011-02-24,9,85,49
15606,2011-03-06,7,95,49
15606,2011-03-23,8,112,49
15606,2011-05-01,7,151,49
15606,2011-06-22,6,203,49
15606,2011-08-12,8,254,49
15606,2011-10-09,12,312,49
15607,2011-01-07,13,37,37
15608,2011-08-11,18,253,253
15608,2011-10-10,40,313,253
15608,2011-11-11,2,345,253
15609,2011-06-08,16,189,189
15610,2011-10-19,6,322,322
15611,2011-01-09,3,39,39
15611,2011-03-03,3,92,39
15611,2011-03-28,1,117,39
15611,2011-06-01,3,182,39
15611,2011-06-15,2,196,39
15611,2011-06-29,2,210,39
15611,2011-08-26,1,268,39
15611,2011-08-28,9,270,39
15611,2011-09-30,6,303,39
15611,2011-10-28,2,331,39
15611,2011-11-23,4,357,39
15611,2011-11-30,7,364,39
15612,2011-10-09,3,312,312
15612,2011-11-03,3,337,312
15615,2010-12-15,25,14,14
15615,2011-01-14,25,44,14
15615,2011-02-14,25,75,14
15615,2011-03-21,26,110,14
15615,2011-04-11,32,131,14
15615,2011-04-18,1,138,14
15615,2011-05-10,24,160,14
15615,2011-05-11,20,161,14
15615,2011-06-09,25,190,14
15615,2011-06-30,30,211,14
15615,2011-08-10,21,252,14
15615,2011-08-18,22,260,14
15615,2011-08-26,29,268,14
15615,2011-10-07,39,310,14
15615,2011-10-25,12,328,14
15615,2011-11-08,35,342,14
15615,2011-11-29,32,363,14
15618,2011-07-26,12,237,237
15618,2011-09-08,12,281,237
15618,2011-11-07,21,341,237
15619,2011-11-29,3,363,363
15620,2010-12-16,31,15,15
15620,2011-05-03,29,153,15
15620,2011-10-14,40,317,15
15621,2011-11-18,3,352,352
15621,2011-11-28,4,362,352
15621,2011-12-05,9,369,352
15622,2011-03-02,29,91,91
15622,2011-04-28,88,148,91
15622,2011-05-26,21,176,91
15622,2011-09-14,32,287,91
15622,2011-10-27,15,330,91
15623,2011-07-21,19,232,232
15624,2011-03-28,10,117,117
15624,2011-05-17,8,167,117
15624,2011-07-27,13,238,117
15624,2011-08-15,3,257,117
15625,2011-04-18,36,138,138
15625,2011-06-13,10,194,138
15625,2011-08-01,8,243,138
15625,2011-08-28,10,270,138
15626,2011-01-14,20,44,44
15626,2011-09-26,29,299,44
15628,2010-12-08,19,7,7
15628,2011-03-29,22,118,7
15628,2011-06-10,17,191,7
15628,2011-08-03,19,245,7
15628,2011-09-02,16,275,7
15628,2011-10-05,22,308,7
15628,2011-10-24,16,327,7
15628,2011-11-15,15,349,7
15628,2011-12-05,9,369,7
15630,2011-05-19,21,169,169
15630,2011-10-25,39,328,169
15632,2011-03-10,26,99,99
15632,2011-03-31,9,120,99
15632,2011-04-28,29,148,99
15632,2011-06-10,9,191,99
15632,2011-07-20,15,231,99
15632,2011-08-10,26,252,99
15632,2011-10-07,39,310,99
15632,2011-11-24,14,358,99
15634,2011-11-22,15,356,356
15636,2011-03-02,8,91,91
15636,2011-09-11,17,284,91
15637,2011-10-18,15,321,321
15639,2011-07-28,25,239,239
15640,2010-12-02,7,1,1
15640,2010-12-13,37,12,1
15640,2010-12-19,62,18,1
15640,2011-01-11,9,41,1
15640,2011-02-13,25,74,1
15640,2011-04-13,46,133,1
15640,2011-04-27,10,147,1
15640,2011-06-07,54,188,1
15640,2011-07-22,29,233,1
15640,2011-08-07,56,249,1
15640,2011-08-10,1,252,1
15640,2011-09-22,28,295,1
15640,2011-11-03,46,337,1
15640,2011-11-23,33,357,1
15640,2011-12-05,41,369,1
15641,2010-12-15,20,14,14
15641,2011-03-02,31,91,14
15641,2011-03-24,31,113,14
15641,2011-08-26,37,268,14
15643,2011-03-02,23,91,91
15643,2011-06-01,10,182,91
15644,2011-03-23,67,112,112
15644,2011-03-28,45,117,112
15644,2011-06-26,126,207,112
15645,2011-11-21,52,355,355
15646,2010-12-02,17,1,1
15646,2011-04-07,11,127,1
15646,2011-07-05,7,216,1
15648,2011-03-17,12,106,106
15648,2011-05-19,13,169,106
15649,2010-12-07,1,6,6
15649,2011-01-07,1,37,6
15651,2011-03-24,16,113,113
15651,2011-11-03,16,337,113
15652,2011-09-09,21,282,282
15653,2011-08-16,4,258,258
15653,2011-09-08,2,281,258
15654,2011-11-13,9,347,347
15654,2011-11-30,12,364,347
15655,2011-04-10,34,130,130
15656,2011-02-28,15,89,89
15656,2011-05-03,4,153,89
15656,2011-06-14,16,195,89
15656,2011-10-25,12,328,89
15657,2011-11-17,1,351,351
15658,2010-12-02,14,1,1
15658,2011-02-03,10,64,1
15658,2011-03-23,2,112,1
15658,2011-05-26,21,176,1
15658,2011-06-02,1,183,1
15659,2011-10-27,11,330,330
15660,2010-12-09,10,8,8
15660,2011-03-01,9,90,8
15660,2011-05-19,22,169,8
15660,2011-07-27,11,238,8
15660,2011-09-15,19,288,8
15660,2011-11-14,19,348,8
15661,2011-01-05,1,35,35
15661,2011-01-26,4,56,35
15663,2011-08-25,9,267,267
15664,2011-10-20,17,323,323
15665,2011-04-10,77,130,130
15665,2011-06-24,39,205,130
15667,2011-10-31,13,334,334
15668,2011-05-06,1,156,156
15669,2011-03-21,11,110,110
15669,2011-06-16,14,197,110
15669,2011-08-28,5,270,110
15669,2011-10-30,3,333,110
15670,2011-02-16,12,77,77
15671,2011-03-14,21,103,103
15671,2011-03-16,17,105,103
15671,2011-04-11,12,131,103
15671,2011-08-05,6,247,103
15671,2011-09-06,8,279,103
15671,2011-11-14,9,348,103
15671,2011-11-21,5,355,103
15673,2011-01-16,53,46,46
15673,2011-05-09,46,159,46
15673,2011-07-06,14,217,46
15673,2011-09-12,42,285,46
15674,2011-03-30,19,119,119
15674,2011-04-05,19,125,119
15674,2011-05-08,21,158,119
15674,2011-05-10,1,160,119
15674,2011-09-27,54,300,119
15675,2011-03-04,3,93,93
15675,2011-07-07,13,218,93
15675,2011-09-19,5,292,93
15676,2011-03-01,61,90,90
15676,2011-11-04,135,338,90
15676,2011-11-21,6,355,90
15677,2011-10-21,33,324,324
15678,2011-10-18,12,321,321
15679,2011-06-10,13,191,191
15679,2011-07-08,9,219,191
15679,2011-11-09,84,343,191
15679,2011-11-15,4,349,191
15680,2010-12-08,30,7,7
15680,2011-10-30,33,333,7
15680,2011-11-30,15,364,7
15681,2011-03-04,17,93,93
15681,2011-06-09,15,190,93
15681,2011-11-11,14,345,93
15681,2011-11-14,7,348,93
15683,2011-08-14,10,256,256
15687,2011-01-13,22,43,43
15687,2011-02-01,23,62,43
15687,2011-02-23,17,84,43
15687,2011-03-16,21,105,43
15687,2011-06-06,14,187,43
15687,2011-10-05,31,308,43
15687,2011-11-16,26,350,43
15687,2011-12-01,12,365,43
15689,2010-12-13,6,12,12
15689,2011-08-12,3,254,12
15690,2011-08-31,8,273,273
15690,2011-12-05,11,369,273
15691,2011-04-01,2,121,121
15692,2011-11-11,12,345,345
15694,2010-12-02,6,1,1
15694,2010-12-09,6,8,1
15694,2010-12-14,1,13,1
15694,2011-01-13,10,43,1
15694,2011-03-16,6,105,1
15694,2011-04-07,2,127,1
15694,2011-05-20,4,170,1
15694,2011-06-05,3,186,1
15694,2011-06-16,2,197,1
15694,2011-10-04,14,307,1
15694,2011-11-10,9,344,1
15694,2011-11-14,8,348,1
15694,2011-12-01,6,365,1
15694,2011-12-09,1,373,1
15695,2011-03-18,22,107,107
15696,2011-01-17,31,47,47
15696,2011-01-27,16,57,47
15696,2011-01-28,1,58,47
15696,2011-03-06,21,95,47
15696,2011-03-29,18,118,47
15696,2011-05-03,17,153,47
15696,2011-09-21,18,294,47
15696,2011-11-06,49,340,47
15699,2011-11-22,18,356,356
15700,2011-06-19,85,200,200
15700,2011-06-20,1,201,200
15701,2011-08-21,127,263,263
15701,2011-09-27,8,300,263
15701,2011-10-02,73,305,263
15701,2011-12-07,29,371,263
15703,2011-03-20,5,109,109
15704,2011-05-08,47,158,158
15704,2011-06-05,27,186,158
15704,2011-07-22,43,233,158
15705,2011-05-22,6,172,172
15706,2011-08-15,29,257,257
15706,2011-09-25,23,298,257
15706,2011-10-06,2,309,257
15706,2011-10-07,1,310,257
15707,2011-09-14,43,287,287
15707,2011-10-06,45,309,287
15707,2011-10-27,53,330,287
15707,2011-11-04,73,338,287
15708,2010-12-05,42,4,4
15708,2011-01-09,44,39,4
15708,2011-01-30,7,60,4
15708,2011-02-27,68,88,4
15708,2011-05-01,30,151,4
15708,2011-07-24,44,235,4
15708,2011-10-30,53,333,4
15709,2011-03-01,6,90,90
15712,2011-02-25,18,86,86
15712,2011-06-09,9,190,86
15712,2011-08-22,14,264,86
15712,2011-09-29,1,302,86
15712,2011-11-30,11,364,86
15713,2010-12-08,9,7,7
15713,2011-07-19,10,230,7
15714,2011-09-23,5,296,296
15714,2011-11-28,30,362,296
15716,2010-12-05,38,4,4
15716,2011-03-27,20,116,4
15716,2011-05-22,35,172,4
15716,2011-07-17,25,228,4
15717,2011-04-19,7,139,139
15719,2011-01-06,104,36,36
15719,2011-02-03,71,64,36
15719,2011-03-03,29,92,36
15719,2011-03-22,68,111,36
15719,2011-04-07,61,127,36
15719,2011-05-04,43,154,36
15719,2011-05-24,79,174,36
15719,2011-06-14,75,195,36
15719,2011-07-07,69,218,36
15719,2011-08-05,94,247,36
15719,2011-09-01,87,274,36
15719,2011-10-07,66,310,36
15719,2011-11-07,91,341,36
15720,2011-11-15,128,349,349
15721,2011-11-28,91,362,362
15722,2011-02-22,11,83,83
15722,2011-06-05,23,186,83
15722,2011-08-23,14,265,83
15722,2011-11-04,21,338,83
15723,2010-12-10,41,9,9
15724,2011-02-28,5,89,89
15724,2011-05-22,6,172,89
15725,2011-11-24,32,358,358
15727,2010-12-15,67,14,14
15727,2011-01-12,32,42,14
15727,2011-04-05,46,125,14
15727,2011-05-25,14,175,14
15727,2011-07-19,30,230,14
15727,2011-08-24,74,266,14
15727,2011-11-23,39,357,14
15729,2011-05-11,5,161,161
15730,2011-05-17,29,167,167
15730,2011-09-08,18,281,167
15730,2011-10-05,23,308,167
15732,2010-12-02,5,1,1
15732,2011-05-11,9,161,1
15733,2011-03-02,10,91,91
15734,2011-05-23,11,173,173
15734,2011-08-17,15,259,173
15737,2011-04-11,29,131,131
15737,2011-06-03,12,184,131
15737,2011-06-06,3,187,131
15737,2011-07-15,10,226,131
15737,2011-09-21,12,294,131
15737,2011-11-17,4,351,131
15737,2011-11-25,2,359,131
15738,2010-12-02,14,1,1
15738,2011-01-17,12,47,1
15738,2011-01-31,10,61,1
15738,2011-02-27,14,88,1
15738,2011-03-14,13,103,1
15738,2011-03-29,13,118,1
15738,2011-04-26,10,146,1
15738,2011-05-19,10,169,1
15738,2011-06-09,11,190,1
15738,2011-07-06,9,217,1
15738,2011-08-22,6,264,1
15738,2011-09-04,12,277,1
15738,2011-10-07,12,310,1
15738,2011-10-27,15,330,1
15738,2011-11-21,12,355,1
15739,2011-10-04,8,307,307
15740,2011-10-21,9,324,324
15743,2011-06-08,18,189,189
15743,2011-08-18,16,260,189
15743,2011-11-02,31,336,189
15743,2011-11-23,23,357,189
15744,2011-09-23,3,296,296
15745,2011-04-17,18,137,137
15745,2011-09-27,18,300,137
15745,2011-11-06,17,340,137
15745,2011-11-20,9,354,137
15746,2011-07-28,28,239,239
15747,2011-06-20,19,201,201
15747,2011-08-11,26,253,201
15747,2011-11-27,48,361,201
15748,2011-10-30,21,333,333
15749,2011-01-11,5,41,41
15749,2011-04-18,5,138,41
15750,2010-12-08,19,7,7
15750,2011-03-01,48,90,7
15750,2011-06-22,66,203,7
15750,2011-09-28,75,301,7
15750,2011-11-02,41,336,7
15750,2011-11-24,25,358,7
15750,2011-12-07,19,371,7
15752,2010-12-02,14,1,1
15752,2011-03-07,90,96,1
15752,2011-04-04,54,124,1
15752,2011-07-13,60,224,1
15752,2011-08-16,60,258,1
15752,2011-09-07,67,280,1
15752,2011-10-31,66,334,1
15753,2011-02-08,1,69,69
15754,2011-04-07,6,127,127
15754,2011-09-27,13,300,127
15754,2011-10-19,9,322,127
15755,2011-02-18,19,79,79
15755,2011-04-18,18,138,79
15755,2011-08-23,29,265,79
15755,2011-09-12,21,285,79
15755,2011-09-26,39,299,79
15755,2011-11-29,15,363,79
15756,2011-04-04,39,124,124
15756,2011-05-10,48,160,124
15756,2011-07-10,49,221,124
15756,2011-10-09,56,312,124
15757,2011-05-06,16,156,156
15757,2011-10-05,29,308,156
15758,2011-11-15,9,349,349
15759,2010-12-16,4,15,15
15759,2011-02-16,2,77,15
15759,2011-05-05,1,155,15
15762,2011-09-23,22,296,296
15762,2011-10-05,15,308,296
15763,2011-09-23,33,296,296
15763,2011-11-08,28,342,296
15764,2011-03-08,59,97,97
15764,2011-06-08,33,189,97
15764,2011-08-24,86,266,97
15764,2011-09-12,2,285,97
15766,2011-10-06,11,309,309
15768,2011-04-28,10,148,148
15768,2011-05-20,8,170,148
15768,2011-08-16,9,258,148
15769,2010-12-03,1,2,2
15769,2011-01-05,3,35,2
15769,2011-01-07,8,37,2
15769,2011-02-14,10,75,2
15769,2011-02-25,1,86,2
15769,2011-03-07,8,96,2
15769,2011-03-09,1,98,2
15769,2011-03-17,9,106,2
15769,2011-04-14,2,134,2
15769,2011-04-18,2,138,2
15769,2011-05-23,6,173,2
15769,2011-05-26,4,176,2
15769,2011-06-20,6,201,2
15769,2011-07-07,7,218,2
15769,2011-08-24,17,266,2
15769,2011-08-30,1,272,2
15769,2011-09-13,3,286,2
15769,2011-10-06,21,309,2
15769,2011-10-17,6,320,2
15769,2011-10-30,1,333,2
15769,2011-11-09,5,343,2
15769,2011-12-02,8,366,2
15773,2011-12-04,10,368,368
15774,2011-10-02,25,305,305
15775,2011-04-08,7,128,128
15776,2011-07-29,18,240,240
15777,2010-12-13,5,12,12
15777,2011-01-26,2,56,12
15777,2011-04-12,14,132,12
15780,2010-12-17,12,16,16
15780,2011-04-11,13,131,16
15780,2011-06-09,4,190,16
15781,2011-02-07,5,68,68
15781,2011-07-25,6,236,68
15781,2011-11-14,9,348,68
15782,2011-09-11,21,284,284
15782,2011-10-21,13,324,284
15782,2011-11-30,9,364,284
15783,2011-11-29,14,363,363
15785,2011-02-17,29,78,78
15785,2011-05-26,16,176,78
15785,2011-07-05,10,216,78
15785,2011-11-07,28,341,78
15786,2011-08-17,166,259,259
15786,2011-10-24,101,327,259
15787,2011-10-09,84,312,312
15787,2011-11-13,122,347,312
15789,2010-12-16,25,15,15
15790,2011-11-29,35,363,363
15791,2011-05-19,54,169,169
15791,2011-10-27,21,330,169
15793,2011-03-16,3,105,105
15793,2011-10-31,5,334,105
15793,2011-11-25,4,359,105
15795,2011-07-13,42,224,224
15796,2011-02-10,19,71,71
15796,2011-05-08,25,158,71
15796,2011-05-23,11,173,71
15796,2011-06-05,14,186,71
15796,2011-08-22,16,264,71
15796,2011-09-28,13,301,71
15796,2011-11-22,18,356,71
15796,2011-12-08,17,372,71
15797,2011-01-24,1,54,54
15797,2011-02-08,5,69,54
15797,2011-05-09,1,159,54
15797,2011-08-18,1,260,54
15799,2011-01-09,22,39,39
15799,2011-06-07,15,188,39
15799,2011-09-25,61,298,39
15800,2011-04-07,14,127,127
15800,2011-08-24,105,266,127
15801,2011-08-22,9,264,264
15801,2011-10-10,50,313,264
15801,2011-10-24,5,327,264
15802,2011-07-20,1,231,231
15803,2011-10-19,8,322,322
15804,2011-05-25,34,175,175
15804,2011-06-22,28,203,175
15804,2011-07-31,31,242,175
15804,2011-08-23,29,265,175
15804,2011-09-06,34,279,175
15804,2011-09-14,12,287,175
15804,2011-09-15,1,288,175
15804,2011-09-22,10,295,175
15804,2011-10-06,14,309,175
15804,2011-11-02,27,336,175
15804,2011-11-21,11,355,175
15804,2011-11-28,11,362,175
15804,2011-12-09,21,373,175
15805,2010-12-10,11,9,9
15805,2011-02-24,36,85,9
15805,2011-04-20,62,140,9
15805,2011-05-26,25,176,9
15805,2011-06-06,10,187,9
15805,2011-06-07,1,188,9
15805,2011-06-17,18,198,9
15805,2011-08-25,34,267,9
15805,2011-10-06,17,309,9
15805,2011-10-25,68,328,9
15805,2011-11-02,1,336,9
15805,2011-11-08,8,342,9
15805,2011-11-16,10,350,9
15806,2011-03-08,16,97,97
15806,2011-07-05,7,216,97
15806,2011-10-24,8,327,97
15807,2011-09-23,40,296,296
15807,2011-10-20,8,323,296
15808,2010-12-05,64,4,4
15808,2010-12-13,42,12,4
15808,2011-01-04,41,34,4
15808,2011-02-06,61,67,4
15809,2011-02-10,13,71,71
15809,2011-03-28,4,117,71
15809,2011-05-19,9,169,71
15809,2011-06-08,1,189,71
15809,2011-11-03,8,337,71
15810,2011-02-16,26,77,77
15810,2011-04-21,32,141,77
15810,2011-06-22,29,203,77
15810,2011-09-22,2,295,77
15811,2010-12-09,16,8,8
15811,2010-12-17,7,16,8
15811,2011-02-15,26,76,8
15811,2011-05-18,25,168,8
15811,2011-08-26,31,268,8
15811,2011-11-17,28,351,8
15812,2011-01-26,2,56,56
15812,2011-03-30,3,119,56
15812,2011-06-03,27,184,56
15812,2011-07-11,5,222,56
15812,2011-08-24,4,266,56
15813,2011-04-14,29,134,134
15813,2011-05-16,11,166,134
15814,2011-10-20,38,323,323
15814,2011-11-03,16,337,323
15814,2011-11-23,18,357,323
15815,2011-03-25,10,114,114
15815,2011-04-08,5,128,114
15815,2011-05-11,4,161,114
15815,2011-07-22,21,233,114
15815,2011-10-07,9,310,114
15819,2011-03-08,41,97,97
15819,2011-05-24,36,174,97
15819,2011-07-31,24,242,97
15819,2011-10-21,22,324,97
15820,2011-01-24,17,54,54
15821,2011-10-09,34,312,312
15821,2011-10-26,28,329,312
15822,2010-12-15,16,14,14
15822,2011-12-06,17,370,14
15823,2010-12-02,1,1,1
15825,2011-06-20,20,201,201
15826,2011-05-13,28,163,163
15826,2011-10-14,40,317,163
15827,2010-12-02,14,1,1
15827,2011-01-27,12,57,1
15827,2011-02-08,8,69,1
15827,2011-02-09,1,70,1
15827,2011-03-04,11,93,1
15827,2011-04-17,3,137,1
15827,2011-05-08,8,158,1
15827,2011-06-09,13,190,1
15827,2011-07-21,15,232,1
15827,2011-08-17,14,259,1
15827,2011-09-27,16,300,1
15829,2011-07-22,26,233,233
15829,2011-09-01,25,274,233
15830,2011-11-02,39,336,336
15831,2011-01-19,17,49,49
15831,2011-08-07,6,249,49
15831,2011-10-12,45,315,49
15832,2011-03-30,54,119,119
15834,2011-03-07,166,96,96
15834,2011-06-27,30,208,96
15834,2011-09-30,77,303,96
15835,2011-01-13,15,43,43
15835,2011-03-24,11,113,43
15835,2011-07-25,9,236,43
15835,2011-10-26,15,329,43
15836,2011-10-20,10,323,323
15837,2011-10-06,24,309,309
15838,2010-12-07,3,6,6
15838,2011-02-02,2,63,6
15838,2011-03-10,32,99,6
15838,2011-04-04,6,124,6
15838,2011-04-07,1,127,6
15838,2011-05-05,2,155,6
15838,2011-06-02,11,183,6
15838,2011-06-13,11,194,6
15838,2011-06-27,2,208,6
15838,2011-08-10,29,252,6
15838,2011-08-23,4,265,6
15838,2011-09-23,17,296,6
15838,2011-10-06,21,309,6
15838,2011-11-14,20,348,6
15838,2011-11-28,6,362,6
15839,2011-07-14,20,225,225
15839,2011-09-20,29,293,225
15839,2011-11-06,13,340,225
15840,2011-06-20,17,201,201
15840,2011-10-12,10,315,201
15841,2011-01-05,7,35,35
15841,2011-05-05,17,155,35
15841,2011-09-14,15,287,35
15841,2011-09-28,8,301,35
15843,2011-02-09,8,70,70
15844,2011-10-24,11,327,327
15845,2011-01-06,13,36,36
15845,2011-02-25,27,86,36
15845,2011-05-13,11,163,36
15845,2011-06-13,21,194,36
15845,2011-07-18,21,229,36
15845,2011-09-14,18,287,36
15845,2011-11-04,16,338,36
15845,2011-11-22,11,356,36
15847,2011-02-24,9,85,85
15847,2011-11-01,13,335,85
15850,2011-06-24,47,205,205
15850,2011-11-20,50,354,205
15852,2011-05-26,21,176,176
15852,2011-06-06,1,187,176
15853,2011-10-19,30,322,322
15854,2010-12-13,15,12,12
15854,2011-01-14,5,44,12
15854,2011-02-01,5,62,12
15854,2011-03-18,4,107,12
15854,2011-05-15,52,165,12
15854,2011-05-19,6,169,12
15854,2011-06-20,5,201,12
15854,2011-07-22,5,233,12
15854,2011-09-14,4,287,12
15854,2011-12-05,39,369,12
15855,2011-03-21,6,110,110
15855,2011-04-13,8,133,110
15855,2011-05-17,25,167,110
15855,2011-06-09,20,190,110
15855,2011-07-26,21,237,110
15856,2010-12-09,30,8,8
15856,2010-12-17,9,16,8
15856,2010-12-23,14,22,8
15856,2011-02-11,20,72,8
15856,2011-03-31,26,120,8
15856,2011-04-01,24,121,8
15856,2011-04-21,16,141,8
15856,2011-05-20,63,170,8
15856,2011-06-10,18,191,8
15856,2011-07-11,35,222,8
15856,2011-07-22,15,233,8
15856,2011-08-16,36,258,8
15856,2011-08-28,50,270,8
15856,2011-08-31,71,273,8
15856,2011-09-02,18,275,8
15856,2011-09-05,26,278,8
15856,2011-10-05,20,308,8
15856,2011-10-14,28,317,8
15856,2011-10-25,22,328,8
15856,2011-12-02,63,366,8
15856,2011-12-05,41,369,8
15857,2011-11-21,14,355,355
15858,2010-12-07,44,6,6
15858,2011-02-23,58,84,6
15858,2011-09-23,27,296,6
15858,2011-10-11,24,314,6
15858,2011-11-24,38,358,6
15860,2010-12-06,15,5,5
15860,2011-04-01,35,121,5
15860,2011-04-21,3,141,5
15860,2011-07-18,14,229,5
15860,2011-08-07,12,249,5
15860,2011-09-02,32,275,5
15860,2011-09-25,21,298,5
15860,2011-10-30,10,333,5
15861,2011-03-17,115,106,106
15861,2011-07-28,89,239,106
15861,2011-10-25,105,328,106
15861,2011-11-13,136,347,106
15861,2011-11-17,1,351,106
15861,2011-11-27,100,361,106
15862,2010-12-01,64,0,0
15862,2011-05-19,23,169,0
15862,2011-08-19,13,261,0
15862,2011-12-01,47,365,0
15863,2011-05-31,2,181,181
15863,2011-11-14,16,348,181
15864,2011-01-27,6,57,57
15864,2011-06-15,1,196,57
15864,2011-09-02,5,275,57
15864,2011-10-04,5,307,57
15864,2011-11-13,2,347,57
15864,2011-11-17,1,351,57
15865,2011-05-10,16,160,160
15865,2011-09-12,15,285,160
15865,2011-10-30,9,333,160
15866,2011-08-30,45,272,272
15867,2010-12-05,29,4,4
15867,2010-12-13,16,12,4
15867,2010-12-20,43,19,4
15867,2011-01-10,27,40,4
15867,2011-01-26,23,56,4
15867,2011-02-16,8,77,4
15867,2011-03-15,14,104,4
15867,2011-04-11,33,131,4
15867,2011-05-27,39,177,4
15867,2011-06-09,28,190,4
15867,2011-07-19,48,230,4
15867,2011-08-18,54,260,4
15867,2011-09-30,26,303,4
15867,2011-11-17,36,351,4
15867,2011-12-04,37,368,4
15869,2011-03-07,15,96,96
15870,2011-11-07,76,341,341
15872,2011-11-25,128,359,359
15874,2011-02-28,5,89,89
15874,2011-03-28,20,117,89
15874,2011-04-08,45,128,89
15874,2011-05-06,14,156,89
15874,2011-06-15,3,196,89
15874,2011-10-07,33,310,89
15877,2011-11-22,109,356,356
15877,2011-12-08,20,372,356
15880,2010-12-05,105,4,4
15881,2010-12-10,3,9,9
15881,2010-12-13,1,12,9
15881,2011-01-31,25,61,9
15882,2010-12-06,16,5,5
15882,2011-05-25,7,175,5
15883,2011-11-06,20,340,340
15883,2011-12-07,29,371,340
15885,2011-02-03,1,64,64
15885,2011-09-07,16,280,64
15885,2011-09-08,1,281,64
15886,2011-10-10,12,313,313
15888,2011-09-20,12,293,293
15889,2010-12-05,66,4,4
15889,2011-07-06,27,217,4
15891,2011-04-27,62,147,147
15894,2010-12-05,38,4,4
15894,2011-03-31,3,120,4
15895,2011-07-13,11,224,224
15897,2011-05-29,24,179,179
15898,2010-12-06,59,5,5
15898,2010-12-07,5,6,5
15898,2011-03-20,7,109,5
15898,2011-04-27,3,147,5
15898,2011-12-08,12,372,5
15899,2010-12-06,4,5,5
15900,2011-11-16,51,350,350
15901,2011-07-08,24,219,219
15901,2011-09-23,42,296,219
15901,2011-11-23,50,357,219
15903,2011-02-17,16,78,78
15903,2011-04-26,10,146,78
15903,2011-09-23,14,296,78
15903,2011-09-30,12,303,78
15903,2011-11-11,9,345,78
15903,2011-11-13,6,347,78
15903,2011-11-30,7,364,78
15904,2011-12-01,30,365,365
15906,2011-03-29,32,118,118
15906,2011-05-04,32,154,118
15906,2011-07-18,6,229,118
15906,2011-10-02,54,305,118
15906,2011-11-20,26,354,118
15907,2011-05-13,58,163,163
15907,2011-06-16,65,197,163
15907,2011-12-06,126,370,163
15909,2011-06-19,7,200,200
15910,2011-01-27,42,57,57
15910,2011-02-24,36,85,57
15910,2011-04-07,31,127,57
15910,2011-05-16,26,166,57
15910,2011-09-01,30,274,57
15910,2011-10-06,35,309,57
15910,2011-11-24,47,358,57
15910,2011-12-09,20,373,57
15912,2011-04-20,13,140,140
15912,2011-06-14,6,195,140
15916,2010-12-08,13,7,7
15916,2011-01-13,33,43,7
15916,2011-04-07,15,127,7
15916,2011-06-01,9,182,7
15916,2011-09-23,9,296,7
15916,2011-11-09,42,343,7
15916,2011-11-23,34,357,7
15917,2011-04-06,12,126,126
15918,2011-03-13,22,102,102
15918,2011-06-02,18,183,102
15919,2010-12-06,49,5,5
15919,2011-11-20,94,354,5
15920,2011-07-08,60,219,219
15921,2011-06-20,25,201,201
15922,2010-12-01,11,0,0
15923,2010-12-02,21,1,1
15925,2011-05-29,12,179,179
15930,2011-10-03,21,306,306
15932,2011-02-23,16,84,84
15932,2011-03-15,15,104,84
15932,2011-04-12,7,132,84
15932,2011-05-09,13,159,84
15932,2011-06-27,9,208,84
15932,2011-08-24,17,266,84
15932,2011-09-12,18,285,84
15932,2011-12-05,20,369,84
15933,2011-09-14,24,287,287
15933,2011-09-29,23,302,287
15933,2011-11-18,27,352,287
15935,2011-04-12,1,132,132
15935,2011-04-14,11,134,132
15937,2011-10-06,7,309,309
15938,2011-01-20,5,50,50
15938,2011-03-20,2,109,50
15938,2011-04-05,3,125,50
15938,2011-05-22,3,172,50
15938,2011-08-19,5,261,50
15939,2011-01-12,11,42,42
15939,2011-01-18,1,48,42
15939,2011-02-01,5,62,42
15939,2011-02-25,4,86,42
15939,2011-03-10,7,99,42
15939,2011-03-27,3,116,42
15939,2011-04-07,10,127,42
15939,2011-04-26,12,146,42
15939,2011-05-27,1,177,42
15939,2011-06-12,8,193,42
15939,2011-07-28,8,239,42
15939,2011-08-15,1,257,42
15939,2011-08-24,3,266,42
15939,2011-09-11,2,284,42
15940,2011-02-01,1,62,62
15942,2011-07-29,14,240,240
15944,2011-03-08,6,97,97
15945,2010-12-09,2,8,8
15947,2011-09-18,29,291,291
15948,2011-10-27,40,330,330
15948,2011-12-01,20,365,330
15949,2011-09-29,12,302,302
15949,2011-11-23,7,357,302
15950,2010-12-15,29,14,14
15950,2011-08-25,39,267,14
15950,2011-09-22,9,295,14
15950,2011-11-08,21,342,14
15951,2011-02-27,22,88,88
15951,2011-12-01,19,365,88
15952,2011-04-28,14,148,148
15952,2011-07-03,16,214,148
15952,2011-10-02,32,305,148
15952,2011-11-06,29,340,148
15953,2010-12-05,16,4,4
15953,2011-01-12,9,42,4
15953,2011-03-01,10,90,4
15953,2011-05-12,4,162,4
15953,2011-10-05,25,308,4
15953,2011-10-23,8,326,4
15953,2011-11-14,19,348,4
15953,2011-11-24,7,358,4
15955,2010-12-02,20,1,1
15955,2011-04-10,19,130,1
15955,2011-05-20,13,170,1
15955,2011-08-11,25,253,1
15955,2011-08-25,12,267,1
15955,2011-09-29,33,302,1
15955,2011-10-04,1,307,1
15955,2011-10-11,18,314,1
15955,2011-10-27,15,330,1
15955,2011-11-15,27,349,1
15957,2011-11-08,42,342,342
15958,2011-09-26,7,299,299
15963,2011-10-25,18,328,328
15963,2011-11-20,10,354,328
15965,2010-12-07,16,6,6
15965,2011-11-11,93,345,6
15965,2011-11-22,13,356,6
15967,2011-01-25,35,55,55
15967,2011-11-16,49,350,55
15969,2011-06-07,10,188,188
15969,2011-10-21,6,324,188
15969,2011-12-07,4,371,188
15970,2011-02-09,11,70,70
15971,2011-02-01,4,62,62
15971,2011-03-01,1,90,62
15971,2011-03-14,4,103,62
15971,2011-04-11,2,131,62
15971,2011-07-06,4,217,62
15971,2011-07-21,1,232,62
15971,2011-08-23,4,265,62
15971,2011-09-12,4,285,62
15971,2011-10-03,4,306,62
15971,2011-10-18,6,321,62
15971,2011-11-22,1,356,62
15973,2010-12-08,4,7,7
15974,2011-02-24,32,85,85
15974,2011-03-07,9,96,85
15974,2011-05-12,35,162,85
15974,2011-06-08,29,189,85
15974,2011-07-29,19,240,85
15974,2011-09-05,25,278,85
15974,2011-10-31,27,334,85
15975,2011-09-16,24,289,289
15976,2011-05-03,50,153,153
15976,2011-06-27,48,208,153
15977,2011-10-31,28,334,334
15977,2011-11-22,37,356,334
15978,2011-09-23,49,296,296
15980,2011-03-30,20,119,119
15980,2011-09-12,23,285,119
15981,2011-02-01,4,62,62
15981,2011-03-30,13,119,62
15981,2011-04-12,12,132,62
15981,2011-05-13,5,163,62
15981,2011-06-24,15,205,62
15981,2011-07-25,13,236,62
15981,2011-09-23,20,296,62
15981,2011-11-15,15,349,62
15983,2010-12-01,32,0,0
15983,2010-12-09,24,8,0
15983,2010-12-14,25,13,0
15983,2011-11-17,32,351,0
15984,2010-12-06,5,5,5
15984,2011-01-05,12,35,5
15984,2011-02-23,13,84,5
15984,2011-03-01,35,90,5
15984,2011-04-20,8,140,5
15984,2011-08-21,125,263,5
15984,2011-08-31,16,273,5
15984,2011-09-29,3,302,5
15984,2011-12-05,44,369,5
15984,2011-12-07,9,371,5
15985,2011-04-17,27,137,137
15985,2011-08-08,10,250,137
15986,2011-11-09,14,343,343
15987,2010-12-06,9,5,5
15987,2011-05-04,1,154,5
15987,2011-05-24,3,174,5
15987,2011-07-14,68,225,5
15987,2011-08-11,5,253,5
15987,2011-11-27,54,361,5
15988,2011-11-20,27,354,354
15990,2011-02-25,23,86,86
15990,2011-10-26,29,329,86
15992,2011-12-06,3,370,370
15993,2011-10-26,239,329,329
15993,2011-11-06,110,340,329
15993,2011-11-14,90,348,329
15993,2011-11-23,78,357,329
15993,2011-12-01,35,365,329
15994,2011-10-16,35,319,319
15996,2010-12-08,32,7,7
15996,2011-02-27,33,88,7
15996,2011-03-21,15,110,7
15996,2011-06-27,18,208,7
15996,2011-08-15,14,257,7
15996,2011-09-12,18,285,7
15998,2010-12-12,118,11,11
15998,2011-03-22,155,111,11
15998,2011-06-21,69,202,11
15998,2011-09-13,77,286,11
15998,2011-11-03,87,337,11
16000,2011-12-07,9,371,371
16003,2010-12-15,20,14,14
16003,2011-06-27,34,208,14
16003,2011-07-28,4,239,14
16003,2011-11-10,45,344,14
16005,2011-03-14,67,103,103
16005,2011-06-10,26,191,103
16005,2011-11-27,125,361,103
16006,2011-05-12,8,162,162
16007,2011-05-08,79,158,158
16007,2011-06-12,81,193,158
16007,2011-10-02,163,305,158
16007,2011-10-23,62,326,158
16008,2011-05-19,6,169,169
16008,2011-09-25,11,298,169
16008,2011-11-16,16,350,169
16009,2011-07-03,66,214,214
16009,2011-10-27,20,330,214
16009,2011-11-07,3,341,214
16009,2011-11-17,1,351,214
16010,2010-12-12,24,11,11
16010,2011-04-03,48,123,11
16010,2011-04-08,14,128,11
16011,2010-12-08,22,7,7
16011,2010-12-12,18,11,7
16011,2011-02-01,10,62,7
16011,2011-02-22,11,83,7
16011,2011-03-29,8,118,7
16011,2011-04-20,5,140,7
16011,2011-06-08,28,189,7
16011,2011-06-16,10,197,7
16011,2011-07-18,9,229,7
16011,2011-08-12,16,254,7
16011,2011-09-01,16,274,7
16011,2011-09-08,10,281,7
16011,2011-09-29,17,302,7
16011,2011-10-27,11,330,7
16011,2011-11-10,7,344,7
16011,2011-12-01,14,365,7
16012,2011-07-07,24,218,218
16012,2011-08-03,28,245,218
16012,2011-11-04,42,338,218
16013,2010-12-03,3,2,2
16013,2010-12-16,3,15,2
16013,2010-12-17,1,16,2
16013,2011-01-07,3,37,2
16013,2011-02-11,9,72,2
16013,2011-03-07,1,96,2
16013,2011-03-11,1,100,2
16013,2011-03-14,3,103,2
16013,2011-03-16,1,105,2
16013,2011-04-08,1,128,2
16013,2011-04-27,1,147,2
16013,2011-05-03,4,153,2
16013,2011-05-12,1,162,2
16013,2011-05-31,1,181,2
16013,2011-06-08,2,189,2
16013,2011-06-14,2,195,2
16013,2011-06-20,1,201,2
16013,2011-07-12,4,223,2
16013,2011-07-25,1,236,2
16013,2011-08-12,17,254,2
16013,2011-08-22,5,264,2
16013,2011-09-02,4,275,2
16013,2011-09-30,2,303,2
16013,2011-10-03,14,306,2
16013,2011-10-26,17,329,2
16013,2011-11-21,19,355,2
16013,2011-12-02,16,366,2
16013,2011-12-06,2,370,2
16014,2011-02-21,62,82,82
16014,2011-07-10,75,221,82
16014,2011-11-02,8,336,82
16015,2011-10-21,81,324,324
16015,2011-11-13,60,347,324
16015,2011-12-06,41,370,324
16016,2010-12-08,69,7,7
16016,2011-04-27,41,147,7
16016,2011-05-27,16,177,7
16016,2011-09-21,11,294,7
16016,2011-11-03,35,337,7
16016,2011-11-24,30,358,7
16016,2011-12-06,33,370,7
16017,2011-10-23,32,326,326
16018,2011-06-12,15,193,193
16018,2011-10-31,13,334,193
16019,2010-12-10,8,9,9
16019,2011-01-07,17,37,9
16019,2011-01-28,2,58,9
16019,2011-02-16,32,77,9
16019,2011-03-30,7,119,9
16019,2011-04-21,13,141,9
16019,2011-07-26,28,237,9
16019,2011-10-18,24,321,9
16019,2011-10-24,29,327,9
16020,2011-10-05,26,308,308
16020,2011-11-23,20,357,308
16022,2011-03-24,76,113,113
16023,2011-03-18,24,107,107
16023,2011-05-31,41,181,107
16023,2011-10-24,36,327,107
16024,2011-11-27,64,361,361
16025,2011-11-10,28,344,344
16026,2011-10-27,32,330,330
16027,2011-02-10,3,71,71
16027,2011-02-28,1,89,71
16027,2011-05-05,3,155,71
16027,2011-06-16,3,197,71
16027,2011-07-25,5,236,71
16027,2011-09-09,1,282,71
16029,2010-12-01,8,0,0
16029,2010-12-02,4,1,0
16029,2010-12-16,16,15,0
16029,2010-12-21,4,20,0
16029,2011-01-04,1,34,0
16029,2011-01-13,2,43,0
16029,2011-01-20,5,50,0
16029,2011-01-25,3,55,0
16029,2011-02-04,8,65,0
16029,2011-02-11,1,72,0
16029,2011-02-21,5,82,0
16029,2011-03-16,6,105,0
16029,2011-03-21,4,110,0
16029,2011-03-25,9,114,0
16029,2011-04-11,4,131,0
16029,2011-04-27,4,147,0
16029,2011-05-03,1,153,0
16029,2011-05-11,8,161,0
16029,2011-05-17,9,167,0
16029,2011-05-24,2,174,0
16029,2011-06-06,4,187,0
16029,2011-06-10,2,191,0
16029,2011-06-27,8,208,0
16029,2011-06-28,8,209,0
16029,2011-07-06,3,217,0
16029,2011-07-08,2,219,0
16029,2011-07-28,8,239,0
16029,2011-08-05,13,247,0
16029,2011-08-17,14,259,0
16029,2011-08-24,9,266,0
16029,2011-09-05,5,278,0
16029,2011-09-07,7,280,0
16029,2011-09-20,9,293,0
16029,2011-10-05,4,308,0
16029,2011-10-07,18,310,0
16029,2011-10-10,1,313,0
16029,2011-10-11,15,314,0
16029,2011-10-26,3,329,0
16029,2011-11-01,5,335,0
16030,2011-02-03,29,64,64
16031,2011-04-06,39,126,126
16031,2011-09-08,61,281,126
16033,2010-12-05,26,4,4
16033,2010-12-14,19,13,4
16033,2011-01-05,54,35,4
16033,2011-01-17,42,47,4
16033,2011-02-07,38,68,4
16033,2011-03-06,61,95,4
16033,2011-04-18,57,138,4
16033,2011-05-12,50,162,4
16033,2011-05-23,40,173,4
16033,2011-06-27,83,208,4
16033,2011-07-11,29,222,4
16033,2011-07-25,58,236,4
16033,2011-08-16,85,258,4
16033,2011-08-23,78,265,4
16033,2011-09-18,119,291,4
16033,2011-10-04,65,307,4
16033,2011-11-06,160,340,4
16033,2011-12-04,73,368,4
16034,2011-01-11,9,41,41
16034,2011-05-15,9,165,41
16034,2011-05-27,4,177,41
16036,2011-03-21,11,110,110
16036,2011-09-13,44,286,110
16037,2010-12-16,15,15,15
16037,2011-02-08,9,69,15
16037,2011-03-15,15,104,15
16038,2011-05-22,19,172,172
16038,2011-06-15,4,196,172
16038,2011-12-02,3,366,172
16040,2011-03-16,22,105,105
16040,2011-07-14,24,225,105
16040,2011-10-05,19,308,105
16041,2011-07-21,5,232,232
16041,2011-11-09,1,343,232
16042,2011-01-11,2,41,41
16042,2011-08-24,25,266,41
16042,2011-10-13,24,316,41
16042,2011-11-17,20,351,41
16043,2011-01-26,17,56,56
16043,2011-04-07,4,127,56
16043,2011-05-12,10,162,56
16043,2011-11-02,8,336,56
16045,2011-02-22,43,83,83
16045,2011-04-08,11,128,83
16045,2011-06-30,16,211,83
16045,2011-08-12,13,254,83
16048,2010-12-01,8,0,0
16049,2011-09-25,114,298,298
16049,2011-10-28,157,331,298
16049,2011-10-30,41,333,298
16050,2011-06-19,10,200,200
16052,2011-10-16,34,319,319
16053,2011-08-09,62,251,251
16053,2011-11-07,22,341,251
16054,2011-07-17,70,228,228
16055,2011-05-03,8,153,153
16056,2011-10-25,68,328,328
16057,2011-02-28,40,89,89
16057,2011-05-12,20,162,89
16057,2011-09-04,23,277,89
16057,2011-11-23,38,357,89
16059,2010-12-07,18,6,6
16059,2011-01-16,31,46,6
16059,2011-03-30,48,119,6
16059,2011-06-29,37,210,6
16059,2011-09-29,40,302,6
16059,2011-10-05,6,308,6
16062,2010-12-10,7,9,9
16062,2011-04-12,19,132,9
16062,2011-07-29,22,240,9
16062,2011-11-30,16,364,9
16063,2011-03-24,23,113,113
16065,2010-12-09,74,8,8
16066,2011-08-07,6,249,249
16066,2011-10-09,37,312,249
16066,2011-10-23,19,326,249
16066,2011-11-08,19,342,249
16066,2011-11-23,21,357,249
16070,2011-11-07,19,341,341
16070,2011-11-17,14,351,341
16071,2011-10-26,21,329,329
16072,2011-02-24,23,85,85
16073,2011-02-15,1,76,76
16076,2011-05-15,16,165,165
16076,2011-07-28,21,239,165
16076,2011-08-11,18,253,165
16076,2011-09-08,36,281,165
16076,2011-09-21,5,294,165
16076,2011-10-11,12,314,165
16076,2011-10-17,5,320,165
16076,2011-11-17,9,351,165
16076,2011-12-06,7,370,165
16078,2011-03-01,1,90,90
16079,2011-10-30,11,333,333
16079,2011-11-16,5,350,333
16079,2011-11-23,5,357,333
16080,2011-03-10,5,99,99
16080,2011-09-19,5,292,99
16081,2010-12-08,22,7,7
16081,2011-03-25,20,114,7
16081,2011-06-07,21,188,7
16081,2011-09-13,107,286,7
16081,2011-10-14,57,317,7
16083,2010-12-14,17,13,13
16083,2011-08-31,14,273,13
16084,2011-02-13,38,74,74
16085,2011-01-23,28,53,53
16085,2011-04-17,29,137,53
16085,2011-09-21,48,294,53
16085,2011-10-12,21,315,53
16085,2011-11-16,41,350,53
16086,2010-12-07,8,6,6
16086,2011-02-24,5,85,6
16086,2011-05-23,10,173,6
16086,2011-09-02,8,275,6
16086,2011-10-11,8,314,6
16091,2011-05-25,10,175,175
16091,2011-07-08,8,219,175
16092,2011-03-30,20,119,119
16092,2011-05-26,17,176,119
16092,2011-08-17,14,259,119
16093,2011-08-25,1,267,267
16094,2011-05-04,16,154,154
16094,2011-11-10,34,344,154
16094,2011-11-28,13,362,154
16096,2011-03-20,12,109,109
16097,2011-04-13,10,133,133
16098,2010-12-01,12,0,0
16098,2011-02-14,7,75,0
16098,2011-04-19,7,139,0
16098,2011-06-07,8,188,0
16098,2011-07-05,8,216,0
16098,2011-08-03,12,245,0
16098,2011-09-13,13,286,0
16099,2011-04-28,19,148,148
16099,2011-07-25,13,236,148
16099,2011-10-20,7,323,148
16101,2011-09-30,76,303,303
16102,2011-08-03,31,245,245
16102,2011-09-02,18,275,245
16102,2011-10-28,8,331,245
16103,2011-04-20,10,140,140
16103,2011-04-27,6,147,140
16103,2011-06-06,13,187,140
16103,2011-07-05,8,216,140
16103,2011-09-21,10,294,140
16103,2011-12-02,1,366,140
16104,2011-10-09,29,312,312
16105,2011-04-05,13,125,125
16106,2011-10-05,6,308,308
16107,2011-06-09,10,190,190
16107,2011-07-22,3,233,190
16107,2011-08-28,5,270,190
16107,2011-09-11,3,284,190
16107,2011-10-28,3,331,190
16107,2011-11-11,5,345,190
16107,2011-11-22,2,356,190
16108,2011-09-16,48,289,289
16109,2011-02-04,3,65,65
16109,2011-05-05,15,155,65
16110,2011-02-01,115,62,62
16110,2011-03-22,85,111,62
16110,2011-10-25,154,328,62
16112,2011-01-05,2,35,35
16112,2011-01-10,8,40,35
16112,2011-07-07,2,218,35
16112,2011-07-19,4,230,35
16113,2011-06-09,30,190,190
16114,2011-06-22,8,203,203
16115,2011-02-20,24,81,81
16115,2011-03-20,51,109,81
16115,2011-05-11,25,161,81
16115,2011-06-12,27,193,81
16115,2011-08-14,44,256,81
16115,2011-09-28,53,301,81
16115,2011-10-30,36,333,81
16115,2011-11-30,24,364,81
16116,2011-05-12,34,162,162
16117,2011-06-03,30,184,184
16119,2011-09-28,11,301,301
16119,2011-12-01,5,365,301
16120,2011-10-11,30,314,314
16121,2011-05-08,74,158,158
16121,2011-10-13,138,316,158
16122,2010-12-08,10,7,7
16122,2011-01-11,9,41,7
16122,2011-08-19,17,261,7
16122,2011-09-27,2,300,7
16123,2011-10-19,16,322,322
16124,2011-01-26,11,56,56
16125,2010-12-07,13,6,6
16126,2011-02-16,22,77,77
16126,2011-06-08,20,189,77
16126,2011-08-30,31,272,77
16126,2011-11-10,44,344,77
16127,2011-10-31,40,334,334
16128,2011-03-02,20,91,91
16128,2011-07-19,18,230,91
16128,2011-09-23,37,296,91
16128,2011-11-03,9,337,91
16128,2011-11-22,5,356,91
16131,2011-04-14,24,134,134
16131,2011-05-16,11,166,134
16131,2011-08-16,19,258,134
16131,2011-10-19,24,322,134
16133,2011-01-25,11,55,55
16133,2011-02-25,11,86,55
16133,2011-04-08,14,128,55
16133,2011-04-11,6,131,55
16133,2011-04-21,26,141,55
16133,2011-05-03,16,153,55
16133,2011-05-19,6,169,55
16133,2011-05-25,12,175,55
16133,2011-05-27,5,177,55
16133,2011-06-07,11,188,55
16133,2011-07-20,12,231,55
16133,2011-07-26,9,237,55
16133,2011-08-01,10,243,55
16133,2011-08-02,4,244,55
16133,2011-08-10,7,252,55
16133,2011-08-11,3,253,55
16133,2011-08-16,14,258,55
16133,2011-08-17,13,259,55
16133,2011-08-23,5,265,55
16133,2011-08-30,11,272,55
16133,2011-09-25,25,298,55
16133,2011-09-30,13,303,55
16133,2011-10-10,9,313,55
16133,2011-10-17,6,320,55
16133,2011-10-31,7,334,55
16133,2011-11-11,16,345,55
16133,2011-11-23,6,357,55
16133,2011-12-02,29,366,55
16133,2011-12-06,22,370,55
16134,2010-12-15,16,14,14
16134,2011-11-18,19,352,14
16135,2011-03-22,21,111,111
16136,2011-03-07,8,96,96
16136,2011-09-23,7,296,96
16136,2011-10-11,22,314,96
16139,2011-05-17,6,167,167
16139,2011-08-19,9,261,167
16139,2011-11-21,16,355,167
16140,2010-12-03,7,2,2
16140,2011-10-05,28,308,2
16141,2011-09-12,30,285,285
16142,2011-04-04,37,124,124
16143,2010-12-05,16,4,4
16143,2010-12-20,11,19,4
16143,2011-02-09,25,70,4
16143,2011-05-11,20,161,4
16143,2011-08-23,22,265,4
16143,2011-12-06,23,370,4
16144,2011-04-07,1,127,127
16145,2010-12-15,17,14,14
16145,2011-01-05,17,35,14
16145,2011-02-23,18,84,14
16145,2011-04-27,23,147,14
16145,2011-06-16,18,197,14
16145,2011-07-12,20,223,14
16145,2011-08-08,19,250,14
16145,2011-09-01,24,274,14
16145,2011-09-27,21,300,14
16145,2011-10-30,26,333,14
16145,2011-12-01,21,365,14
16146,2011-04-21,19,141,141
16146,2011-05-20,9,170,141
16146,2011-07-05,1,216,141
16147,2011-07-29,22,240,240
16148,2011-02-16,1,77,77
16149,2011-07-20,11,231,231
16149,2011-12-05,7,369,231
16150,2010-12-02,22,1,1
16150,2011-03-14,33,103,1
16150,2011-08-03,25,245,1
16150,2011-09-12,20,285,1
16150,2011-10-28,17,331,1
16152,2011-03-16,29,105,105
16153,2010-12-20,10,19,19
16153,2011-05-06,12,156,19
16153,2011-06-07,16,188,19
16153,2011-08-16,18,258,19
16153,2011-10-21,33,324,19
16156,2011-02-02,18,63,63
16156,2011-03-15,11,104,63
16156,2011-05-17,20,167,63
16156,2011-07-07,19,218,63
16156,2011-07-11,1,222,63
16156,2011-09-15,26,288,63
16156,2011-10-21,10,324,63
16156,2011-11-15,15,349,63
16156,2011-12-01,10,365,63
16157,2011-09-28,6,301,301
16157,2011-11-16,7,350,301
16157,2011-11-24,5,358,301
16159,2011-03-03,14,92,92
16160,2011-09-15,15,288,288
16160,2011-10-05,5,308,288
16161,2010-12-06,15,5,5
16161,2010-12-14,25,13,5
16161,2010-12-15,22,14,5
16161,2011-01-13,29,43,5
16161,2011-02-01,29,62,5
16161,2011-02-10,19,71,5
16161,2011-02-22,27,83,5
16161,2011-04-06,21,126,5
16161,2011-05-13,21,163,5
16161,2011-05-25,25,175,5
16161,2011-06-23,20,204,5
16161,2011-07-22,26,233,5
16161,2011-09-13,14,286,5
16161,2011-09-22,29,295,5
16161,2011-10-11,58,314,5
16161,2011-11-14,39,348,5
16161,2011-11-17,23,351,5
16161,2011-11-25,15,359,5
16161,2011-12-08,17,372,5
16162,2011-04-01,2,121,121
16163,2010-12-09,5,8,8
16163,2011-04-21,1,141,8
16164,2011-10-28,14,331,331
16164,2011-11-15,8,349,331
16164,2011-11-22,12,356,331
16168,2010-12-05,3,4,4
16168,2011-01-24,5,54,4
16168,2011-03-15,2,104,4
16168,2011-04-11,7,131,4
16168,2011-04-12,1,132,4
16168,2011-04-26,2,146,4
16168,2011-05-08,6,158,4
16168,2011-05-15,2,165,4
16168,2011-05-31,4,181,4
16168,2011-06-06,5,187,4
16168,2011-07-12,6,223,4
16168,2011-07-17,4,228,4
16168,2011-08-03,6,245,4
16168,2011-08-16,6,258,4
16168,2011-08-28,4,270,4
16168,2011-09-01,1,274,4
16168,2011-09-06,7,279,4
16168,2011-09-26,8,299,4
16168,2011-10-14,6,317,4
16168,2011-11-06,4,340,4
16168,2011-11-09,1,343,4
16168,2011-11-15,2,349,4
16168,2011-11-21,2,355,4
16168,2011-11-23,1,357,4
16168,2011-11-29,3,363,4
16169,2011-09-25,26,298,298
16169,2011-10-31,15,334,298
16169,2011-11-10,29,344,298
16169,2011-12-01,15,365,298
16170,2011-04-05,16,125,125
16170,2011-04-19,22,139,125
16170,2011-06-09,21,190,125
16170,2011-07-28,21,239,125
16170,2011-08-19,22,261,125
16170,2011-10-20,23,323,125
16171,2011-10-11,3,314,314
16172,2011-04-12,16,132,132
16172,2011-06-17,22,198,132
16172,2011-08-01,11,243,132
16172,2011-09-05,20,278,132
16173,2011-09-02,25,275,275
16173,2011-09-09,14,282,275
16173,2011-09-22,4,295,275
16173,2011-10-26,15,329,275
16173,2011-11-01,7,335,275
16173,2011-11-24,19,358,275
16174,2011-07-11,18,222,222
16174,2011-07-28,2,239,222
16174,2011-08-05,3,247,222
16175,2011-04-13,15,133,133
16175,2011-05-19,13,169,133
16175,2011-06-23,14,204,133
16175,2011-09-06,16,279,133
16177,2011-10-20,15,323,323
16178,2011-07-24,8,235,235
16179,2011-10-10,11,313,313
16180,2011-04-01,13,121,121
16180,2011-04-19,21,139,121
16180,2011-05-13,44,163,121
16180,2011-06-22,13,203,121
16180,2011-07-17,24,228,121
16180,2011-08-04,32,246,121
16180,2011-08-31,15,273,121
16181,2011-09-27,11,300,300
16182,2011-02-18,4,79,79
16182,2011-05-20,6,170,79
16182,2011-08-01,7,243,79
16182,2011-09-28,11,301,79
16183,2011-10-03,15,306,306
16184,2011-05-12,9,162,162
16184,2011-06-10,10,191,162
16184,2011-07-29,3,240,162
16184,2011-08-19,12,261,162
16184,2011-08-26,3,268,162
16184,2011-10-06,8,309,162
16185,2011-04-21,19,141,141
16185,2011-11-23,12,357,141
16186,2010-12-02,20,1,1
16186,2011-04-12,28,132,1
16186,2011-05-12,16,162,1
16186,2011-06-03,16,184,1
16186,2011-07-20,33,231,1
16186,2011-08-11,19,253,1
16186,2011-08-28,19,270,1
16186,2011-10-04,37,307,1
16186,2011-10-25,11,328,1
16186,2011-11-17,19,351,1
16187,2011-02-28,31,89,89
16187,2011-04-14,38,134,89
16187,2011-04-28,19,148,89
16187,2011-05-20,24,170,89
16187,2011-06-23,47,204,89
16187,2011-08-04,18,246,89
16187,2011-08-18,28,260,89
16187,2011-09-01,27,274,89
16187,2011-09-25,34,298,89
16187,2011-10-19,14,322,89
16187,2011-11-08,15,342,89
16188,2011-04-11,9,131,131
16188,2011-04-27,30,147,131
16188,2011-07-21,13,232,131
16188,2011-10-26,15,329,131
16189,2011-09-15,6,288,288
16189,2011-11-24,5,358,288
16190,2011-10-30,6,333,333
16191,2010-12-14,5,13,13
16191,2011-01-07,18,37,13
16191,2011-01-31,4,61,13
16191,2011-02-11,10,72,13
16191,2011-03-22,10,111,13
16191,2011-10-18,38,321,13
16191,2011-10-19,27,322,13
16191,2011-11-16,14,350,13
16191,2011-11-28,3,362,13
16191,2011-12-07,5,371,13
16193,2011-04-17,19,137,137
16198,2011-09-25,15,298,298
16200,2011-06-28,58,209,209
16200,2011-12-05,121,369,209
16201,2011-08-22,19,264,264
16201,2011-10-25,31,328,264
16201,2011-11-18,31,352,264
16201,2011-12-06,30,370,264
16202,2010-12-14,18,13,13
16203,2010-12-02,11,1,1
16203,2011-04-26,9,146,1
16203,2011-07-15,4,226,1
16203,2011-10-12,11,315,1
16204,2011-11-16,57,350,350
16205,2011-06-13,27,194,194
16205,2011-10-03,51,306,194
16205,2011-11-02,16,336,194
16205,2011-11-09,4,343,194
16206,2011-01-16,25,46,46
16206,2011-05-15,16,165,46
16206,2011-08-07,14,249,46
16206,2011-10-16,8,319,46
16207,2011-11-14,19,348,348
16208,2011-02-23,40,84,84
16208,2011-10-26,26,329,84
16209,2011-04-07,10,127,127
16209,2011-06-06,17,187,127
16209,2011-06-13,3,194,127
16209,2011-08-12,11,254,127
16209,2011-09-12,5,285,127
16210,2010-12-01,14,0,0
16210,2010-12-06,11,5,0
16210,2010-12-13,6,12,0
16210,2010-12-16,6,15,0
16210,2011-01-21,1,51,0
16210,2011-02-03,4,64,0
16210,2011-05-03,13,153,0
16210,2011-05-10,8,160,0
16210,2011-08-15,7,257,0
16210,2011-09-02,2,275,0
16210,2011-09-14,4,287,0
16210,2011-10-07,3,310,0
16210,2011-11-02,2,336,0
16210,2011-11-09,3,343,0
16210,2011-11-25,10,359,0
16210,2011-11-30,17,364,0
16210,2011-12-08,12,372,0
16211,2011-09-12,23,285,285
16212,2011-03-01,30,90,90
16212,2011-11-20,11,354,90
16213,2011-09-22,6,295,295
16214,2011-03-15,30,104,104
16214,2011-04-01,5,121,104
16214,2011-06-22,9,203,104
16215,2011-09-20,14,293,293
16216,2011-03-17,37,106,106
16217,2011-03-02,11,91,91
16217,2011-04-18,4,138,91
16218,2010-12-01,28,0,0
16218,2011-03-30,8,119,0
16218,2011-05-17,18,167,0
16218,2011-07-24,6,235,0
16218,2011-08-17,12,259,0
16218,2011-11-10,12,344,0
16221,2010-12-07,12,6,6
16221,2011-03-09,20,98,6
16221,2011-11-03,65,337,6
16222,2011-01-25,137,55,55
16224,2011-04-04,14,124,124
16224,2011-04-13,30,133,124
16224,2011-07-21,22,232,124
16224,2011-10-13,30,316,124
16225,2011-03-07,63,96,96
16225,2011-06-16,9,197,96
16225,2011-07-13,57,224,96
16225,2011-10-26,5,329,96
16226,2011-04-18,3,138,138
16226,2011-05-16,4,166,138
16226,2011-05-20,1,170,138
16227,2011-04-28,6,148,148
16229,2011-05-11,12,161,161
16229,2011-09-13,35,286,161
16230,2011-05-03,19,153,153
16230,2011-06-03,16,184,153
16232,2011-05-08,19,158,158
16232,2011-07-19,12,230,158
16232,2011-10-27,6,330,158
16233,2010-12-08,2,7,7
16233,2011-01-14,7,44,7
16233,2011-09-29,13,302,7
16235,2011-01-11,7,41,41
16235,2011-02-17,12,78,41
16235,2011-06-06,17,187,41
16235,2011-09-19,1,292,41
16235,2011-10-30,9,333,41
16236,2011-09-22,20,295,295
16239,2011-06-03,15,184,184
16239,2011-10-14,4,317,184
16240,2011-09-23,75,296,296
16240,2011-11-15,60,349,296
16241,2010-12-05,14,4,4
16241,2011-01-04,57,34,4
16241,2011-04-06,61,126,4
16241,2011-05-11,51,161,4
16241,2011-06-15,79,196,4
16241,2011-07-24,71,235,4
16241,2011-08-10,47,252,4
16241,2011-08-17,54,259,4
16241,2011-09-04,69,277,4
16241,2011-10-12,41,315,4
16241,2011-11-07,6,341,4
16241,2011-11-30,112,364,4
16242,2011-03-07,23,96,96
16242,2011-05-09,21,159,96
16242,2011-06-27,36,208,96
16242,2011-10-04,74,307,96
16242,2011-11-07,57,341,96
16242,2011-11-21,41,355,96
16242,2011-12-01,42,365,96
16243,2011-10-16,17,319,319
16243,2011-11-06,34,340,319
16244,2010-12-02,63,1,1
16244,2011-05-12,28,162,1
16245,2011-03-28,30,117,117
16245,2011-08-10,21,252,117
16245,2011-11-16,39,350,117
16247,2011-06-22,16,203,203
16248,2011-10-09,7,312,312
16249,2011-04-14,22,134,134
16249,2011-05-22,5,172,134
16249,2011-07-25,18,236,134
16249,2011-08-19,4,261,134
16249,2011-10-18,20,321,134
16250,2010-12-01,14,0,0
16250,2011-03-23,10,112,0
16253,2011-03-29,53,118,118
16253,2011-10-04,70,307,118
16255,2010-12-09,26,8,8
16255,2011-01-04,34,34,8
16255,2011-02-07,29,68,8
16255,2011-04-07,21,127,8
16255,2011-07-17,43,228,8
16255,2011-07-31,43,242,8
16255,2011-09-05,36,278,8
16255,2011-11-23,38,357,8
16256,2011-03-18,13,107,107
16257,2011-06-16,2,197,197
16258,2011-05-04,35,154,154
16258,2011-06-23,21,204,154
16258,2011-07-26,27,237,154
16258,2011-08-04,6,246,154
16258,2011-10-25,46,328,154
16260,2011-10-20,18,323,323
16261,2011-04-07,56,127,127
16261,2011-08-18,20,260,127
16261,2011-09-25,25,298,127
16261,2011-11-22,23,356,127
16265,2010-12-10,38,9,9
16265,2011-02-08,48,69,9
16265,2011-02-18,35,79,9
16265,2011-03-24,19,113,9
16265,2011-07-04,34,215,9
16265,2011-08-21,20,263,9
16265,2011-10-27,31,330,9
16265,2011-11-30,33,364,9
16266,2011-05-17,23,167,167
16266,2011-05-23,6,173,167
16266,2011-06-16,4,197,167
16266,2011-07-26,8,237,167
16266,2011-08-16,9,258,167
16266,2011-09-27,11,300,167
16268,2011-09-29,45,302,302
16270,2010-12-21,54,20,20
16271,2010-12-16,16,15,15
16271,2011-07-20,46,231,15
16271,2011-08-05,16,247,15
16271,2011-11-24,54,358,15
16271,2011-12-07,1,371,15
16272,2011-08-15,25,257,257
16274,2010-12-01,67,0,0
16275,2011-05-27,33,177,177
16276,2011-06-16,6,197,197
16278,2011-08-31,23,273,273
16279,2011-06-16,16,197,197
16279,2011-09-13,47,286,197
16279,2011-11-18,44,352,197
16281,2011-09-28,17,301,301
16282,2011-01-04,11,34,34
16283,2011-05-15,36,165,165
16283,2011-07-10,31,221,165
16283,2011-08-11,7,253,165
16283,2011-10-02,75,305,165
16283,2011-12-04,17,368,165
16284,2011-10-20,52,323,323
16284,2011-11-08,57,342,323
16287,2011-06-23,8,204,204
16292,2011-08-10,17,252,252
16293,2010-12-07,16,6,6
16293,2011-03-15,19,104,6
16293,2011-05-16,26,166,6
16293,2011-09-09,19,282,6
16293,2011-10-21,18,324,6
16293,2011-11-18,20,352,6
16295,2011-10-06,22,309,309
16295,2011-10-12,21,315,309
16295,2011-11-15,19,349,309
16295,2011-11-30,17,364,309
16297,2011-03-16,20,105,105
16298,2011-06-06,7,187,187
16298,2011-10-19,13,322,187
16298,2011-11-17,7,351,187
16302,2011-08-05,11,247,247
16303,2011-01-10,35,40,40
16303,2011-08-16,94,258,40
16303,2011-11-14,33,348,40
16305,2011-07-24,22,235,235
16306,2010-12-07,2,6,6
16306,2011-01-06,13,36,6
16306,2011-02-11,19,72,6
16306,2011-02-16,3,77,6
16306,2011-02-18,1,79,6
16306,2011-05-10,3,160,6
16308,2011-03-23,1,112,112
16308,2011-05-06,1,156,112
16308,2011-08-24,1,266,112
16308,2011-11-02,1,336,112
16309,2011-04-13,21,133,133
16309,2011-08-25,21,267,133
16311,2011-10-21,23,324,324
16311,2011-11-22,14,356,324
16313,2011-10-21,10,324,324
16313,2011-12-06,6,370,324
16315,2011-01-13,14,43,43
16316,2010-12-16,20,15,15
16316,2011-03-07,24,96,15
16316,2011-03-09,1,98,15
16316,2011-05-17,46,167,15
16316,2011-06-30,22,211,15
16316,2011-07-05,2,216,15
16316,2011-10-06,36,309,15
16317,2011-02-15,30,76,76
16317,2011-07-01,24,212,76
16317,2011-08-12,15,254,76
16318,2011-11-04,19,338,338
16319,2011-05-06,3,156,156
16320,2011-05-10,47,160,160
16320,2011-06-20,9,201,160
16321,2011-01-20,4,50,50
16321,2011-02-07,4,68,50
16321,2011-09-28,4,301,50
16322,2011-11-03,28,337,337
16322,2011-12-08,9,372,337
16323,2011-05-27,1,177,177
16324,2011-06-15,51,196,196
16324,2011-08-03,67,245,196
16325,2011-04-08,5,128,128
16325,2011-07-07,8,218,128
16325,2011-10-24,5,327,128
16326,2011-01-09,30,39,39
16326,2011-01-30,13,60,39
16326,2011-05-09,13,159,39
16326,2011-06-19,33,200,39
16326,2011-07-03,17,214,39
16326,2011-08-14,10,256,39
16326,2011-09-04,29,277,39
16326,2011-09-25,44,298,39
16326,2011-10-09,41,312,39
16326,2011-10-23,17,326,39
16326,2011-11-06,29,340,39
16326,2011-11-24,19,358,39
16326,2011-12-04,24,368,39
16327,2010-12-05,66,4,4
16327,2011-01-28,35,58,4
16327,2011-03-14,34,103,4
16327,2011-05-24,75,174,4
16327,2011-09-20,57,293,4
16327,2011-11-25,52,359,4
16330,2011-08-19,17,261,261
16330,2011-11-22,22,356,261
16332,2011-02-07,11,68,68
16332,2011-07-11,19,222,68
16332,2011-08-01,24,243,68
16332,2011-09-28,41,301,68
16332,2011-10-09,20,312,68
16332,2011-10-26,19,329,68
16332,2011-11-11,19,345,68
16333,2011-02-03,2,64,64
16333,2011-02-14,1,75,64
16333,2011-02-21,1,82,64
16333,2011-03-04,5,93,64
16333,2011-04-01,11,121,64
16333,2011-04-13,3,133,64
16333,2011-04-27,5,147,64
16333,2011-05-31,5,181,64
16333,2011-08-08,2,250,64
16333,2011-09-02,2,275,64
16333,2011-10-04,3,307,64
16333,2011-11-03,3,337,64
16333,2011-12-02,2,366,64
16337,2011-11-03,10,337,337
16338,2011-07-05,11,216,216
16339,2011-02-28,20,89,89
16340,2011-08-24,153,266,266
16341,2011-05-22,29,172,172
16341,2011-09-15,34,288,172
16341,2011-11-15,14,349,172
16342,2011-06-13,7,194,194
16342,2011-07-17,4,228,194
16342,2011-08-24,2,266,194
16342,2011-09-25,2,298,194
16343,2011-11-23,47,357,357
16344,2011-07-04,2,215,215
16345,2011-10-26,38,329,329
16347,2011-11-03,52,337,337
16347,2011-11-28,40,362,337
16348,2011-04-13,82,133,133
16348,2011-06-01,28,182,133
16348,2011-08-03,55,245,133
16348,2011-09-22,32,295,133
16348,2011-11-02,27,336,133
16348,2011-11-07,11,341,133
16349,2011-02-22,9,83,83
16350,2011-01-10,22,40,40
16350,2011-09-15,10,288,40
16350,2011-10-06,21,309,40
16350,2011-11-18,4,352,40
16351,2011-01-11,8,41,41
16352,2011-11-02,14,336,336
16352,2011-11-22,14,356,336
16353,2010-12-05,1,4,4
16353,2010-12-15,1,14,4
16353,2010-12-17,1,16,4
16353,2010-12-20,1,19,4
16353,2011-01-05,1,35,4
16353,2011-01-12,7,42,4
16353,2011-02-03,1,64,4
16353,2011-02-17,1,78,4
16353,2011-03-14,9,103,4
16353,2011-05-06,16,156,4
16353,2011-07-20,16,231,4
16353,2011-08-28,11,270,4
16353,2011-09-09,4,282,4
16353,2011-09-13,1,286,4
16353,2011-10-02,2,305,4
16353,2011-10-24,1,327,4
16353,2011-11-07,9,341,4
16353,2011-11-22,9,356,4
16353,2011-12-02,1,366,4
16353,2011-12-06,1,370,4
16354,2011-09-27,38,300,300
16354,2011-10-07,1,310,300
16356,2011-03-07,15,96,96
16356,2011-04-26,1,146,96
16356,2011-05-26,15,176,96
16357,2011-05-10,7,160,160
16357,2011-06-30,5,211,160
16357,2011-11-06,22,340,160
16358,2011-06-08,22,189,189
16358,2011-09-21,22,294,189
16358,2011-10-07,30,310,189
16358,2011-12-08,35,372,189
16359,2011-01-12,4,42,42
16359,2011-02-10,14,71,42
16359,2011-03-10,5,99,42
16359,2011-04-10,14,130,42
16359,2011-05-09,6,159,42
16359,2011-06-16,8,197,42
16359,2011-09-06,4,279,42
16359,2011-10-05,1,308,42
16359,2011-12-02,10,366,42
16360,2011-09-12,33,285,285
16360,2011-09-20,68,293,285
16360,2011-10-04,125,307,285
16360,2011-11-01,146,335,285
16360,2011-11-20,147,354,285
16360,2011-12-05,143,369,285
16361,2011-09-29,43,302,302
16361,2011-10-30,18,333,302
16361,2011-11-15,28,349,302
16361,2011-11-30,17,364,302
16362,2011-09-09,41,282,282
16362,2011-10-11,25,314,282
16362,2011-11-07,15,341,282
16363,2011-10-17,5,320,320
16364,2011-07-25,29,236,236
16364,2011-11-28,24,362,236
16365,2010-12-07,6,6,6
16365,2010-12-15,1,14,6
16365,2011-03-31,3,120,6
16365,2011-07-12,15,223,6
16365,2011-07-22,6,233,6
16365,2011-08-08,5,250,6
16365,2011-11-02,13,336,6
16365,2011-11-22,2,356,6
16366,2011-11-21,18,355,355
16367,2010-12-12,37,11,11
16367,2011-11-02,93,336,11
16368,2011-11-11,26,345,345
16368,2011-12-07,50,371,345
16369,2011-05-27,15,177,177
16369,2011-09-20,50,293,177
16369,2011-11-21,53,355,177
16370,2011-04-28,63,148,148
16370,2011-06-10,46,191,148
16370,2011-08-14,71,256,148
16370,2011-09-18,48,291,148
16372,2011-11-06,97,340,340
16374,2011-03-22,27,111,111
16374,2011-10-04,84,307,111
16376,2011-11-22,106,356,356
16376,2011-12-01,19,365,356
16377,2011-03-17,5,106,106
16378,2011-02-02,10,63,63
16378,2011-02-16,10,77,63
16378,2011-04-06,3,126,63
16379,2011-09-22,27,295,295
16379,2011-11-02,42,336,295
16379,2011-11-21,22,355,295
16379,2011-12-05,17,369,295
16380,2011-10-09,32,312,312
16383,2011-03-16,53,105,105
16383,2011-09-26,49,299,105
16384,2011-03-21,24,110,110
16384,2011-09-11,9,284,110
16385,2010-12-08,21,7,7
16385,2011-07-04,18,215,7
16385,2011-10-10,20,313,7
16386,2011-03-31,4,120,120
16386,2011-11-11,84,345,120
16387,2011-01-21,4,51,51
16389,2011-03-01,6,90,90
16389,2011-05-18,10,168,90
16389,2011-09-22,7,295,90
16389,2011-10-17,11,320,90
16392,2011-03-15,45,104,104
16393,2010-12-05,10,4,4
16393,2010-12-12,10,11,4
16393,2011-02-18,32,79,4
16393,2011-04-14,19,134,4
16393,2011-05-08,26,158,4
16393,2011-06-07,23,188,4
16393,2011-07-06,43,217,4
16393,2011-07-20,23,231,4
16393,2011-09-06,28,279,4
16393,2011-10-18,35,321,4
16393,2011-11-16,29,350,4
16393,2011-11-28,30,362,4
16393,2011-12-07,22,371,4
16394,2011-02-23,26,84,84
16394,2011-04-05,24,125,84
16394,2011-06-21,10,202,84
16394,2011-09-28,11,301,84
16394,2011-10-14,12,317,84
16395,2011-01-13,41,43,43
16395,2011-01-20,19,50,43
16395,2011-06-24,49,205,43
16395,2011-09-22,45,295,43
16395,2011-10-10,56,313,43
16398,2011-03-31,63,120,120
16398,2011-07-08,19,219,120
16399,2011-04-18,31,138,138
16399,2011-11-20,42,354,138
16400,2011-09-06,29,279,279
16401,2011-01-16,14,46,46
16401,2011-02-18,5,79,46
16401,2011-03-31,17,120,46
16401,2011-05-01,24,151,46
16401,2011-05-13,4,163,46
16401,2011-06-30,9,211,46
16401,2011-07-31,34,242,46
16401,2011-09-14,17,287,46
16401,2011-10-25,13,328,46
16401,2011-11-14,10,348,46
16401,2011-11-25,20,359,46
16401,2011-12-08,19,372,46
16402,2010-12-05,57,4,4
16402,2011-03-20,3,109,4
16403,2011-01-31,10,61,61
16404,2011-09-30,23,303,303
16405,2011-02-02,3,63,63
16405,2011-02-10,2,71,63
16406,2011-11-21,63,355,355
16407,2011-01-31,20,61,61
16407,2011-02-15,2,76,61
16407,2011-02-27,21,88,61
16407,2011-04-11,3,131,61
16407,2011-05-29,16,179,61
16407,2011-07-24,23,235,61
16407,2011-08-21,39,263,61
16407,2011-09-26,27,299,61
16407,2011-11-27,21,361,61
16409,2011-01-26,48,56,56
16409,2011-04-11,70,131,56
16409,2011-07-12,42,223,56
16409,2011-09-13,19,286,56
16409,2011-11-03,53,337,56
16411,2010-12-05,21,4,4
16411,2011-11-20,24,354,4
16412,2011-10-17,35,320,320
16413,2011-10-14,31,317,317
16414,2011-03-04,3,93,93
16414,2011-11-18,4,352,93
16415,2011-10-26,54,329,329
16416,2011-10-14,35,317,317
16416,2011-10-27,16,330,317
16416,2011-11-13,20,347,317
16418,2011-04-27,18,147,147
16418,2011-09-08,33,281,147
16418,2011-10-26,51,329,147
16419,2011-02-01,17,62,62
16419,2011-03-09,7,98,62
16419,2011-06-24,10,205,62
16419,2011-08-03,11,245,62
16419,2011-08-19,6,261,62
16422,2010-12-05,13,4,4
16422,2010-12-14,1,13,4
16422,2010-12-20,8,19,4
16422,2011-01-06,6,36,4
16422,2011-01-10,1,40,4
16422,2011-01-18,7,48,4
16422,2011-01-26,13,56,4
16422,2011-02-01,2,62,4
16422,2011-02-07,6,68,4
16422,2011-02-14,3,75,4
16422,2011-02-23,5,84,4
16422,2011-02-28,8,89,4
16422,2011-03-06,13,95,4
16422,2011-03-16,11,105,4
16422,2011-03-18,8,107,4
16422,2011-03-29,14,118,4
16422,2011-04-04,18,124,4
16422,2011-04-05,1,125,4
16422,2011-04-19,4,139,4
16422,2011-04-28,5,148,4
16422,2011-05-05,4,155,4
16422,2011-05-13,7,163,4
16422,2011-05-18,15,168,4
16422,2011-05-23,14,173,4
16422,2011-06-01,7,182,4
16422,2011-06-07,11,188,4
16422,2011-06-22,14,203,4
16422,2011-06-27,9,208,4
16422,2011-06-28,1,209,4
16422,2011-07-06,6,217,4
16422,2011-07-11,7,222,4
16422,2011-07-17,6,228,4
16422,2011-07-25,5,236,4
16422,2011-08-03,24,245,4
16422,2011-08-11,4,253,4
16422,2011-08-24,6,266,4
16422,2011-09-01,4,274,4
16422,2011-09-13,5,286,4
16422,2011-09-19,7,292,4
16422,2011-09-27,5,300,4
16422,2011-10-06,3,309,4
16422,2011-10-11,12,314,4
16422,2011-10-18,8,321,4
16422,2011-10-27,4,330,4
16422,2011-11-08,10,342,4
16422,2011-11-14,16,348,4
16422,2011-11-15,2,349,4
16422,2011-11-22,6,356,4
16423,2011-11-15,18,349,349
16424,2011-06-01,5,182,182
16425,2011-02-10,21,71,71
16426,2011-03-08,11,97,97
16426,2011-09-08,68,281,97
16426,2011-10-24,73,327,97
16426,2011-11-04,50,338,97
16426,2011-11-18,52,352,97
16426,2011-12-02,76,366,97
16426,2011-12-07,42,371,97
16427,2011-02-28,4,89,89
16427,2011-03-21,5,110,89
16429,2011-08-25,2,267,267
16430,2011-10-13,6,316,316
16431,2011-02-15,50,76,76
16431,2011-05-10,33,160,76
16432,2011-10-06,8,309,309
16433,2011-11-11,17,345,345
16434,2011-02-13,26,74,74
16434,2011-03-27,4,116,74
16434,2011-05-31,11,181,74
16434,2011-09-04,14,277,74
16434,2011-10-23,19,326,74
16434,2011-11-06,16,340,74
16434,2011-11-10,19,344,74
16438,2011-09-18,37,291,291
16438,2011-10-27,28,330,291
16438,2011-11-03,22,337,291
16438,2011-11-13,25,347,291
16438,2011-12-04,20,368,291
16440,2011-05-09,35,159,159
16440,2011-10-04,46,307,159
16440,2011-10-19,75,322,159
16440,2011-11-10,46,344,159
16440,2011-12-02,80,366,159
16441,2011-02-21,13,82,82
16441,2011-10-03,11,306,82
16442,2010-12-14,46,13,13
16442,2011-04-26,56,146,13
16442,2011-12-08,72,372,13
16444,2011-03-20,26,109,109
16444,2011-05-29,19,179,109
16444,2011-09-05,25,278,109
16444,2011-10-24,14,327,109
16445,2011-11-06,63,340,340
16446,2011-05-18,2,168,168
16446,2011-12-09,1,373,168
16447,2011-07-27,36,238,238
16448,2011-05-25,20,175,175
16449,2011-03-04,23,93,93
16449,2011-05-26,17,176,93
16450,2011-07-13,11,224,224
16451,2011-09-13,14,286,286
16454,2011-10-06,1,309,309
16454,2011-10-26,1,329,309
16455,2010-12-03,19,2,2
16455,2010-12-13,11,12,2
16455,2011-03-29,19,118,2
16455,2011-05-19,10,169,2
16455,2011-09-06,12,279,2
16455,2011-10-07,28,310,2
16456,2010-12-01,16,0,0
16456,2011-02-06,46,67,0
16456,2011-04-26,23,146,0
16456,2011-08-28,14,270,0
16456,2011-09-01,12,274,0
16457,2011-05-05,9,155,155
16458,2010-12-14,10,13,13
16458,2011-02-08,10,69,13
16458,2011-02-28,11,89,13
16458,2011-03-25,11,114,13
16458,2011-04-18,17,138,13
16458,2011-05-06,13,156,13
16458,2011-06-05,10,186,13
16458,2011-06-22,11,203,13
16458,2011-07-24,11,235,13
16458,2011-08-08,19,250,13
16458,2011-08-25,10,267,13
16458,2011-09-12,10,285,13
16458,2011-09-28,10,301,13
16458,2011-10-18,10,321,13
16458,2011-11-01,10,335,13
16458,2011-11-11,10,345,13
16458,2011-11-25,13,359,13
16458,2011-12-07,6,371,13
16460,2011-09-19,26,292,292
16460,2011-09-28,92,301,292
16460,2011-11-11,17,345,292
16461,2011-06-15,33,196,196
16462,2011-03-01,1,90,90
16462,2011-06-07,1,188,90
16462,2011-09-27,1,300,90
16463,2011-05-19,19,169,169
16463,2011-10-17,22,320,169
16463,2011-10-18,19,321,169
16463,2011-11-18,22,352,169
16464,2011-07-20,95,231,231
16464,2011-09-20,85,293,231
16464,2011-11-20,56,354,231
16466,2011-02-20,17,81,81
16466,2011-05-15,19,165,81
16466,2011-06-12,12,193,81
16466,2011-08-14,22,256,81
16466,2011-08-28,21,270,81
16466,2011-10-16,33,319,81
16466,2011-11-06,24,340,81
16468,2011-09-26,2,299,299
16469,2011-04-07,69,127,127
16469,2011-09-13,49,286,127
16469,2011-11-16,64,350,127
16470,2010-12-16,39,15,15
16470,2011-05-31,20,181,15
16470,2011-08-16,36,258,15
16470,2011-10-19,75,322,15
16471,2011-03-10,13,99,99
16473,2011-01-07,8,37,37
16473,2011-02-25,5,86,37
16473,2011-06-28,5,209,37
16474,2011-07-17,105,228,228
16474,2011-09-11,25,284,228
16474,2011-10-04,93,307,228
16474,2011-10-20,54,323,228
16474,2011-11-22,78,356,228
16474,2011-12-02,5,366,228
16475,2011-03-11,20,100,100
16475,2011-06-30,3,211,100
16475,2011-07-19,4,230,100
16475,2011-09-12,1,285,100
16477,2010-12-03,14,2,2
16477,2010-12-22,19,21,2
16477,2011-01-24,26,54,2
16477,2011-03-10,13,99,2
16477,2011-05-09,25,159,2
16477,2011-07-31,24,242,2
16477,2011-10-07,25,310,2
16478,2011-10-05,11,308,308
16478,2011-10-06,1,309,308
16478,2011-11-14,5,348,308
16479,2011-11-29,35,363,363
16480,2011-09-25,53,298,298
16482,2011-11-24,18,358,358
16483,2011-05-31,19,181,181
16484,2011-06-02,18,183,183
16484,2011-06-19,7,200,183
16485,2011-09-23,42,296,296
16488,2011-07-14,11,225,225
16488,2011-08-17,11,259,225
16488,2011-11-06,7,340,225
16491,2011-10-24,39,327,327
16493,2011-01-14,6,44,44
16493,2011-02-27,8,88,44
16493,2011-06-19,20,200,44
16493,2011-09-21,22,294,44
16494,2011-02-16,50,77,77
16495,2011-03-08,33,97,97
16495,2011-12-06,64,370,97
16496,2011-01-27,41,57,57
16496,2011-05-16,30,166,57
16496,2011-12-01,24,365,57
16497,2011-01-10,15,40,40
16497,2011-01-25,12,55,40
16497,2011-03-16,7,105,40
16497,2011-05-20,53,170,40
16497,2011-10-21,49,324,40
16498,2011-06-30,14,211,211
16498,2011-07-01,1,212,211
16499,2010-12-10,10,9,9
16499,2010-12-14,9,13,9
16500,2011-01-13,1,43,43
16500,2011-11-03,3,337,43
16500,2011-11-18,3,352,43
16500,2011-11-23,2,357,43
16500,2011-12-05,2,369,43
16503,2010-12-14,30,13,13
16503,2011-01-13,21,43,13
16503,2011-05-09,16,159,13
16503,2011-08-25,17,267,13
16504,2011-11-14,86,348,348
16505,2011-11-08,4,342,342
16506,2011-10-30,2,333,333
16506,2011-11-20,1,354,333
16509,2011-02-16,13,77,77
16510,2010-12-02,13,1,1
16511,2011-03-18,62,107,107
16511,2011-07-18,41,229,107
16511,2011-11-18,66,352,107
16513,2011-10-27,2,330,330
16513,2011-11-20,30,354,330
16513,2011-12-01,1,365,330
16513,2011-12-05,2,369,330
16515,2011-02-01,31,62,62
16515,2011-04-07,22,127,62
16515,2011-07-12,18,223,62
16515,2011-09-09,25,282,62
16515,2011-10-18,17,321,62
16516,2011-11-09,6,343,343
16517,2011-03-07,17,96,96
16518,2011-02-28,11,89,89
16518,2011-10-09,29,312,89
16519,2010-12-09,5,8,8
16519,2011-11-14,8,348,8
16520,2010-12-09,60,8,8
16520,2011-04-14,54,134,8
16520,2011-06-06,42,187,8
16523,2011-01-28,26,58,58
16523,2011-03-17,12,106,58
16523,2011-03-28,14,117,58
16523,2011-04-15,20,135,58
16523,2011-05-08,10,158,58
16523,2011-05-24,24,174,58
16523,2011-06-15,12,196,58
16523,2011-07-08,7,219,58
16523,2011-07-21,11,232,58
16523,2011-08-16,17,258,58
16523,2011-09-05,14,278,58
16523,2011-09-11,32,284,58
16523,2011-09-21,28,294,58
16523,2011-10-13,8,316,58
16523,2011-11-07,8,341,58
16523,2011-11-24,22,358,58
16523,2011-12-06,1,370,58
16523,2011-12-08,24,372,58
16525,2010-12-08,9,7,7
16525,2010-12-16,5,15,7
16525,2011-01-12,6,42,7
16525,2011-02-04,7,65,7
16525,2011-02-06,12,67,7
16525,2011-02-17,4,78,7
16525,2011-03-01,4,90,7
16525,2011-03-09,7,98,7
16525,2011-03-24,9,113,7
16525,2011-04-11,6,131,7
16525,2011-05-06,8,156,7
16525,2011-05-10,11,160,7
16525,2011-05-19,7,169,7
16525,2011-05-27,5,177,7
16525,2011-06-03,4,184,7
16525,2011-06-08,8,189,7
16525,2011-06-29,7,210,7
16525,2011-07-05,6,216,7
16525,2011-07-24,8,235,7
16525,2011-08-14,6,256,7
16525,2011-09-01,7,274,7
16525,2011-09-18,9,291,7
16525,2011-09-21,5,294,7
16525,2011-11-02,12,336,7
16525,2011-11-23,5,357,7
16525,2011-12-07,6,371,7
16526,2011-06-21,15,202,202
16527,2011-09-19,14,292,292
16528,2011-12-06,17,370,370
16529,2011-06-02,30,183,183
16531,2010-12-14,6,13,13
16531,2011-01-25,8,55,13
16531,2011-02-18,17,79,13
16531,2011-08-04,14,246,13
16531,2011-09-26,12,299,13
16531,2011-11-02,13,336,13
16531,2011-11-17,7,351,13
16532,2011-01-05,1,35,35
16532,2011-07-27,2,238,35
16532,2011-11-22,1,356,35
16533,2011-10-02,65,305,305
16533,2011-10-16,79,319,305
16533,2011-11-20,33,354,305
16535,2011-12-04,31,368,368
16536,2011-08-21,55,263,263
16539,2010-12-01,21,0,0
16539,2010-12-16,9,15,0
16539,2011-05-04,8,154,0
16539,2011-12-07,7,371,0
16542,2011-10-17,5,320,320
16545,2011-06-28,3,209,209
16546,2010-12-02,6,1,1
16546,2011-02-22,19,83,1
16549,2011-01-09,33,39,39
16549,2011-08-07,110,249,39
16549,2011-09-11,73,284,39
16549,2011-10-10,83,313,39
16549,2011-10-25,130,328,39
16549,2011-11-08,82,342,39
16549,2011-11-21,150,355,39
16549,2011-11-29,320,363,39
16550,2010-12-06,48,5,5
16550,2011-04-18,63,138,5
16550,2011-06-07,47,188,5
16550,2011-06-28,42,209,5
16550,2011-08-23,51,265,5
16551,2011-01-07,11,37,37
16551,2011-08-01,11,243,37
16551,2011-09-05,10,278,37
16552,2010-12-01,5,0,0
16552,2011-04-11,12,131,0
16553,2010-12-14,17,13,13
16553,2011-02-08,7,69,13
16553,2011-03-10,20,99,13
16553,2011-04-21,22,141,13
16553,2011-05-18,11,168,13
16553,2011-06-29,7,210,13
16554,2011-01-12,1,42,42
16554,2011-05-01,20,151,42
16554,2011-10-28,31,331,42
16555,2011-08-22,9,264,264
16555,2011-11-04,8,338,264
16556,2010-12-14,16,13,13
16556,2011-02-17,43,78,13
16556,2011-04-08,18,128,13
16556,2011-05-22,26,172,13
16556,2011-06-30,29,211,13
16556,2011-08-26,28,268,13
16556,2011-10-04,47,307,13
16557,2011-07-25,6,236,236
16557,2011-11-15,5,349,236
16558,2010-12-08,27,7,7
16558,2010-12-17,15,16,7
16558,2011-01-24,19,54,7
16558,2011-02-10,18,71,7
16558,2011-03-11,22,100,7
16558,2011-03-21,16,110,7
16558,2011-03-30,12,119,7
16558,2011-04-08,14,128,7
16558,2011-04-20,24,140,7
16558,2011-05-31,41,181,7
16558,2011-06-16,19,197,7
16558,2011-07-24,30,235,7
16558,2011-08-10,11,252,7
16558,2011-09-08,23,281,7
16558,2011-09-22,26,295,7
16558,2011-10-07,15,310,7
16558,2011-10-21,44,324,7
16558,2011-11-02,17,336,7
16558,2011-11-17,35,351,7
16558,2011-12-09,32,373,7
16560,2010-12-16,21,15,15
16560,2011-11-13,36,347,15
16561,2011-10-11,16,314,314
16561,2011-12-04,15,368,314
16563,2011-10-17,19,320,320
16565,2010-12-10,3,9,9
16566,2011-02-20,2,81,81
16566,2011-05-31,4,181,81
16566,2011-06-22,3,203,81
16566,2011-10-14,2,317,81
16566,2011-11-24,7,358,81
16567,2011-01-07,26,37,37
16567,2011-05-29,9,179,37
16569,2011-12-06,5,370,370
16570,2011-02-01,15,62,62
16570,2011-03-14,16,103,62
16570,2011-05-18,23,168,62
16570,2011-06-27,14,208,62
16570,2011-06-30,1,211,62
16570,2011-08-04,9,246,62
16570,2011-10-13,28,316,62
16570,2011-11-07,9,341,62
16570,2011-11-24,11,358,62
16571,2011-03-03,29,92,92
16571,2011-06-16,30,197,92
16571,2011-11-13,28,347,92
16572,2011-03-09,21,98,98
16572,2011-07-11,17,222,98
16572,2011-08-04,19,246,98
16573,2011-02-22,16,83,83
16573,2011-09-16,26,289,83
16574,2011-09-29,28,302,302
16581,2011-06-10,9,191,191
16582,2011-08-18,6,260,260
16583,2010-12-01,14,0,0
16584,2011-03-30,14,119,119
16584,2011-09-20,14,293,119
16586,2011-04-05,8,125,125
16587,2011-04-21,13,141,141
16589,2011-07-01,9,212,212
16589,2011-08-25,6,267,212
16589,2011-09-29,18,302,212
16591,2011-10-02,10,305,305
16592,2011-02-25,29,86,86
16592,2011-04-01,19,121,86
16592,2011-05-22,19,172,86
16592,2011-06-09,16,190,86
16592,2011-07-26,45,237,86
16592,2011-10-20,14,323,86
16592,2011-11-09,13,343,86
16592,2011-11-27,23,361,86
16592,2011-12-05,38,369,86
16593,2011-01-16,1,46,46
16593,2011-06-03,20,184,46
16593,2011-10-20,6,323,46
16594,2011-09-25,53,298,298
16595,2011-10-09,85,312,312
16596,2010-12-08,6,7,7
16596,2011-11-24,6,358,7
16597,2011-12-05,7,369,369
16598,2011-02-27,10,88,88
16600,2011-01-05,9,35,35
16600,2011-03-31,9,120,35
16600,2011-09-26,10,299,35
16600,2011-11-15,8,349,35
16600,2011-11-23,8,357,35
16600,2011-12-05,18,369,35
16601,2011-10-30,31,333,333
16602,2011-11-03,29,337,337
16603,2011-09-09,23,282,282
16603,2011-09-26,11,299,282
16607,2010-12-16,7,15,15
16607,2010-12-17,1,16,15
16607,2011-02-09,14,70,15
16607,2011-02-28,13,89,15
16607,2011-03-29,11,118,15
16607,2011-04-13,12,133,15
16607,2011-05-16,14,166,15
16607,2011-07-21,27,232,15
16607,2011-08-02,11,244,15
16607,2011-08-03,1,245,15
16607,2011-09-27,20,300,15
16607,2011-10-12,10,315,15
16607,2011-11-02,19,336,15
16607,2011-11-22,12,356,15
16609,2011-04-01,35,121,121
16609,2011-05-03,33,153,121
16609,2011-05-26,42,176,121
16609,2011-07-12,21,223,121
16609,2011-07-27,23,238,121
16609,2011-09-13,67,286,121
16609,2011-11-24,55,358,121
16610,2011-05-04,6,154,154
16611,2011-06-06,10,187,187
16612,2011-02-01,18,62,62
16612,2011-06-06,24,187,62
16612,2011-08-12,9,254,62
16612,2011-11-07,15,341,62
16613,2011-09-30,30,303,303
16614,2011-06-10,26,191,191
16616,2011-07-05,11,216,216
16616,2011-11-24,22,358,216
16617,2011-04-18,5,138,138
16618,2011-01-21,35,51,51
16618,2011-03-25,9,114,51
16618,2011-05-13,10,163,51
16618,2011-11-08,42,342,51
16619,2011-03-21,14,110,110
16620,2011-03-24,5,113,113
16620,2011-12-06,4,370,113
16621,2011-03-07,5,96,96
16621,2011-05-08,12,158,96
16621,2011-07-15,5,226,96
16621,2011-10-19,7,322,96
16623,2011-04-08,5,128,128
16624,2011-05-26,21,176,176
16624,2011-09-20,27,293,176
16625,2011-03-10,23,99,99
16626,2011-03-18,47,107,107
16626,2011-06-08,26,189,107
16626,2011-06-22,9,203,107
16626,2011-06-24,1,205,107
16626,2011-07-19,7,230,107
16626,2011-08-04,8,246,107
16626,2011-08-18,4,260,107
16626,2011-09-21,14,294,107
16626,2011-09-27,8,300,107
16626,2011-10-02,3,305,107
16626,2011-10-27,2,330,107
16626,2011-10-30,17,333,107
16626,2011-11-08,6,342,107
16626,2011-11-16,5,350,107
16626,2011-11-17,6,351,107
16626,2011-12-02,4,366,107
16626,2011-12-09,12,373,107
16627,2011-09-21,20,294,294
16628,2011-04-19,21,139,139
16628,2011-05-05,17,155,139
16628,2011-07-27,26,238,139
16628,2011-08-25,23,267,139
16628,2011-11-10,30,344,139
16629,2011-09-04,50,277,277
16629,2011-09-27,14,300,277
16633,2011-04-19,26,139,139
16633,2011-06-12,15,193,139
16633,2011-08-17,21,259,139
16633,2011-09-22,17,295,139
16633,2011-10-31,33,334,139
16633,2011-11-22,40,356,139
16634,2010-12-02,8,1,1
16634,2011-05-01,1,151,1
16637,2011-04-28,16,148,148
16637,2011-08-08,16,250,148
16637,2011-10-10,20,313,148
16637,2011-11-07,17,341,148
16638,2010-12-06,2,5,5
16638,2010-12-15,1,14,5
16638,2011-01-14,9,44,5
16638,2011-02-22,32,83,5
16638,2011-03-07,6,96,5
16638,2011-03-27,11,116,5
16638,2011-08-19,10,261,5
16638,2011-08-25,8,267,5
16638,2011-09-01,8,274,5
16638,2011-11-17,7,351,5
16639,2011-04-18,14,138,138
16639,2011-05-17,6,167,138
16639,2011-11-08,30,342,138
16641,2011-08-26,12,268,268
16642,2011-05-16,15,166,166
16642,2011-12-05,19,369,166
16643,2011-04-08,27,128,128
16644,2011-05-11,54,161,161
16644,2011-06-15,8,196,161
16647,2011-05-19,9,169,169
16647,2011-06-23,5,204,169
16648,2011-10-28,19,331,331
16650,2011-09-29,24,302,302
16652,2011-03-11,22,100,100
16652,2011-04-13,1,133,100
16652,2011-05-11,23,161,100
16652,2011-08-22,34,264,100
16652,2011-10-12,38,315,100
16653,2011-09-29,67,302,302
16653,2011-11-23,2,357,302
16654,2010-12-06,9,5,5
16654,2011-04-18,14,138,5
16654,2011-06-05,1,186,5
16654,2011-07-21,5,232,5
16655,2011-01-12,39,42,42
16655,2011-06-07,19,188,42
16655,2011-07-31,81,242,42
16655,2011-09-25,89,298,42
16655,2011-11-09,22,343,42
16655,2011-11-22,11,356,42
16656,2010-12-10,4,9,9
16656,2011-01-04,4,34,9
16656,2011-02-21,7,82,9
16656,2011-03-18,3,107,9
16656,2011-04-26,5,146,9
16656,2011-05-31,8,181,9
16656,2011-07-12,7,223,9
16656,2011-07-19,5,230,9
16656,2011-08-09,1,251,9
16656,2011-08-11,7,253,9
16656,2011-09-05,6,278,9
16656,2011-09-21,5,294,9
16656,2011-10-28,6,331,9
16656,2011-11-09,2,343,9
16656,2011-11-17,3,351,9
16657,2011-03-30,76,119,119
16657,2011-07-14,60,225,119
16657,2011-11-16,42,350,119
16657,2011-11-30,30,364,119
16658,2010-12-06,8,5,5
16659,2011-06-03,2,184,184
16660,2011-01-24,4,54,54
16660,2011-05-13,1,163,54
16660,2011-11-23,11,357,54
16665,2010-12-12,9,11,11
16666,2011-11-20,32,354,354
16667,2011-02-28,21,89,89
16667,2011-10-02,32,305,89
16668,2011-02-28,3,89,89
16668,2011-05-09,5,159,89
16668,2011-06-10,3,191,89
16668,2011-07-24,1,235,89
16668,2011-08-15,5,257,89
16668,2011-11-24,3,358,89
16669,2011-09-22,78,295,295
16669,2011-11-16,82,350,295
16670,2010-12-16,29,15,15
16670,2011-01-11,21,41,15
16670,2011-01-17,1,47,15
16670,2011-03-02,40,91,15
16670,2011-04-06,34,126,15
16670,2011-06-20,35,201,15
16670,2011-08-25,44,267,15
16670,2011-10-13,21,316,15
16670,2011-11-09,26,343,15
16670,2011-11-23,1,357,15
16671,2011-06-28,3,209,209
16671,2011-11-04,2,338,209
16671,2011-11-11,1,345,209
16672,2011-03-18,21,107,107
16672,2011-04-06,8,126,107
16672,2011-04-12,4,132,107
16672,2011-04-20,1,140,107
16672,2011-04-28,8,148,107
16672,2011-05-09,14,159,107
16672,2011-05-19,4,169,107
16672,2011-06-02,4,183,107
16672,2011-06-08,2,189,107
16672,2011-06-16,7,197,107
16672,2011-06-28,3,209,107
16672,2011-07-28,5,239,107
16672,2011-08-04,5,246,107
16672,2011-08-19,4,261,107
16672,2011-09-01,10,274,107
16672,2011-09-28,4,301,107
16672,2011-11-04,7,338,107
16672,2011-12-07,3,371,107
16674,2011-09-02,35,275,275
16674,2011-10-16,63,319,275
16676,2011-01-06,29,36,36
16676,2011-04-20,19,140,36
16676,2011-05-10,16,160,36
16676,2011-11-06,25,340,36
16678,2011-03-02,18,91,91
16678,2011-04-03,17,123,91
16678,2011-04-13,10,133,91
16678,2011-05-04,13,154,91
16678,2011-05-26,11,176,91
16678,2011-07-17,19,228,91
16678,2011-08-12,16,254,91
16678,2011-09-02,10,275,91
16678,2011-11-03,18,337,91
16678,2011-11-28,1,362,91
16678,2011-11-29,16,363,91
16678,2011-12-07,14,371,91
16679,2010-12-08,3,7,7
16680,2011-10-27,10,330,330
16681,2011-03-31,12,120,120
16681,2011-04-26,8,146,120
16681,2011-05-18,5,168,120
16681,2011-07-18,9,229,120
16681,2011-09-23,9,296,120
16681,2011-09-28,1,301,120
16682,2011-06-05,11,186,186
16682,2011-07-04,4,215,186
16682,2011-09-08,5,281,186
16682,2011-10-13,4,316,186
16682,2011-12-05,6,369,186
16684,2010-12-16,9,15,15
16684,2010-12-19,12,18,15
16684,2010-12-20,2,19,15
16684,2011-02-03,34,64,15
16684,2011-02-16,1,77,15
16684,2011-03-18,17,107,15
16684,2011-04-13,23,133,15
16684,2011-05-18,33,168,15
16684,2011-07-24,36,235,15
16684,2011-07-29,1,240,15
16684,2011-10-05,48,308,15
16684,2011-10-19,7,322,15
16684,2011-11-03,21,337,15
16684,2011-11-04,1,338,15
16684,2011-11-28,3,362,15
16684,2011-12-05,29,369,15
16685,2011-10-09,62,312,312
16686,2010-12-19,86,18,18
16686,2011-02-07,103,68,18
16686,2011-04-15,9,135,18
16686,2011-05-29,76,179,18
16686,2011-08-28,127,270,18
16686,2011-09-02,55,275,18
16686,2011-10-23,129,326,18
16688,2011-10-10,11,313,313
16688,2011-10-27,33,330,313
16688,2011-11-29,12,363,313
16688,2011-12-08,6,372,313
16689,2011-09-18,10,291,291
16689,2011-09-25,3,298,291
16690,2011-05-22,5,172,172
16690,2011-09-28,7,301,172
16692,2011-02-23,1,84,84
16692,2011-03-28,2,117,84
16693,2011-03-13,22,102,102
16693,2011-10-02,38,305,102
16696,2011-04-05,2,125,125
16696,2011-05-10,6,160,125
16696,2011-05-20,1,170,125
16696,2011-07-27,1,238,125
16697,2011-04-12,21,132,132
16698,2011-03-31,4,120,120
16698,2011-04-27,1,147,120
16700,2010-12-08,14,7,7
16700,2011-01-27,38,57,7
16700,2011-02-15,27,76,7
16700,2011-03-24,30,113,7
16700,2011-04-18,27,138,7
16700,2011-05-05,25,155,7
16700,2011-05-22,24,172,7
16700,2011-06-13,20,194,7
16700,2011-07-12,30,223,7
16700,2011-08-10,20,252,7
16700,2011-09-20,18,293,7
16700,2011-11-10,21,344,7
16700,2011-12-01,14,365,7
16701,2010-12-13,11,12,12
16701,2011-01-12,9,42,12
16701,2011-02-14,5,75,12
16701,2011-03-27,10,116,12
16701,2011-05-18,11,168,12
16701,2011-06-03,8,184,12
16701,2011-06-19,15,200,12
16701,2011-07-11,30,222,12
16701,2011-08-02,11,244,12
16701,2011-10-17,17,320,12
16701,2011-10-26,1,329,12
16701,2011-12-01,16,365,12
16705,2010-12-16,15,15,15
16705,2011-02-01,43,62,15
16705,2011-04-12,24,132,15
16705,2011-05-16,24,166,15
16705,2011-07-18,33,229,15
16705,2011-09-02,31,275,15
16705,2011-09-25,14,298,15
16705,2011-09-26,3,299,15
16705,2011-10-20,10,323,15
16705,2011-10-31,39,334,15
16705,2011-11-28,30,362,15
16705,2011-12-09,4,373,15
16706,2011-08-17,70,259,259
16706,2011-09-02,34,275,259
16706,2011-11-02,19,336,259
16708,2011-10-25,27,328,328
16709,2011-03-03,31,92,92
16709,2011-04-08,4,128,92
16709,2011-05-24,15,174,92
16709,2011-09-16,29,289,92
16710,2010-12-06,58,5,5
16710,2010-12-14,17,13,5
16710,2011-03-08,24,97,5
16710,2011-03-20,63,109,5
16710,2011-05-10,35,160,5
16710,2011-05-16,70,166,5
16710,2011-07-24,40,235,5
16710,2011-09-26,37,299,5
16710,2011-11-20,58,354,5
16711,2010-12-17,1,16,16
16711,2011-02-10,2,71,16
16711,2011-07-22,7,233,16
16711,2011-11-13,7,347,16
16711,2011-12-06,5,370,16
16712,2011-03-08,54,97,97
16712,2011-03-29,52,118,97
16712,2011-05-11,76,161,97
16712,2011-06-14,37,195,97
16712,2011-08-02,14,244,97
16712,2011-08-23,9,265,97
16712,2011-09-05,55,278,97
16712,2011-11-21,149,355,97
16712,2011-11-30,1,364,97
16713,2010-12-08,60,7,7
16713,2010-12-20,43,19,7
16713,2011-02-08,20,69,7
16713,2011-02-18,14,79,7
16713,2011-03-23,11,112,7
16713,2011-04-06,46,126,7
16713,2011-04-12,20,132,7
16713,2011-04-18,8,138,7
16713,2011-06-20,95,201,7
16713,2011-07-19,32,230,7
16713,2011-08-16,50,258,7
16713,2011-09-27,101,300,7
16713,2011-10-04,18,307,7
16713,2011-11-16,27,350,7
16713,2011-11-21,79,355,7
16714,2011-01-26,92,56,56
16714,2011-05-05,1,155,56
16715,2011-09-22,19,295,295
16716,2011-02-01,1,62,62
16716,2011-03-18,1,107,62
16717,2010-12-08,15,7,7
16717,2011-06-20,18,201,7
16717,2011-06-30,31,211,7
16717,2011-09-05,26,278,7
16717,2011-11-07,17,341,7
16717,2011-11-16,92,350,7
16718,2010-12-05,45,4,4
16719,2010-12-06,44,5,5
16719,2011-01-05,16,35,5
16719,2011-02-24,19,85,5
16719,2011-04-18,28,138,5
16719,2011-07-14,32,225,5
16719,2011-09-26,22,299,5
16719,2011-11-25,40,359,5
16720,2011-11-13,27,347,347
16721,2011-03-22,37,111,111
16722,2010-12-06,16,5,5
16722,2010-12-08,25,7,5
16722,2011-02-24,15,85,5
16722,2011-04-26,17,146,5
16722,2011-05-23,12,173,5
16722,2011-06-09,19,190,5
16722,2011-07-06,17,217,5
16722,2011-07-22,14,233,5
16722,2011-08-25,12,267,5
16722,2011-09-01,21,274,5
16722,2011-10-05,25,308,5
16722,2011-10-19,17,322,5
16722,2011-11-22,15,356,5
16723,2011-08-24,42,266,266
16723,2011-09-09,1,282,266
16725,2010-12-03,25,2,2
16725,2010-12-15,50,14,2
16725,2011-01-04,17,34,2
16725,2011-01-27,17,57,2
16725,2011-02-04,23,65,2
16725,2011-02-10,19,71,2
16726,2010-12-13,20,12,12
16726,2011-02-18,72,79,12
16726,2011-05-27,10,177,12
16726,2011-11-13,83,347,12
16727,2010-12-10,46,9,9
16728,2011-03-20,65,109,109
16728,2011-04-17,29,137,109
16728,2011-06-26,49,207,109
16728,2011-10-24,126,327,109
16729,2011-04-12,31,132,132
16729,2011-04-18,31,138,132
16729,2011-04-26,45,146,132
16729,2011-05-06,20,156,132
16729,2011-05-09,38,159,132
16729,2011-05-16,34,166,132
16729,2011-05-23,24,173,132
16729,2011-06-02,31,183,132
16729,2011-06-10,21,191,132
16729,2011-06-16,14,197,132
16729,2011-07-05,35,216,132
16729,2011-07-20,28,231,132
16729,2011-07-29,28,240,132
16729,2011-08-17,33,259,132
16729,2011-09-01,28,274,132
16729,2011-09-15,39,288,132
16729,2011-09-30,49,303,132
16729,2011-10-17,53,320,132
16729,2011-11-01,78,335,132
16730,2011-01-24,14,54,54
16730,2011-04-19,23,139,54
16730,2011-10-18,45,321,54
16732,2011-11-08,28,342,342
16734,2011-08-17,33,259,259
16734,2011-10-18,20,321,259
16735,2011-01-09,47,39,39
16735,2011-04-14,21,134,39
16735,2011-09-02,40,275,39
16735,2011-09-22,17,295,39
16737,2011-10-17,1,320,320
16738,2011-02-15,1,76,76
16739,2011-06-16,13,197,197
16742,2011-10-24,1,327,327
16743,2010-12-16,30,15,15
16743,2011-03-10,27,99,15
16743,2011-05-12,27,162,15
16743,2011-07-07,55,218,15
16743,2011-08-18,28,260,15
16743,2011-11-10,24,344,15
16744,2011-06-19,29,200,200
16744,2011-07-17,28,228,200
16744,2011-09-04,40,277,200
16744,2011-09-25,31,298,200
16744,2011-10-23,50,326,200
16744,2011-11-06,28,340,200
16744,2011-11-28,36,362,200
16745,2011-02-01,47,62,62
16745,2011-02-06,11,67,62
16745,2011-02-17,28,78,62
16745,2011-02-27,22,88,62
16745,2011-03-10,28,99,62
16745,2011-03-24,22,113,62
16745,2011-04-07,17,127,62
16745,2011-05-03,24,153,62
16745,2011-05-12,22,162,62
16745,2011-06-09,25,190,62
16745,2011-06-14,14,195,62
16745,2011-06-30,14,211,62
16745,2011-07-19,25,230,62
16745,2011-08-01,13,243,62
16745,2011-08-12,4,254,62
16745,2011-09-02,18,275,62
16745,2011-09-14,23,287,62
16746,2010-12-16,11,15,15
16746,2011-01-16,36,46,15
16746,2011-02-20,59,81,15
16746,2011-03-17,22,106,15
16746,2011-04-18,37,138,15
16746,2011-05-03,29,153,15
16746,2011-05-29,18,179,15
16746,2011-07-01,53,212,15
16746,2011-07-18,17,229,15
16746,2011-08-12,23,254,15
16746,2011-08-31,16,273,15
16746,2011-09-15,23,288,15
16746,2011-09-25,30,298,15
16746,2011-11-03,16,337,15
16746,2011-11-15,12,349,15
16746,2011-11-28,11,362,15
16746,2011-12-05,36,369,15
16747,2011-10-03,27,306,306
16747,2011-11-02,15,336,306
16748,2011-01-09,15,39,39
16748,2011-02-03,4,64,39
16748,2011-05-06,15,156,39
16748,2011-11-02,16,336,39
16748,2011-11-22,19,356,39
16750,2011-04-21,10,141,141
16750,2011-07-26,32,237,141
16750,2011-08-10,5,252,141
16750,2011-09-27,17,300,141
16750,2011-10-26,31,329,141
16751,2011-11-09,25,343,343
16752,2010-12-02,9,1,1
16753,2011-10-12,34,315,315
16754,2010-12-02,2,1,1
16755,2011-01-28,16,58,58
16755,2011-04-27,67,147,58
16755,2011-08-17,87,259,58
16756,2011-05-09,13,159,159
16757,2011-01-25,7,55,55
16758,2011-10-05,22,308,308
16759,2011-11-09,23,343,343
16759,2011-12-02,19,366,343
16761,2011-09-04,13,277,277
16762,2011-07-18,13,229,229
16762,2011-10-25,21,328,229
16762,2011-11-20,55,354,229
16763,2011-05-25,23,175,175
16764,2011-07-19,72,230,230
16764,2011-07-31,39,242,230
16764,2011-08-05,34,247,230
16764,2011-09-01,51,274,230
16764,2011-09-15,32,288,230
16764,2011-09-28,48,301,230
16764,2011-10-07,61,310,230
16764,2011-10-28,62,331,230
16764,2011-11-08,73,342,230
16764,2011-11-18,64,352,230
16764,2011-11-25,68,359,230
16764,2011-11-30,57,364,230
16764,2011-12-06,45,370,230
16765,2011-02-18,1,79,79
16766,2011-03-11,34,100,100
16767,2011-01-27,50,57,57
16767,2011-03-24,12,113,57
16767,2011-05-04,31,154,57
16767,2011-06-10,16,191,57
16767,2011-07-27,29,238,57
16767,2011-08-18,34,260,57
16767,2011-09-07,16,280,57
16767,2011-11-09,34,343,57
16768,2011-03-13,23,102,102
16768,2011-08-28,20,270,102
16768,2011-10-23,11,326,102
16769,2011-03-24,40,113,113
16770,2010-12-02,6,1,1
16770,2010-12-16,6,15,1
16770,2011-01-30,54,60,1
16770,2011-04-17,38,137,1
16770,2011-10-13,41,316,1
16771,2011-01-05,34,35,35
16771,2011-02-02,71,63,35
16771,2011-03-09,71,98,35
16771,2011-09-25,64,298,35
16771,2011-11-06,15,340,35
16773,2011-10-13,26,316,316
16774,2011-06-14,13,195,195
16774,2011-07-20,12,231,195
16774,2011-08-15,7,257,195
16774,2011-10-03,16,306,195
16775,2010-12-07,18,6,6
16775,2011-01-13,12,43,6
16775,2011-02-21,10,82,6
16775,2011-05-18,12,168,6
16775,2011-06-29,9,210,6
16775,2011-07-01,7,212,6
16775,2011-07-29,20,240,6
16775,2011-08-09,14,251,6
16775,2011-09-28,19,301,6
16775,2011-10-13,27,316,6
16775,2011-11-29,10,363,6
16776,2011-10-10,76,313,313
16777,2011-03-27,39,116,116
16777,2011-09-20,11,293,116
16778,2011-03-10,5,99,99
16778,2011-09-26,11,299,99
16779,2010-12-08,9,7,7
16779,2010-12-12,27,11,7
16779,2011-01-07,16,37,7
16779,2011-01-12,7,42,7
16779,2011-01-31,13,61,7
16779,2011-02-08,10,69,7
16779,2011-03-08,14,97,7
16779,2011-03-18,16,107,7
16779,2011-04-10,15,130,7
16779,2011-05-04,20,154,7
16779,2011-06-09,19,190,7
16779,2011-06-17,12,198,7
16779,2011-06-29,14,210,7
16779,2011-07-13,19,224,7
16779,2011-08-25,22,267,7
16779,2011-09-29,21,302,7
16779,2011-11-07,17,341,7
16779,2011-11-14,16,348,7
16779,2011-11-20,17,354,7
16779,2011-11-25,7,359,7
16779,2011-12-07,22,371,7
16780,2011-03-25,15,114,114
16780,2011-08-31,45,273,114
16781,2010-12-02,17,1,1
16782,2010-12-09,50,8,8
16782,2010-12-15,45,14,8
16782,2011-01-27,21,57,8
16782,2011-03-07,5,96,8
16782,2011-03-15,6,104,8
16782,2011-04-28,7,148,8
16782,2011-05-19,8,169,8
16782,2011-07-05,9,216,8
16782,2011-07-24,7,235,8
16782,2011-09-23,10,296,8
16782,2011-11-04,9,338,8
16782,2011-11-22,11,356,8
16782,2011-11-29,2,363,8
16784,2011-11-20,3,354,354
16788,2011-03-30,68,119,119
16788,2011-08-08,87,250,119
16789,2011-12-01,5,365,365
16790,2011-11-02,40,336,336
16790,2011-11-06,15,340,336
16790,2011-11-07,10,341,336
16790,2011-11-11,12,345,336
16790,2011-11-23,5,357,336
16790,2011-12-06,11,370,336
16791,2011-01-11,53,41,41
16791,2011-03-21,31,110,41
16791,2011-05-10,29,160,41
16791,2011-08-09,37,251,41
16791,2011-10-10,83,313,41
16791,2011-11-10,87,344,41
16792,2011-03-02,12,91,91
16793,2011-10-13,16,316,316
16794,2011-06-12,57,193,193
16794,2011-06-13,2,194,193
16794,2011-07-14,51,225,193
16794,2011-08-23,43,265,193
16794,2011-09-11,31,284,193
16794,2011-10-23,34,326,193
16794,2011-11-13,14,347,193
16794,2011-11-29,23,363,193
16794,2011-12-08,30,372,193
16795,2010-12-09,66,8,8
16796,2011-09-11,18,284,284
16800,2011-11-28,164,362,362
16801,2011-03-11,45,100,100
16801,2011-05-22,18,172,100
16801,2011-05-31,9,181,100
16801,2011-06-29,4,210,100
16803,2011-10-05,24,308,308
16804,2011-03-14,19,103,103
16804,2011-11-16,41,350,103
16805,2010-12-14,55,13,13
16805,2011-06-19,43,200,13
16806,2011-04-14,21,134,134
16806,2011-05-03,16,153,134
16806,2011-06-23,20,204,134
16806,2011-08-28,46,270,134
16807,2011-03-14,22,103,103
16807,2011-05-08,15,158,103
16807,2011-07-20,30,231,103
16808,2011-03-10,19,99,99
16808,2011-09-01,4,274,99
16809,2011-03-22,46,111,111
16809,2011-05-15,19,165,111
16809,2011-07-26,26,237,111
16809,2011-10-09,21,312,111
16809,2011-11-16,37,350,111
16810,2011-05-31,15,181,181
16811,2011-11-22,18,356,356
16811,2011-12-05,10,369,356
16812,2010-12-14,15,13,13
16813,2011-05-19,98,169,169
16813,2011-06-01,34,182,169
16813,2011-06-19,44,200,169
16813,2011-07-17,49,228,169
16813,2011-07-31,61,242,169
16813,2011-08-18,38,260,169
16813,2011-09-04,32,277,169
16813,2011-09-22,26,295,169
16813,2011-10-20,49,323,169
16813,2011-12-01,18,365,169
16814,2010-12-05,15,4,4
16814,2011-01-04,22,34,4
16814,2011-01-13,15,43,4
16814,2011-01-18,12,48,4
16814,2011-01-27,17,57,4
16814,2011-02-03,11,64,4
16814,2011-02-18,11,79,4
16814,2011-03-28,23,117,4
16814,2011-04-12,16,132,4
16814,2011-04-28,25,148,4
16814,2011-05-18,24,168,4
16814,2011-05-31,27,181,4
16814,2011-06-16,12,197,4
16814,2011-07-07,17,218,4
16814,2011-08-01,15,243,4
16814,2011-08-23,6,265,4
16814,2011-09-13,22,286,4
16814,2011-10-06,11,309,4
16814,2011-10-24,7,327,4
16814,2011-11-16,9,350,4
16814,2011-11-25,7,359,4
16816,2010-12-16,5,15,15
16816,2011-01-30,15,60,15
16816,2011-07-13,5,224,15
16816,2011-08-28,3,270,15
16817,2010-12-06,10,5,5
16817,2010-12-15,5,14,5
16817,2011-03-11,9,100,5
16817,2011-03-25,1,114,5
16817,2011-04-05,12,125,5
16817,2011-05-05,10,155,5
16817,2011-06-07,13,188,5
16817,2011-11-07,11,341,5
16817,2011-12-07,15,371,5
16818,2011-05-18,35,168,168
16818,2011-05-22,10,172,168
16818,2011-06-01,24,182,168
16818,2011-06-09,3,190,168
16818,2011-07-15,21,226,168
16818,2011-07-26,6,237,168
16818,2011-08-05,13,247,168
16818,2011-08-25,6,267,168
16818,2011-09-07,25,280,168
16818,2011-09-29,39,302,168
16818,2011-11-29,7,363,168
16820,2011-09-05,26,278,278
16823,2011-04-26,38,146,146
16824,2011-06-28,13,209,209
16824,2011-11-24,13,358,209
16825,2011-06-07,11,188,188
16825,2011-11-01,17,335,188
16826,2011-10-19,22,322,322
16828,2011-08-19,7,261,261
16828,2011-09-07,1,280,261
16829,2011-07-06,11,217,217
16830,2011-11-01,23,335,335
16832,2011-05-06,6,156,156
16832,2011-05-20,5,170,156
16832,2011-06-08,1,189,156
16833,2011-01-09,18,39,39
16833,2011-03-25,14,114,39
16833,2011-12-08,15,372,39
16834,2011-04-26,24,146,146
16835,2010-12-01,5,0,0
16835,2011-08-03,5,245,0
16836,2011-08-15,2,257,257
16836,2011-10-31,9,334,257
16837,2011-04-08,8,128,128
16837,2011-04-13,3,133,128
16837,2011-04-20,1,140,128
16837,2011-05-03,2,153,128
16837,2011-05-11,30,161,128
16837,2011-05-26,42,176,128
16837,2011-07-05,4,216,128
16837,2011-10-11,42,314,128
16837,2011-11-08,33,342,128
16838,2011-02-24,14,85,85
16838,2011-05-26,11,176,85
16839,2010-12-05,5,4,4
16839,2011-01-07,11,37,4
16839,2011-01-14,6,44,4
16839,2011-01-21,3,51,4
16839,2011-02-08,9,69,4
16839,2011-02-17,12,78,4
16839,2011-03-01,4,90,4
16839,2011-03-17,14,106,4
16839,2011-03-23,6,112,4
16839,2011-03-31,10,120,4
16839,2011-05-09,17,159,4
16839,2011-05-19,12,169,4
16839,2011-05-27,7,177,4
16839,2011-06-07,5,188,4
16839,2011-06-20,17,201,4
16839,2011-07-01,4,212,4
16839,2011-07-12,9,223,4
16839,2011-07-22,14,233,4
16839,2011-07-31,4,242,4
16839,2011-08-10,11,252,4
16839,2011-08-22,10,264,4
16839,2011-09-12,17,285,4
16839,2011-09-20,6,293,4
16839,2011-09-26,6,299,4
16839,2011-10-07,4,310,4
16839,2011-10-14,6,317,4
16839,2011-11-02,8,336,4
16839,2011-11-04,5,338,4
16839,2011-11-09,5,343,4
16839,2011-11-16,3,350,4
16839,2011-11-17,5,351,4
16839,2011-12-01,11,365,4
16841,2011-02-25,22,86,86
16841,2011-05-10,18,160,86
16841,2011-06-07,16,188,86
16841,2011-06-22,18,203,86
16841,2011-07-25,25,236,86
16841,2011-11-03,17,337,86
16842,2011-02-10,30,71,71
16842,2011-07-07,16,218,71
16842,2011-08-31,17,273,71
16843,2011-01-16,19,46,46
16843,2011-02-22,28,83,46
16843,2011-04-12,9,132,46
16843,2011-05-18,33,168,46
16843,2011-05-26,16,176,46
16843,2011-06-16,70,197,46
16843,2011-07-13,35,224,46
16843,2011-07-28,53,239,46
16843,2011-09-05,55,278,46
16843,2011-09-07,1,280,46
16843,2011-10-05,46,308,46
16843,2011-10-28,13,331,46
16846,2011-10-20,11,323,323
16847,2011-10-27,12,330,330
16848,2011-10-18,14,321,321
16849,2011-06-06,8,187,187
16850,2011-01-10,19,40,40
16851,2011-10-19,7,322,322
16851,2011-10-28,7,331,322
16851,2011-12-05,6,369,322
16852,2011-06-16,7,197,197
16852,2011-11-29,2,363,197
16855,2011-10-27,9,330,330
16855,2011-11-16,10,350,330
16856,2011-11-25,2,359,359
16858,2010-12-06,10,5,5
16859,2011-03-23,18,112,112
16859,2011-07-18,34,229,112
16861,2011-07-04,2,215,215
16861,2011-10-11,4,314,215
16863,2010-12-08,9,7,7
16863,2011-11-08,17,342,7
16866,2011-07-01,5,212,212
16866,2011-07-10,1,221,212
16866,2011-07-22,5,233,212
16869,2011-06-17,36,198,198
16869,2011-06-27,21,208,198
16869,2011-10-19,42,322,198
16869,2011-11-17,29,351,198
16871,2011-03-14,32,103,103
16871,2011-03-29,23,118,103
16871,2011-05-13,51,163,103
16871,2011-09-11,14,284,103
16871,2011-11-17,17,351,103
16872,2011-06-08,3,189,189
16872,2011-08-26,1,268,189
16872,2011-09-23,3,296,189
16873,2010-12-10,68,9,9
16873,2011-04-08,32,128,9
16873,2011-05-26,22,176,9
16873,2011-08-04,29,246,9
16873,2011-10-09,50,312,9
16873,2011-12-05,78,369,9
16875,2011-01-04,22,34,34
16875,2011-02-16,24,77,34
16875,2011-07-18,13,229,34
16875,2011-10-03,53,306,34
16877,2011-05-15,26,165,165
16877,2011-07-10,24,221,165
16877,2011-10-30,43,333,165
16877,2011-11-13,24,347,165
16877,2011-11-20,23,354,165
16877,2011-11-27,19,361,165
16878,2011-09-16,3,289,289
16880,2011-06-03,28,184,184
16880,2011-06-19,28,200,184
16880,2011-07-10,42,221,184
16880,2011-08-05,19,247,184
16880,2011-09-01,23,274,184
16880,2011-11-09,38,343,184
16881,2011-10-04,1,307,307
16882,2011-01-26,1,56,56
16882,2011-04-14,14,134,56
16882,2011-10-04,24,307,56
16883,2010-12-03,17,2,2
16883,2011-06-05,21,186,2
16884,2011-11-02,26,336,336
16885,2010-12-17,30,16,16
16885,2011-10-19,31,322,16
16885,2011-11-24,40,358,16
16887,2011-11-04,37,338,338
16889,2011-01-07,48,37,37
16889,2011-04-10,57,130,37
16889,2011-05-29,30,179,37
16891,2010-12-03,69,2,2
16891,2011-07-21,37,232,2
16891,2011-09-05,25,278,2
16891,2011-11-03,53,337,2
16891,2011-12-08,19,372,2
16892,2011-06-09,20,190,190
16892,2011-11-10,18,344,190
16892,2011-11-24,40,358,190
16892,2011-12-08,21,372,190
16893,2010-12-08,45,7,7
16895,2011-10-06,69,309,309
16897,2011-01-30,30,60,60
16897,2011-02-13,7,74,60
16898,2010-12-06,32,5,5
16898,2011-06-15,71,196,5
16898,2011-11-13,59,347,5
16899,2010-12-14,16,13,13
16899,2011-05-16,25,166,13
16899,2011-07-13,27,224,13
16899,2011-09-11,11,284,13
16899,2011-11-20,21,354,13
16899,2011-12-02,25,366,13
16900,2011-10-07,69,310,310
16900,2011-11-20,8,354,310
16900,2011-11-23,2,357,310
16902,2011-08-15,44,257,257
16903,2011-11-10,60,344,344
16904,2010-12-07,31,6,6
16904,2011-01-19,45,49,6
16904,2011-02-14,21,75,6
16904,2011-03-24,114,113,6
16904,2011-04-28,35,148,6
16904,2011-06-15,99,196,6
16904,2011-06-27,14,208,6
16904,2011-06-30,44,211,6
16904,2011-07-15,33,226,6
16904,2011-08-01,65,243,6
16904,2011-08-10,57,252,6
16904,2011-08-23,49,265,6
16904,2011-09-06,1,279,6
16904,2011-11-10,60,344,6
16904,2011-12-05,42,369,6
16905,2010-12-03,10,2,2
16905,2011-03-24,35,113,2
16905,2011-04-17,18,137,2
16905,2011-10-23,61,326,2
16905,2011-11-20,58,354,2
16905,2011-12-04,26,368,2
16906,2011-04-05,22,125,125
16906,2011-05-18,14,168,125
16906,2011-06-06,6,187,125
16906,2011-09-19,51,292,125
16907,2010-12-09,34,8,8
16907,2011-02-22,31,83,8
16907,2011-04-19,35,139,8
16907,2011-07-14,20,225,8
16907,2011-11-10,31,344,8
16909,2011-09-28,18,301,301
16910,2011-09-09,52,282,282
16910,2011-09-14,64,287,282
16910,2011-09-22,87,295,282
16910,2011-09-23,58,296,282
16910,2011-10-07,35,310,282
16910,2011-10-18,91,321,282
16910,2011-11-30,68,364,282
16910,2011-12-05,92,369,282
16912,2011-01-20,13,50,50
16912,2011-02-22,19,83,50
16912,2011-05-16,17,166,50
16912,2011-07-28,14,239,50
16912,2011-10-03,31,306,50
16912,2011-11-11,7,345,50
16913,2011-02-22,8,83,83
16914,2011-11-03,38,337,337
16915,2011-03-01,3,90,90
16915,2011-04-05,23,125,90
16915,2011-06-24,3,205,90
16915,2011-08-04,2,246,90
16915,2011-10-26,18,329,90
16915,2011-11-30,8,364,90
16916,2010-12-02,50,1,1
16916,2011-11-16,93,350,1
16917,2011-03-08,9,97,97
16918,2011-01-26,31,56,56
16918,2011-07-03,24,214,56
16918,2011-09-05,39,278,56
16918,2011-10-07,32,310,56
16918,2011-10-21,2,324,56
16919,2010-12-06,22,5,5
16919,2010-12-14,43,13,5
16919,2011-04-05,25,125,5
16919,2011-04-12,37,132,5
16919,2011-04-19,23,139,5
16919,2011-04-27,31,147,5
16919,2011-05-06,10,156,5
16919,2011-05-24,29,174,5
16919,2011-05-31,29,181,5
16919,2011-06-14,51,195,5
16919,2011-07-06,27,217,5
16921,2011-10-09,60,312,312
16923,2010-12-12,50,11,11
16923,2011-01-09,24,39,11
16923,2011-01-30,33,60,11
16923,2011-03-06,58,95,11
16923,2011-03-27,39,116,11
16923,2011-04-18,22,138,11
16923,2011-05-08,27,158,11
16923,2011-05-17,1,167,11
16923,2011-05-24,1,174,11
16923,2011-06-05,77,186,11
16923,2011-06-19,23,200,11
16923,2011-07-10,35,221,11
16923,2011-09-01,48,274,11
16923,2011-10-02,40,305,11
16923,2011-10-30,74,333,11
16923,2011-11-13,46,347,11
16923,2011-11-27,74,361,11
16924,2011-09-16,24,289,289
16924,2011-10-06,24,309,289
16924,2011-11-18,35,352,289
16926,2010-12-03,14,2,2
16927,2010-12-13,2,12,12
16927,2011-03-08,3,97,12
16927,2011-08-16,1,258,12
16928,2010-12-01,6,0,0
16928,2011-01-21,5,51,0
16928,2011-02-11,4,72,0
16928,2011-04-01,5,121,0
16928,2011-04-18,38,138,0
16928,2011-05-08,13,158,0
16928,2011-06-02,12,183,0
16928,2011-06-14,19,195,0
16928,2011-06-28,15,209,0
16928,2011-07-14,12,225,0
16928,2011-08-05,11,247,0
16928,2011-08-11,13,253,0
16928,2011-08-18,7,260,0
16928,2011-08-30,11,272,0
16928,2011-09-06,15,279,0
16928,2011-09-14,14,287,0
16928,2011-09-20,9,293,0
16929,2011-07-07,15,218,218
16929,2011-08-04,13,246,218
16929,2011-09-29,5,302,218
16929,2011-11-03,8,337,218
16929,2011-11-17,10,351,218
16929,2011-11-22,14,356,218
16929,2011-12-06,12,370,218
16930,2011-10-02,31,305,305
16930,2011-11-13,23,347,305
16931,2010-12-05,41,4,4
16931,2010-12-17,40,16,4
16931,2011-01-23,48,53,4
16931,2011-02-20,67,81,4
16931,2011-03-27,51,116,4
16931,2011-04-10,27,130,4
16931,2011-05-01,48,151,4
16931,2011-05-22,48,172,4
16931,2011-05-29,37,179,4
16931,2011-06-19,35,200,4
16931,2011-07-03,40,214,4
16931,2011-07-17,56,228,4
16931,2011-07-31,34,242,4
16931,2011-08-28,29,270,4
16931,2011-09-25,42,298,4
16931,2011-10-09,29,312,4
16931,2011-10-23,50,326,4
16931,2011-10-31,39,334,4
16931,2011-11-20,55,354,4
16931,2011-12-04,82,368,4
16932,2011-10-17,53,320,320
16933,2011-04-14,20,134,134
16933,2011-12-08,24,372,134
16934,2011-10-16,62,319,319
16936,2011-11-14,57,348,348
16938,2011-02-04,14,65,65
16938,2011-06-12,205,193,65
16938,2011-06-13,1,194,65
16938,2011-12-01,21,365,65
16940,2011-02-23,83,84,84
16940,2011-06-23,103,204,84
16940,2011-10-18,119,321,84
16942,2011-04-26,41,146,146
16942,2011-05-04,29,154,146
16942,2011-06-03,51,184,146
16942,2011-06-16,24,197,146
16942,2011-07-06,24,217,146
16942,2011-07-26,28,237,146
16942,2011-11-06,32,340,146
16942,2011-11-27,52,361,146
16943,2011-01-25,21,55,55
16943,2011-03-23,7,112,55
16943,2011-05-12,5,162,55
16945,2010-12-16,19,15,15
16945,2011-02-07,27,68,15
16945,2011-03-09,25,98,15
16945,2011-03-29,20,118,15
16945,2011-05-22,20,172,15
16945,2011-06-28,15,209,15
16945,2011-07-29,18,240,15
16945,2011-08-18,16,260,15
16945,2011-09-02,15,275,15
16945,2011-09-15,16,288,15
16945,2011-10-12,16,315,15
16945,2011-11-08,25,342,15
16945,2011-11-18,17,352,15
16947,2011-04-18,21,138,138
16948,2011-01-18,5,48,48
16948,2011-03-23,5,112,48
16948,2011-07-24,9,235,48
16949,2011-01-27,5,57,57
16949,2011-03-30,9,119,57
16949,2011-05-05,8,155,57
16949,2011-06-07,10,188,57
16949,2011-10-30,21,333,57
16949,2011-12-06,7,370,57
16950,2010-12-07,3,6,6
16950,2011-08-07,24,249,6
16950,2011-10-14,15,317,6
16951,2011-02-08,70,69,69
16951,2011-07-26,15,237,69
16951,2011-07-28,1,239,69
16952,2011-08-22,16,264,264
16953,2011-11-09,1,343,343
16954,2010-12-15,12,14,14
16954,2011-03-14,17,103,14
16954,2011-03-30,3,119,14
16954,2011-08-07,8,249,14
16954,2011-10-10,7,313,14
16954,2011-11-23,2,357,14
16954,2011-12-02,3,366,14
16954,2011-12-09,2,373,14
16955,2010-12-01,6,0,0
16955,2010-12-06,1,5,0
16955,2011-01-07,8,37,0
16955,2011-06-08,10,189,0
16956,2011-11-22,16,356,356
16957,2011-03-03,4,92,92
16957,2011-04-14,12,134,92
16959,2011-09-13,7,286,286
16960,2011-04-01,45,121,121
16960,2011-10-10,34,313,121
16960,2011-11-01,22,335,121
16961,2011-08-15,14,257,257
16963,2011-06-05,7,186,186
16965,2011-04-27,26,147,147
16966,2011-04-13,8,133,133
16966,2011-05-19,6,169,133
16966,2011-05-26,6,176,133
16966,2011-06-22,2,203,133
16966,2011-10-26,1,329,133
16966,2011-11-24,2,358,133
16966,2011-12-01,3,365,133
16967,2011-06-03,21,184,184
16968,2011-08-24,15,266,266
16968,2011-12-05,16,369,266
16969,2011-06-01,27,182,182
16969,2011-07-28,5,239,182
16969,2011-10-31,10,334,182
16971,2011-11-01,41,335,335
16976,2011-03-17,2,106,106
16978,2011-09-23,39,296,296
16979,2011-02-15,11,76,76
16979,2011-07-15,8,226,76
16979,2011-10-19,13,322,76
16979,2011-11-10,12,344,76
16979,2011-11-22,31,356,76
16979,2011-12-06,14,370,76
16980,2011-02-21,78,82,82
16980,2011-03-29,9,118,82
16982,2011-10-10,22,313,313
16983,2010-12-05,9,4,4
16983,2011-01-23,14,53,4
16983,2011-03-13,18,102,4
16983,2011-06-12,20,193,4
16983,2011-09-04,44,277,4
16983,2011-11-13,24,347,4
16983,2011-11-27,19,361,4
16984,2011-08-01,277,243,243
16984,2011-09-12,130,285,243
16985,2010-12-16,18,15,15
16985,2011-01-30,14,60,15
16985,2011-03-16,16,105,15
16985,2011-05-12,18,162,15
16985,2011-07-05,12,216,15
16985,2011-09-12,7,285,15
16985,2011-11-22,35,356,15
16986,2011-11-09,2,343,343
16986,2011-11-10,1,344,343
16987,2011-05-18,22,168,168
16987,2011-06-13,10,194,168
16987,2011-06-22,10,203,168
16987,2011-10-16,36,319,168
16987,2011-10-28,29,331,168
16987,2011-12-06,22,370,168
16988,2011-12-04,7,368,368
16989,2011-07-12,7,223,223
16989,2011-09-02,1,275,223
16989,2011-09-21,1,294,223
16989,2011-10-07,1,310,223
16989,2011-11-24,1,358,223
16989,2011-12-02,1,366,223
16990,2011-05-05,1,155,155
16992,2011-02-28,26,89,89
16992,2011-05-24,15,174,89
16992,2011-09-02,19,275,89
16992,2011-11-03,22,337,89
16992,2011-11-29,11,363,89
16996,2010-12-21,4,20,20
16996,2011-03-15,9,104,20
16996,2011-04-08,6,128,20
16996,2011-08-10,7,252,20
16996,2011-11-09,11,343,20
16997,2011-01-18,4,48,48
16997,2011-02-03,4,64,48
16997,2011-02-24,4,85,48
16998,2011-02-08,1,69,69
16998,2011-05-19,2,169,69
16998,2011-07-13,1,224,69
16999,2011-09-26,17,299,299
16999,2011-11-16,6,350,299
17001,2010-12-16,12,15,15
17001,2011-01-24,20,54,15
17001,2011-03-04,15,93,15
17001,2011-04-08,13,128,15
17001,2011-05-16,18,166,15
17001,2011-06-19,20,200,15
17001,2011-08-18,13,260,15
17001,2011-09-09,11,282,15
17001,2011-10-24,18,327,15
17001,2011-11-17,13,351,15
17001,2011-12-09,16,373,15
17002,2011-02-22,17,83,83
17002,2011-05-08,13,158,83
17002,2011-09-15,19,288,83
17004,2011-09-08,26,281,281
17004,2011-10-24,18,327,281
17006,2011-09-25,13,298,298
17006,2011-11-08,4,342,298
17006,2011-11-21,17,355,298
17006,2011-12-05,10,369,298
17007,2010-12-17,12,16,16
17007,2011-05-09,6,159,16
17007,2011-05-22,8,172,16
17007,2011-07-07,7,218,16
17007,2011-10-20,19,323,16
17010,2011-11-21,11,355,355
17011,2011-11-09,15,343,343
17014,2011-10-04,13,307,307
17014,2011-11-07,44,341,307
17014,2011-12-01,17,365,307
17015,2011-06-07,121,188,188
17015,2011-09-29,74,302,188
17015,2011-11-11,22,345,188
17017,2010-12-02,23,1,1
17017,2010-12-07,21,6,1
17017,2010-12-09,2,8,1
17017,2010-12-14,27,13,1
17017,2011-02-24,15,85,1
17017,2011-03-18,16,107,1
17017,2011-03-20,11,109,1
17017,2011-04-13,13,133,1
17017,2011-05-19,20,169,1
17017,2011-06-30,36,211,1
17017,2011-09-28,18,301,1
17017,2011-10-26,5,329,1
17017,2011-11-16,11,350,1
17017,2011-11-23,9,357,1
17017,2011-11-30,12,364,1
17017,2011-12-07,13,371,1
17018,2011-01-18,6,48,48
17018,2011-10-30,10,333,48
17019,2010-12-06,49,5,5
17019,2011-01-13,41,43,5
17019,2011-03-23,68,112,5
17019,2011-11-28,76,362,5
17022,2011-11-08,7,342,342
17024,2011-07-05,1,216,216
17024,2011-09-01,1,274,216
17024,2011-10-25,1,328,216
17025,2010-12-01,5,0,0
17025,2011-10-10,4,313,0
17026,2010-12-05,3,4,4
17026,2011-06-07,1,188,4
17027,2011-01-26,43,56,56
17027,2011-02-28,42,89,56
17027,2011-03-01,2,90,56
17027,2011-06-13,41,194,56
17027,2011-09-22,25,295,56
17029,2011-04-17,1,137,137
17029,2011-08-21,1,263,137
17030,2011-10-07,11,310,310
17031,2011-07-08,13,219,219
17031,2011-11-28,9,362,219
17033,2010-12-15,8,14,14
17033,2011-05-09,6,159,14
17033,2011-09-14,14,287,14
17034,2011-02-25,6,86,86
17034,2011-09-21,10,294,86
17034,2011-11-23,14,357,86
17035,2011-02-01,18,62,62
17035,2011-04-08,10,128,62
17037,2011-09-13,75,286,286
17038,2011-11-09,22,343,343
17040,2011-07-25,15,236,236
17041,2010-12-14,17,13,13
17041,2011-08-23,29,265,13
17041,2011-11-13,24,347,13
17042,2011-04-06,43,126,126
17042,2011-05-27,13,177,126
17042,2011-07-08,15,219,126
17042,2011-08-10,18,252,126
17042,2011-12-07,9,371,126
17043,2011-03-18,12,107,107
17043,2011-06-14,15,195,107
17043,2011-10-19,44,322,107
17043,2011-11-07,31,341,107
17044,2011-11-14,6,348,348
17045,2011-04-06,1,126,126
17045,2011-07-06,5,217,126
17045,2011-08-18,16,260,126
17046,2011-07-05,22,216,216
17047,2011-05-18,43,168,168
17047,2011-09-15,22,288,168
17048,2011-01-12,15,42,42
17048,2011-03-02,23,91,42
17048,2011-08-14,5,256,42
17049,2011-03-09,40,98,98
17049,2011-05-09,33,159,98
17049,2011-07-05,41,216,98
17049,2011-08-14,21,256,98
17049,2011-09-16,37,289,98
17049,2011-10-17,89,320,98
17049,2011-11-18,37,352,98
17049,2011-12-07,20,371,98
17050,2011-02-13,19,74,74
17050,2011-02-20,68,81,74
17050,2011-03-06,87,95,74
17050,2011-04-03,70,123,74
17050,2011-06-05,42,186,74
17050,2011-09-04,30,277,74
17051,2011-05-29,43,179,179
17052,2011-11-11,92,345,345
17053,2011-08-01,13,243,243
17054,2011-04-08,23,128,128
17054,2011-04-18,16,138,128
17054,2011-05-16,15,166,128
17054,2011-07-25,19,236,128
17054,2011-11-11,10,345,128
17058,2011-04-14,35,134,134
17058,2011-05-24,14,174,134
17058,2011-09-19,13,292,134
17059,2010-12-05,117,4,4
17059,2011-03-24,67,113,4
17059,2011-05-26,57,176,4
17059,2011-08-21,128,263,4
17059,2011-11-10,147,344,4
17060,2011-03-18,5,107,107
17061,2011-04-21,41,141,141
17061,2011-04-26,2,146,141
17061,2011-05-05,2,155,141
17061,2011-05-13,4,163,141
17061,2011-05-31,2,181,141
17061,2011-06-24,13,205,141
17061,2011-07-15,4,226,141
17061,2011-08-21,11,263,141
17061,2011-09-27,20,300,141
17062,2010-12-05,26,4,4
17062,2010-12-09,13,8,4
17062,2010-12-16,13,15,4
17062,2011-01-30,18,60,4
17063,2011-02-23,20,84,84
17063,2011-06-29,18,210,84
17063,2011-10-13,24,316,84
17063,2011-11-18,16,352,84
17064,2011-01-16,23,46,46
17064,2011-06-10,20,191,46
17064,2011-10-12,19,315,46
17068,2010-12-06,24,5,5
17068,2010-12-16,7,15,5
17068,2011-01-13,6,43,5
17068,2011-01-31,32,61,5
17068,2011-03-01,11,90,5
17068,2011-03-20,11,109,5
17068,2011-04-14,25,134,5
17068,2011-04-28,17,148,5
17068,2011-05-06,3,156,5
17068,2011-05-19,9,169,5
17068,2011-06-03,15,184,5
17068,2011-07-14,11,225,5
17068,2011-07-15,1,226,5
17068,2011-07-27,13,238,5
17068,2011-08-21,23,263,5
17068,2011-09-06,14,279,5
17068,2011-09-16,24,289,5
17068,2011-10-06,5,309,5
17068,2011-10-21,23,324,5
17068,2011-11-13,8,347,5
17068,2011-11-27,14,361,5
17069,2010-12-01,11,0,0
17069,2010-12-20,15,19,0
17069,2011-04-11,25,131,0
17069,2011-04-27,4,147,0
17069,2011-07-07,24,218,0
17069,2011-09-19,24,292,0
17069,2011-09-23,1,296,0
17069,2011-11-11,39,345,0
17070,2011-08-17,64,259,259
17071,2011-02-03,17,64,64
17071,2011-03-31,22,120,64
17071,2011-04-14,10,134,64
17071,2011-06-05,21,186,64
17071,2011-07-28,18,239,64
17071,2011-09-12,18,285,64
17071,2011-10-11,14,314,64
17071,2011-11-11,20,345,64
17073,2011-08-22,56,264,264
17073,2011-09-18,54,291,264
17073,2011-10-18,28,321,264
17073,2011-11-22,36,356,264
17075,2011-01-26,18,56,56
17075,2011-02-22,28,83,56
17075,2011-03-31,16,120,56
17075,2011-11-22,15,356,56
17076,2010-12-10,7,9,9
17076,2011-03-11,7,100,9
17076,2011-11-03,11,337,9
17078,2011-11-03,28,337,337
17079,2011-09-22,2,295,295
17080,2011-03-15,1,104,104
17080,2011-11-17,7,351,104
17081,2011-10-24,23,327,327
17081,2011-11-14,41,348,327
17082,2011-01-25,24,55,55
17082,2011-11-06,57,340,55
17083,2011-02-09,20,70,70
17083,2011-02-17,14,78,70
17083,2011-08-22,18,264,70
17084,2011-11-04,162,338,338
17085,2010-12-12,54,11,11
17085,2010-12-20,30,19,11
17085,2011-02-13,31,74,11
17085,2011-04-03,27,123,11
17085,2011-08-08,45,250,11
17086,2011-10-07,21,310,310
17086,2011-10-21,12,324,310
17086,2011-11-03,22,337,310
17086,2011-11-09,5,343,310
17086,2011-11-15,5,349,310
17086,2011-12-02,31,366,310
17088,2011-03-31,55,120,120
17088,2011-06-10,22,191,120
17088,2011-09-28,22,301,120
17088,2011-11-11,16,345,120
17090,2010-12-20,2,19,19
17090,2011-02-24,11,85,19
17090,2011-04-26,4,146,19
17090,2011-09-02,1,275,19
17090,2011-09-12,38,285,19
17090,2011-10-18,2,321,19
17090,2011-12-05,5,369,19
17091,2010-12-07,13,6,6
17091,2011-01-19,37,49,6
17091,2011-04-13,27,133,6
17091,2011-06-07,34,188,6
17091,2011-09-02,38,275,6
17091,2011-11-08,24,342,6
17091,2011-12-07,22,371,6
17092,2011-03-07,10,96,96
17092,2011-08-05,41,247,96
17092,2011-09-13,26,286,96
17092,2011-10-20,48,323,96
17094,2011-01-21,14,51,51
17095,2011-01-09,16,39,39
17095,2011-02-13,18,74,39
17095,2011-11-17,40,351,39
17096,2011-03-23,9,112,112
17096,2011-07-19,14,230,112
17096,2011-10-12,9,315,112
17096,2011-11-24,16,358,112
17097,2010-12-09,40,8,8
17097,2011-01-19,23,49,8
17097,2011-08-16,46,258,8
17097,2011-08-21,2,263,8
17097,2011-08-31,16,273,8
17097,2011-11-29,31,363,8
17097,2011-12-07,53,371,8
17100,2011-11-21,65,355,355
17101,2011-06-14,17,195,195
17101,2011-10-19,15,322,195
17101,2011-11-10,8,344,195
17101,2011-11-29,2,363,195
17102,2011-03-23,1,112,112
17105,2011-02-06,38,67,67
17105,2011-07-03,52,214,67
17107,2011-03-06,65,95,95
17107,2011-05-15,104,165,95
17107,2011-07-07,64,218,95
17107,2011-09-25,106,298,95
17107,2011-11-06,79,340,95
17109,2011-04-21,53,141,141
17109,2011-10-26,6,329,141
17109,2011-11-07,53,341,141
17109,2011-11-10,5,344,141
17110,2011-06-27,12,208,208
17111,2011-10-23,30,326,326
17114,2011-01-09,29,39,39
17114,2011-02-15,19,76,39
17114,2011-04-04,16,124,39
17114,2011-05-15,6,165,39
17114,2011-06-26,6,207,39
17114,2011-07-24,13,235,39
17114,2011-11-06,14,340,39
17114,2011-12-04,24,368,39
17115,2011-04-20,18,140,140
17115,2011-06-10,14,191,140
17115,2011-12-01,7,365,140
17117,2011-02-24,9,85,85
17118,2011-01-26,10,56,56
17119,2011-10-11,31,314,314
17119,2011-12-06,4,370,314
17120,2011-04-20,18,140,140
17122,2011-08-12,7,254,254
17123,2011-07-01,9,212,212
17124,2011-06-07,32,188,188
17125,2011-10-20,40,323,323
17126,2010-12-12,62,11,11
17126,2011-02-13,62,74,11
17126,2011-07-10,136,221,11
17128,2011-01-09,14,39,39
17131,2011-09-25,40,298,298
17131,2011-10-23,32,326,298
17131,2011-11-06,2,340,298
17131,2011-12-04,60,368,298
17133,2011-03-18,6,107,107
17133,2011-04-07,3,127,107
17133,2011-06-02,5,183,107
17133,2011-09-13,8,286,107
17133,2011-11-06,1,340,107
17133,2011-11-24,4,358,107
17134,2011-03-20,20,109,109
17134,2011-08-25,4,267,109
17135,2010-12-03,9,2,2
17135,2011-02-23,12,84,2
17135,2011-10-18,14,321,2
17135,2011-11-02,7,336,2
17135,2011-11-23,10,357,2
17138,2011-03-09,24,98,98
17139,2011-02-24,131,85,85
17139,2011-03-25,21,114,85
17139,2011-05-13,55,163,85
17139,2011-06-17,35,198,85
17139,2011-08-09,44,251,85
17139,2011-09-12,93,285,85
17139,2011-10-06,50,309,85
17139,2011-11-01,26,335,85
17139,2011-11-24,23,358,85
17140,2011-04-06,20,126,126
17142,2011-04-14,15,134,134
17144,2011-09-16,23,289,289
17144,2011-12-08,25,372,289
17146,2010-12-16,16,15,15
17146,2011-03-21,17,110,15
17146,2011-08-26,2,268,15
17147,2011-02-01,18,62,62
17147,2011-05-17,28,167,62
17147,2011-09-20,19,293,62
17147,2011-11-17,16,351,62
17148,2011-10-19,9,322,322
17152,2011-03-21,8,110,110
17152,2011-05-29,6,179,110
17153,2011-11-15,14,349,349
17154,2011-09-25,23,298,298
17155,2011-06-15,9,196,196
17155,2011-11-22,11,356,196
17157,2011-06-16,8,197,197
17157,2011-12-02,5,366,197
17158,2010-12-14,25,13,13
17158,2011-04-21,14,141,13
17158,2011-11-07,28,341,13
17159,2011-06-21,30,202,202
17159,2011-09-25,25,298,202
17159,2011-11-18,46,352,202
17160,2011-04-12,48,132,132
17160,2011-04-28,32,148,132
17160,2011-07-04,31,215,132
17160,2011-07-26,32,237,132
17160,2011-08-22,48,264,132
17160,2011-11-08,38,342,132
17162,2011-02-07,29,68,68
17162,2011-03-07,14,96,68
17162,2011-04-08,11,128,68
17162,2011-06-02,18,183,68
17162,2011-07-31,17,242,68
17162,2011-11-11,15,345,68
17163,2011-09-22,3,295,295
17163,2011-11-18,2,352,295
17164,2011-03-11,39,100,100
17164,2011-05-11,18,161,100
17164,2011-07-11,20,222,100
17164,2011-09-21,44,294,100
17164,2011-11-07,23,341,100
17165,2011-02-28,10,89,89
17166,2011-05-20,10,170,170
17166,2011-11-01,2,335,170
17169,2011-06-09,18,190,190
17169,2011-10-13,36,316,190
17171,2011-02-23,16,84,84
17172,2011-09-22,15,295,295
17173,2011-07-31,12,242,242
17173,2011-08-15,13,257,242
17173,2011-10-12,18,315,242
17173,2011-10-27,4,330,242
17173,2011-11-25,20,359,242
17173,2011-11-29,4,363,242
17173,2011-12-04,15,368,242
17174,2011-05-06,4,156,156
17175,2011-02-16,27,77,77
17175,2011-06-12,13,193,77
17175,2011-07-21,16,232,77
17175,2011-10-26,7,329,77
17176,2011-05-22,15,172,172
17179,2010-12-13,20,12,12
17179,2011-04-21,39,141,12
17179,2011-06-14,21,195,12
17180,2011-01-27,54,57,57
17180,2011-04-12,43,132,57
17180,2011-10-14,31,317,57
17181,2010-12-01,2,0,0
17181,2011-10-13,21,316,0
17183,2011-08-26,9,268,268
17183,2011-10-16,26,319,268
17183,2011-10-30,10,333,268
17183,2011-11-07,9,341,268
17183,2011-11-17,7,351,268
17183,2011-12-02,12,366,268
17186,2011-10-10,1,313,313
17186,2011-10-24,1,327,313
17187,2011-04-27,10,147,147
17188,2010-12-12,6,11,11
17188,2011-01-04,10,34,11
17188,2011-01-28,20,58,11
17188,2011-06-28,20,209,11
17188,2011-11-10,15,344,11
17188,2011-11-28,13,362,11
17189,2010-12-15,38,14,14
17189,2011-08-25,23,267,14
17190,2011-05-16,1,166,166
17190,2011-10-12,18,315,166
17191,2010-12-06,72,5,5
17191,2011-03-04,37,93,5
17191,2011-06-01,36,182,5
17191,2011-09-06,37,279,5
17191,2011-11-11,55,345,5
17193,2011-06-16,8,197,197
17193,2011-09-14,4,287,197
17193,2011-10-12,5,315,197
17193,2011-10-25,13,328,197
17193,2011-11-04,2,338,197
17194,2010-12-14,28,13,13
17194,2011-03-11,1,100,13
17197,2011-11-10,29,344,344
17198,2010-12-03,53,2,2
17198,2010-12-09,24,8,2
17198,2011-11-16,19,350,2
17201,2011-10-17,40,320,320
17203,2011-10-10,20,313,313
17203,2011-10-18,25,321,313
17203,2011-11-04,107,338,313
17204,2011-03-21,32,110,110
17204,2011-04-12,11,132,110
17204,2011-06-17,14,198,110
17205,2011-10-17,13,320,320
17206,2011-10-17,7,320,320
17211,2010-12-05,33,4,4
17211,2010-12-12,22,11,4
17211,2010-12-21,20,20,4
17211,2011-03-20,30,109,4
17211,2011-04-20,19,140,4
17211,2011-06-12,17,193,4
17211,2011-10-23,29,326,4
17211,2011-11-13,41,347,4
17212,2011-03-31,4,120,120
17213,2010-12-08,15,7,7
17213,2010-12-21,16,20,7
17213,2011-01-27,18,57,7
17213,2011-07-18,31,229,7
17213,2011-07-21,19,232,7
17213,2011-10-30,58,333,7
17214,2010-12-15,14,14,14
17214,2011-02-03,13,64,14
17214,2011-02-20,19,81,14
17214,2011-04-04,22,124,14
17214,2011-09-15,17,288,14
17214,2011-10-10,18,313,14
17217,2011-04-19,9,139,139
17218,2010-12-06,51,5,5
17218,2010-12-12,37,11,5
17218,2010-12-19,9,18,5
17218,2011-01-09,22,39,5
17218,2011-05-09,19,159,5
17218,2011-09-11,24,284,5
17218,2011-09-29,17,302,5
17218,2011-11-13,46,347,5
17218,2011-11-28,32,362,5
17218,2011-12-05,17,369,5
17219,2011-11-08,25,342,342
17220,2010-12-10,32,9,9
17220,2011-01-31,37,61,9
17220,2011-03-30,64,119,9
17220,2011-05-17,56,167,9
17220,2011-07-06,63,217,9
17220,2011-08-05,60,247,9
17220,2011-09-01,13,274,9
17220,2011-09-29,70,302,9
17220,2011-10-24,41,327,9
17220,2011-11-15,36,349,9
17221,2011-11-03,30,337,337
17221,2011-12-02,33,366,337
17222,2011-10-05,28,308,308
17223,2010-12-06,30,5,5
17223,2011-02-02,19,63,5
17226,2011-02-04,21,65,65
17227,2010-12-06,10,5,5
17227,2011-03-28,6,117,5
17227,2011-06-20,6,201,5
17227,2011-09-30,10,303,5
17227,2011-10-10,8,313,5
17227,2011-11-21,7,355,5
17228,2010-12-02,18,1,1
17228,2010-12-07,12,6,1
17228,2011-02-01,18,62,1
17228,2011-05-16,34,166,1
17228,2011-09-13,48,286,1
17228,2011-10-07,41,310,1
17228,2011-11-14,19,348,1
17228,2011-11-24,18,358,1
17229,2011-07-20,32,231,231
17229,2011-09-04,15,277,231
17230,2010-12-15,22,14,14
17230,2010-12-20,19,19,14
17230,2011-02-02,16,63,14
17230,2011-03-20,12,109,14
17231,2010-12-13,52,12,12
17231,2011-01-19,31,49,12
17231,2011-02-14,42,75,12
17231,2011-03-21,58,110,12
17231,2011-05-08,60,158,12
17231,2011-06-02,55,183,12
17231,2011-08-05,47,247,12
17231,2011-10-06,58,309,12
17231,2011-11-15,79,349,12
17231,2011-11-27,59,361,12
17232,2011-11-25,17,359,359
17232,2011-12-07,19,371,359
17233,2011-11-04,25,338,338
17234,2011-06-10,14,191,191
17235,2010-12-02,10,1,1
17235,2011-11-14,19,348,1
17236,2010-12-12,9,11,11
17236,2011-01-25,24,55,11
17236,2011-02-13,5,74,11
17236,2011-04-11,15,131,11
17236,2011-06-13,20,194,11
17236,2011-11-27,32,361,11
17237,2011-11-17,12,351,351
17237,2011-11-28,7,362,351
17238,2010-12-03,60,2,2
17238,2011-01-21,26,51,2
17238,2011-03-09,51,98,2
17238,2011-03-28,40,117,2
17238,2011-05-13,41,163,2
17238,2011-05-17,17,167,2
17238,2011-06-08,24,189,2
17238,2011-07-06,40,217,2
17238,2011-07-26,42,237,2
17238,2011-09-16,43,289,2
17238,2011-10-20,51,323,2
17238,2011-11-11,35,345,2
17238,2011-11-22,34,356,2
17238,2011-12-02,50,366,2
17238,2011-12-07,12,371,2
17239,2011-01-31,15,61,61
17242,2011-06-12,29,193,193
17242,2011-08-23,11,265,193
17243,2010-12-05,11,4,4
17243,2010-12-12,20,11,4
17243,2010-12-19,14,18,4
17243,2011-01-09,10,39,4
17243,2011-01-23,9,53,4
17243,2011-02-10,14,71,4
17243,2011-02-27,22,88,4
17243,2011-03-06,10,95,4
17243,2011-03-27,14,116,4
17243,2011-04-03,7,123,4
17243,2011-04-17,18,137,4
17243,2011-06-14,20,195,4
17243,2011-07-04,23,215,4
17243,2011-07-27,11,238,4
17243,2011-08-18,18,260,4
17243,2011-09-08,31,281,4
17243,2011-09-22,21,295,4
17243,2011-10-20,20,323,4
17243,2011-11-01,19,335,4
17243,2011-11-10,22,344,4
17243,2011-11-11,7,345,4
17243,2011-11-17,3,351,4
17243,2011-11-20,19,354,4
17243,2011-11-25,13,359,4
17243,2011-12-04,15,368,4
17243,2011-12-08,9,372,4
17244,2011-10-17,31,320,320
17245,2011-05-19,9,169,169
17247,2011-11-24,55,358,358
17248,2011-08-11,69,253,253
17250,2011-03-23,23,112,112
17250,2011-12-06,34,370,112
17251,2010-12-12,39,11,11
17252,2011-06-06,86,187,187
17252,2011-08-15,1,257,187
17253,2011-11-21,18,355,355
17254,2011-11-24,55,358,358
17254,2011-12-05,57,369,358
17255,2011-02-13,38,74,74
17255,2011-10-30,40,333,74
17256,2011-01-31,12,61,61
17256,2011-08-24,4,266,61
17259,2010-12-06,87,5,5
17259,2011-07-14,37,225,5
17262,2010-12-08,2,7,7
17262,2011-03-23,2,112,7
17262,2011-04-26,6,146,7
17262,2011-10-18,2,321,7
17263,2011-05-15,23,165,165
17265,2011-06-12,77,193,193
17265,2011-07-24,50,235,193
17266,2011-07-15,17,226,226
17266,2011-12-06,55,370,226
17266,2011-12-07,8,371,226
17267,2011-08-04,38,246,246
17268,2011-04-08,1,128,128
17268,2011-04-10,1,130,128
17268,2011-07-12,2,223,128
17268,2011-08-24,2,266,128
17272,2011-03-22,41,111,111
17272,2011-05-24,38,174,111
17272,2011-10-24,34,327,111
17272,2011-10-28,1,331,111
17274,2011-11-04,27,338,338
17277,2011-01-21,52,51,51
17277,2011-04-26,17,146,51
17278,2011-04-12,15,132,132
17279,2011-10-13,9,316,316
17282,2011-02-13,84,74,74
17282,2011-06-19,5,200,74
17282,2011-08-01,5,243,74
17284,2011-01-07,131,37,37
17284,2011-04-18,43,138,37
17284,2011-06-15,32,196,37
17284,2011-06-26,10,207,37
17284,2011-08-11,49,253,37
17284,2011-10-10,27,313,37
17286,2011-11-18,45,352,352
17287,2010-12-02,13,1,1
17287,2010-12-07,9,6,1
17287,2011-04-01,15,121,1
17287,2011-05-18,9,168,1
17287,2011-07-19,27,230,1
17287,2011-09-26,28,299,1
17287,2011-11-13,23,347,1
17288,2010-12-16,7,15,15
17288,2011-01-17,5,47,15
17288,2011-02-17,3,78,15
17288,2011-04-01,6,121,15
17288,2011-05-16,5,166,15
17288,2011-11-27,109,361,15
17288,2011-11-30,7,364,15
17289,2011-06-12,34,193,193
17289,2011-11-06,56,340,193
17289,2011-11-08,21,342,193
17290,2011-11-23,53,357,357
17290,2011-12-06,49,370,357
17291,2011-02-04,1,65,65
17293,2010-12-13,14,12,12
17293,2011-02-04,11,65,12
17293,2011-07-06,15,217,12
17293,2011-08-12,11,254,12
17293,2011-09-15,13,288,12
17293,2011-10-12,17,315,12
17293,2011-11-09,44,343,12
17293,2011-12-01,10,365,12
17295,2011-10-06,29,309,309
17295,2011-11-11,40,345,309
17297,2011-11-22,51,356,356
17298,2011-08-07,4,249,249
17298,2011-08-30,26,272,249
17299,2011-06-19,18,200,200
17299,2011-08-31,7,273,200
17299,2011-09-11,28,284,200
17299,2011-11-28,4,362,200
17301,2011-11-18,66,352,352
17302,2011-02-07,11,68,68
17302,2011-05-15,24,165,68
17302,2011-08-09,19,251,68
17302,2011-11-07,16,341,68
17302,2011-11-25,9,359,68
17303,2010-12-13,53,12,12
17306,2010-12-21,1,20,20
17306,2011-01-21,6,51,20
17306,2011-02-16,6,77,20
17306,2011-03-08,2,97,20
17306,2011-03-16,1,105,20
17306,2011-03-30,4,119,20
17306,2011-05-19,4,169,20
17306,2011-06-17,9,198,20
17306,2011-07-05,2,216,20
17306,2011-07-20,4,231,20
17306,2011-08-03,4,245,20
17306,2011-09-01,6,274,20
17306,2011-09-29,5,302,20
17306,2011-11-03,2,337,20
17306,2011-11-29,10,363,20
17309,2011-09-05,12,278,278
17311,2011-01-27,24,57,57
17311,2011-09-22,31,295,57
17312,2011-07-03,10,214,214
17312,2011-07-07,3,218,214
17312,2011-07-24,1,235,214
17313,2011-11-08,24,342,342
17314,2011-01-31,5,61,61
17314,2011-02-01,21,62,61
17314,2011-03-28,7,117,61
17314,2011-06-23,24,204,61
17314,2011-07-14,8,225,61
17314,2011-10-12,48,315,61
17314,2011-11-11,17,345,61
17314,2011-11-15,1,349,61
17315,2010-12-17,27,16,16
17315,2011-01-04,16,34,16
17315,2011-01-20,19,50,16
17315,2011-02-04,16,65,16
17315,2011-02-08,1,69,16
17315,2011-02-15,2,76,16
17315,2011-02-22,5,83,16
17315,2011-03-04,13,93,16
17315,2011-03-13,17,102,16
17315,2011-03-21,8,110,16
17315,2011-03-29,19,118,16
17315,2011-03-31,4,120,16
17315,2011-04-14,5,134,16
17315,2011-04-21,12,141,16
17315,2011-05-03,3,153,16
17315,2011-05-10,11,160,16
17315,2011-05-12,23,162,16
17315,2011-05-22,13,172,16
17315,2011-06-01,13,182,16
17315,2011-07-06,12,217,16
17315,2011-07-07,10,218,16
17315,2011-07-14,13,225,16
17315,2011-07-27,7,238,16
17315,2011-08-04,4,246,16
17315,2011-08-16,17,258,16
17315,2011-08-23,57,265,16
17315,2011-08-31,25,273,16
17315,2011-09-14,15,287,16
17315,2011-09-25,7,298,16
17315,2011-10-13,18,316,16
17315,2011-10-24,16,327,16
17315,2011-11-01,11,335,16
17315,2011-11-10,9,344,16
17315,2011-11-22,9,356,16
17315,2011-12-08,16,372,16
17317,2011-09-11,7,284,284
17317,2011-10-18,1,321,284
17317,2011-10-24,1,327,284
17320,2010-12-06,22,5,5
17320,2011-04-17,26,137,5
17320,2011-08-31,25,273,5
17321,2011-10-03,106,306,306
17321,2011-12-01,1,365,306
17323,2011-02-20,32,81,81
17323,2011-05-08,38,158,81
17323,2011-06-26,33,207,81
17323,2011-08-07,20,249,81
17323,2011-10-09,26,312,81
17323,2011-11-20,50,354,81
17323,2011-11-24,1,358,81
17324,2010-12-08,6,7,7
17324,2011-01-12,11,42,7
17324,2011-11-18,31,352,7
17324,2011-11-22,2,356,7
17325,2011-03-04,6,93,93
17329,2011-01-28,16,58,58
17329,2011-11-25,17,359,58
17330,2011-10-03,5,306,306
17330,2011-11-17,1,351,306
17331,2011-08-08,1,250,250
17333,2011-09-15,28,288,288
17334,2011-02-04,10,65,65
17334,2011-02-10,1,71,65
17337,2011-02-02,259,63,63
17337,2011-04-03,157,123,63
17337,2011-05-12,125,162,63
17337,2011-07-11,2,222,63
17338,2010-12-13,56,12,12
17338,2011-01-12,66,42,12
17338,2011-02-21,120,82,12
17338,2011-04-18,92,138,12
17338,2011-05-18,35,168,12
17338,2011-07-01,81,212,12
17338,2011-08-17,119,259,12
17338,2011-11-22,184,356,12
17339,2010-12-09,4,8,8
17339,2011-09-06,5,279,8
17340,2010-12-08,86,7,7
17340,2010-12-20,50,19,7
17340,2011-04-11,32,131,7
17340,2011-05-31,22,181,7
17340,2011-07-11,47,222,7
17340,2011-08-11,24,253,7
17340,2011-09-20,30,293,7
17340,2011-11-10,116,344,7
17341,2010-12-08,161,7,7
17341,2011-07-06,22,217,7
17343,2010-12-19,17,18,18
17344,2011-10-24,32,327,327
17345,2011-05-27,22,177,177
17345,2011-09-07,13,280,177
17345,2011-11-24,52,358,177
17346,2010-12-01,35,0,0
17346,2010-12-15,12,14,0
17346,2011-02-14,20,75,0
17346,2011-04-15,38,135,0
17346,2011-05-19,42,169,0
17346,2011-06-05,46,186,0
17346,2011-06-14,35,195,0
17346,2011-08-28,36,270,0
17346,2011-10-12,38,315,0
17346,2011-10-20,70,323,0
17346,2011-11-01,33,335,0
17346,2011-11-24,31,358,0
17346,2011-11-28,33,362,0
17346,2011-12-06,31,370,0
17347,2011-09-14,1,287,287
17348,2011-02-15,36,76,76
17348,2011-09-29,50,302,76
17348,2011-11-04,33,338,76
17348,2011-11-11,58,345,76
17348,2011-11-25,38,359,76
17349,2011-06-13,9,194,194
17350,2011-10-19,24,322,322
17350,2011-10-25,37,328,322
17350,2011-12-01,10,365,322
17351,2011-03-11,3,100,100
17351,2011-06-23,16,204,100
17351,2011-11-03,8,337,100
17353,2011-07-08,4,219,219
17353,2011-08-02,4,244,219
17354,2011-10-20,16,323,323
17356,2011-02-01,19,62,62
17357,2011-11-15,45,349,349
17358,2010-12-19,42,18,18
17358,2011-02-09,17,70,18
17359,2011-11-28,15,362,362
17360,2011-06-08,60,189,189
17360,2011-11-22,72,356,189
17361,2011-02-21,1,82,82
17361,2011-06-06,16,187,82
17361,2011-10-21,12,324,82
17362,2011-02-03,12,64,64
17362,2011-04-14,23,134,64
17364,2011-01-12,49,42,42
17364,2011-02-24,67,85,42
17364,2011-03-29,23,118,42
17364,2011-05-06,44,156,42
17364,2011-05-19,11,169,42
17364,2011-07-25,30,236,42
17364,2011-11-11,80,345,42
17364,2011-11-24,67,358,42
17364,2011-12-02,21,366,42
17364,2011-12-09,19,373,42
17365,2011-01-11,79,41,41
17365,2011-03-31,65,120,41
17365,2011-05-24,67,174,41
17365,2011-06-23,44,204,41
17365,2011-09-13,98,286,41
17365,2011-10-20,76,323,41
17365,2011-11-27,39,361,41
17367,2011-04-15,34,135,135
17368,2011-01-06,17,36,36
17368,2011-01-13,8,43,36
17368,2011-03-25,17,114,36
17368,2011-06-16,22,197,36
17368,2011-06-19,2,200,36
17368,2011-09-07,3,280,36
17368,2011-11-07,14,341,36
17368,2011-11-16,28,350,36
17370,2011-06-23,8,204,204
17370,2011-09-08,9,281,204
17370,2011-09-16,8,289,204
17370,2011-09-28,8,301,204
17371,2010-12-13,8,12,12
17371,2011-11-22,79,356,12
17372,2010-12-12,46,11,11
17372,2010-12-14,29,13,11
17372,2011-01-26,20,56,11
17372,2011-04-10,47,130,11
17372,2011-06-09,19,190,11
17372,2011-06-26,40,207,11
17372,2011-10-10,30,313,11
17372,2011-10-30,22,333,11
17373,2011-01-31,17,61,61
17373,2011-07-28,11,239,61
17373,2011-09-29,11,302,61
17373,2011-10-30,18,333,61
17374,2011-03-03,12,92,92
17374,2011-05-05,16,155,92
17375,2010-12-13,21,12,12
17375,2011-01-31,22,61,12
17375,2011-05-24,26,174,12
17376,2011-02-01,13,62,62
17376,2011-09-30,11,303,62
17377,2010-12-01,15,0,0
17377,2010-12-09,20,8,0
17377,2010-12-17,9,16,0
17377,2011-02-10,19,71,0
17377,2011-02-24,19,85,0
17377,2011-03-10,12,99,0
17377,2011-03-29,13,118,0
17377,2011-06-19,12,200,0
17377,2011-08-05,43,247,0
17377,2011-09-11,26,284,0
17377,2011-09-26,22,299,0
17377,2011-10-10,11,313,0
17377,2011-10-17,43,320,0
17377,2011-10-21,7,324,0
17377,2011-10-23,21,326,0
17377,2011-11-01,25,335,0
17377,2011-11-04,26,338,0
17377,2011-11-09,39,343,0
17377,2011-11-14,22,348,0
17377,2011-11-16,14,350,0
17379,2011-11-28,83,362,362
17381,2010-12-02,6,1,1
17381,2010-12-06,5,5,1
17381,2011-01-10,1,40,1
17381,2011-02-04,7,65,1
17381,2011-02-10,7,71,1
17381,2011-02-17,1,78,1
17381,2011-03-07,17,96,1
17381,2011-04-03,10,123,1
17381,2011-04-14,4,134,1
17381,2011-04-21,4,141,1
17381,2011-05-06,9,156,1
17381,2011-05-20,4,170,1
17381,2011-06-13,3,194,1
17381,2011-07-11,8,222,1
17381,2011-08-04,3,246,1
17381,2011-08-12,1,254,1
17381,2011-09-01,6,274,1
17381,2011-10-04,8,307,1
17381,2011-11-15,3,349,1
17381,2011-12-01,2,365,1
17382,2011-10-05,2,308,308
17383,2011-12-05,51,369,369
17384,2011-05-04,3,154,154
17384,2011-11-20,12,354,154
17385,2011-11-25,47,359,359
17386,2011-06-27,6,208,208
17386,2011-08-18,2,260,208
17386,2011-09-01,3,274,208
17386,2011-12-02,17,366,208
17387,2011-11-06,20,340,340
17387,2011-11-20,58,354,340
17388,2011-02-25,1,86,86
17388,2011-05-12,1,162,86
17388,2011-07-31,11,242,86
17388,2011-09-23,2,296,86
17389,2011-01-12,3,42,42
17389,2011-01-14,1,44,42
17389,2011-01-26,7,56,42
17389,2011-01-31,3,61,42
17389,2011-02-18,2,79,42
17389,2011-03-03,5,92,42
17389,2011-03-08,3,97,42
17389,2011-04-08,3,128,42
17389,2011-04-15,23,135,42
17389,2011-05-18,8,168,42
17389,2011-05-19,1,169,42
17389,2011-05-24,5,174,42
17389,2011-06-07,4,188,42
17389,2011-06-15,7,196,42
17389,2011-06-22,1,203,42
17389,2011-06-29,7,210,42
17389,2011-07-06,7,217,42
17389,2011-07-14,5,225,42
17389,2011-07-17,6,228,42
17389,2011-07-18,1,229,42
17389,2011-07-28,7,239,42
17389,2011-08-03,6,245,42
17389,2011-08-10,5,252,42
17389,2011-09-05,1,278,42
17389,2011-09-26,19,299,42
17389,2011-11-01,9,335,42
17389,2011-11-03,21,337,42
17389,2011-11-07,1,341,42
17389,2011-11-10,18,344,42
17389,2011-11-25,3,359,42
17389,2011-12-06,18,370,42
17389,2011-12-09,3,373,42
17391,2011-06-28,2,209,209
17391,2011-06-29,1,210,209
17392,2010-12-16,49,15,15
17392,2011-02-06,13,67,15
17394,2011-05-04,4,154,154
17396,2010-12-03,3,2,2
17396,2011-07-14,15,225,2
17396,2011-10-03,6,306,2
17396,2011-10-31,3,334,2
17397,2011-11-17,92,351,351
17398,2011-03-29,19,118,118
17398,2011-05-13,12,163,118
17398,2011-08-17,7,259,118
17400,2010-12-21,37,20,20
17400,2011-03-30,58,119,20
17400,2011-03-31,2,120,20
17400,2011-05-13,13,163,20
17400,2011-08-05,103,247,20
17402,2010-12-05,24,4,4
17402,2011-01-14,3,44,4
17402,2011-04-20,3,140,4
17402,2011-06-09,6,190,4
17402,2011-06-26,4,207,4
17402,2011-08-19,5,261,4
17402,2011-08-30,2,272,4
17402,2011-09-15,3,288,4
17402,2011-10-17,2,320,4
17402,2011-10-20,1,323,4
17402,2011-11-09,4,343,4
17402,2011-12-05,2,369,4
17403,2011-11-03,33,337,337
17404,2010-12-14,1,13,13
17404,2010-12-17,25,16,13
17404,2011-01-28,21,58,13
17404,2011-03-10,1,99,13
17404,2011-03-14,27,103,13
17404,2011-05-12,16,162,13
17404,2011-07-06,20,217,13
17404,2011-07-31,24,242,13
17404,2011-08-04,2,246,13
17404,2011-08-08,1,250,13
17404,2011-09-13,17,286,13
17404,2011-10-14,1,317,13
17404,2011-10-17,30,320,13
17404,2011-11-14,11,348,13
17404,2011-12-05,1,369,13
17405,2011-07-12,41,223,223
17405,2011-09-28,27,301,223
17405,2011-12-08,14,372,223
17406,2010-12-08,19,7,7
17406,2011-01-10,94,40,7
17408,2011-06-29,2,210,210
17409,2011-04-05,5,125,125
17409,2011-06-08,8,189,125
17410,2011-05-08,15,158,158
17410,2011-09-04,7,277,158
17410,2011-10-12,23,315,158
17410,2011-11-02,8,336,158
17410,2011-11-23,11,357,158
17411,2011-03-23,16,112,112
17411,2011-09-25,16,298,112
17411,2011-11-27,9,361,112
17412,2010-12-02,8,1,1
17412,2010-12-16,13,15,1
17412,2011-02-09,8,70,1
17412,2011-05-27,6,177,1
17412,2011-10-11,9,314,1
17412,2011-11-16,12,350,1
17412,2011-12-07,10,371,1
17414,2011-06-08,5,189,189
17414,2011-10-27,1,330,189
17415,2011-09-21,14,294,294
17416,2011-03-03,98,92,92
17416,2011-05-20,27,170,92
17416,2011-05-26,2,176,92
17416,2011-06-16,21,197,92
17416,2011-08-22,41,264,92
17416,2011-09-23,28,296,92
17416,2011-11-10,52,344,92
17418,2011-01-20,12,50,50
17418,2011-10-28,18,331,50
17419,2010-12-07,19,6,6
17419,2011-01-19,18,49,6
17419,2011-02-17,14,78,6
17419,2011-03-08,16,97,6
17419,2011-03-18,17,107,6
17419,2011-04-04,18,124,6
17419,2011-07-19,29,230,6
17419,2011-10-06,22,309,6
17419,2011-11-01,17,335,6
17419,2011-11-17,23,351,6
17419,2011-11-28,13,362,6
17420,2010-12-01,7,0,0
17420,2011-06-21,14,202,0
17420,2011-10-20,9,323,0
17422,2011-02-16,17,77,77
17422,2011-05-03,17,153,77
17422,2011-06-12,32,193,77
17422,2011-07-20,19,231,77
17422,2011-09-07,16,280,77
17422,2011-11-23,16,357,77
17423,2011-05-06,11,156,156
17423,2011-10-24,15,327,156
17425,2011-10-10,42,313,313
17425,2011-11-20,1,354,313
17426,2011-03-02,66,91,91
17426,2011-06-17,103,198,91
17426,2011-09-09,57,282,91
17426,2011-12-01,45,365,91
17427,2011-09-29,2,302,302
17428,2010-12-06,9,5,5
17428,2010-12-13,15,12,5
17428,2011-01-04,11,34,5
17428,2011-01-11,10,41,5
17428,2011-02-08,9,69,5
17428,2011-02-23,19,84,5
17428,2011-03-06,15,95,5
17428,2011-03-29,29,118,5
17428,2011-04-12,9,132,5
17428,2011-05-11,43,161,5
17428,2011-06-14,23,195,5
17428,2011-06-20,28,201,5
17428,2011-07-06,13,217,5
17428,2011-08-04,15,246,5
17428,2011-08-21,4,263,5
17428,2011-09-15,47,288,5
17428,2011-10-06,12,309,5
17428,2011-10-26,6,329,5
17428,2011-11-01,5,335,5
17428,2011-11-17,3,351,5
17428,2011-12-09,3,373,5
17429,2011-05-05,17,155,155
17429,2011-06-07,11,188,155
17429,2011-08-03,11,245,155
17430,2010-12-09,5,8,8
17430,2011-11-07,9,341,8
17431,2011-01-30,43,60,60
17432,2011-11-02,15,336,336
17432,2011-11-21,33,355,336
17433,2011-09-12,54,285,285
17434,2011-09-15,22,288,288
17434,2011-10-20,21,323,288
17434,2011-11-02,18,336,288
17434,2011-11-16,17,350,288
17434,2011-11-23,21,357,288
17434,2011-11-30,20,364,288
17434,2011-12-07,15,371,288
17436,2011-04-27,4,147,147
17436,2011-12-08,5,372,147
17438,2011-03-31,17,120,120
17440,2011-04-06,3,126,126
17440,2011-07-06,2,217,126
17442,2011-02-22,28,83,83
17442,2011-05-03,22,153,83
17442,2011-06-28,15,209,83
17442,2011-08-10,31,252,83
17442,2011-09-07,19,280,83
17442,2011-11-03,20,337,83
17443,2011-05-04,1,154,154
17444,2011-06-20,57,201,201
17444,2011-07-11,77,222,201
17444,2011-07-15,1,226,201
17446,2011-02-02,5,63,63
17446,2011-06-16,4,197,63
17447,2011-09-29,28,302,302
17447,2011-10-30,8,333,302
17449,2010-12-15,73,14,14
17449,2011-03-01,51,90,14
17449,2011-04-19,45,139,14
17449,2011-09-06,9,279,14
17449,2011-10-25,40,328,14
17449,2011-12-07,59,371,14
17450,2010-12-07,3,6,6
17450,2011-01-11,71,41,6
17450,2011-03-09,4,98,6
17450,2011-03-24,13,113,6
17450,2011-03-25,1,114,6
17450,2011-04-20,9,140,6
17450,2011-04-27,3,147,6
17450,2011-05-24,6,174,6
17450,2011-05-26,8,176,6
17450,2011-05-31,1,181,6
17450,2011-06-16,11,197,6
17450,2011-07-12,5,223,6
17450,2011-07-14,10,225,6
17450,2011-07-28,6,239,6
17450,2011-08-17,33,259,6
17450,2011-08-23,1,265,6
17450,2011-09-05,2,278,6
17450,2011-09-20,58,293,6
17450,2011-09-30,11,303,6
17450,2011-10-24,4,327,6
17450,2011-10-31,8,334,6
17450,2011-11-03,15,337,6
17450,2011-11-14,17,348,6
17450,2011-11-21,14,355,6
17450,2011-11-28,8,362,6
17450,2011-11-29,10,363,6
17450,2011-12-01,5,365,6
17451,2011-08-26,23,268,268
17451,2011-09-19,12,292,268
17451,2011-10-14,29,317,268
17451,2011-11-24,23,358,268
17451,2011-12-08,13,372,268
17453,2011-10-06,9,309,309
17453,2011-11-22,10,356,309
17454,2010-12-15,9,14,14
17454,2011-02-13,29,74,14
17454,2011-04-20,18,140,14
17454,2011-05-31,5,181,14
17455,2011-05-20,8,170,170
17456,2010-12-09,17,8,8
17457,2011-01-04,4,34,34
17457,2011-02-04,4,65,34
17457,2011-04-01,2,121,34
17457,2011-05-19,1,169,34
17457,2011-08-05,8,247,34
17458,2011-11-24,54,358,358
17459,2011-10-10,76,313,313
17459,2011-10-27,35,330,313
17460,2010-12-01,1,0,0
17460,2010-12-02,1,1,0
17460,2011-01-25,6,55,0
17460,2011-03-16,8,105,0
17460,2011-04-28,6,148,0
17460,2011-09-06,7,279,0
17461,2011-11-10,47,344,344
17461,2011-11-17,64,351,344
17462,2011-02-28,14,89,89
17462,2011-10-10,13,313,89
17463,2011-01-30,94,60,60
17463,2011-04-20,14,140,60
17463,2011-06-16,18,197,60
17463,2011-10-21,76,324,60
17463,2011-11-23,13,357,60
17464,2011-07-04,9,215,215
17466,2011-09-22,23,295,295
17466,2011-11-29,18,363,295
17468,2011-11-25,4,359,359
17468,2011-11-29,1,363,359
17469,2011-05-19,14,169,169
17469,2011-07-05,23,216,169
17469,2011-08-23,16,265,169
17469,2011-09-28,18,301,169
17469,2011-11-23,17,357,169
17470,2010-12-07,11,6,6
17470,2011-04-05,20,125,6
17470,2011-05-06,11,156,6
17470,2011-08-04,16,246,6
17470,2011-10-26,20,329,6
17472,2011-02-13,65,74,74
17472,2011-02-24,56,85,74
17472,2011-06-01,60,182,74
17475,2011-09-21,14,294,294
17480,2011-09-23,29,296,296
17481,2011-09-07,19,280,280
17481,2011-11-03,23,337,280
17481,2011-11-24,26,358,280
17481,2011-12-06,14,370,280
17483,2011-06-09,7,190,190
17483,2011-07-28,6,239,190
17483,2011-10-05,8,308,190
17486,2011-03-23,24,112,112
17489,2011-05-11,16,161,161
17489,2011-10-12,13,315,161
17490,2011-06-16,18,197,197
17490,2011-09-19,12,292,197
17490,2011-09-27,14,300,197
17490,2011-10-06,8,309,197
17490,2011-12-07,2,371,197
17490,2011-12-09,22,373,197
17491,2010-12-07,5,6,6
17491,2011-01-18,8,48,6
17491,2011-03-24,20,113,6
17491,2011-06-08,5,189,6
17491,2011-07-29,17,240,6
17491,2011-09-05,14,278,6
17491,2011-09-26,10,299,6
17491,2011-11-03,9,337,6
17491,2011-11-25,6,359,6
17491,2011-12-08,15,372,6
17492,2011-04-05,12,125,125
17495,2011-11-01,20,335,335
17495,2011-12-02,7,366,335
17496,2010-12-16,10,15,15
17498,2011-09-25,17,298,298
17499,2011-02-23,40,84,84
17500,2011-11-10,3,344,344
17500,2011-11-16,1,350,344
17500,2011-11-22,1,356,344
17501,2011-05-03,18,153,153
17502,2011-11-10,11,344,344
17502,2011-11-21,4,355,344
17502,2011-11-22,1,356,344
17502,2011-11-30,12,364,344
17503,2011-11-01,23,335,335
17503,2011-12-07,15,371,335
17504,2011-01-21,27,51,51
17504,2011-02-23,9,84,51
17504,2011-03-16,44,105,51
17504,2011-05-06,13,156,51
17504,2011-05-15,21,165,51
17504,2011-05-17,13,167,51
17505,2011-05-18,26,168,168
17505,2011-07-01,26,212,168
17506,2011-09-25,14,298,298
17507,2011-02-03,45,64,64
17507,2011-03-23,43,112,64
17508,2011-03-04,22,93,93
17509,2011-10-07,260,310,310
17509,2011-10-10,53,313,310
17509,2011-10-13,53,316,310
17510,2011-11-15,20,349,349
17511,2010-12-01,24,0,0
17511,2010-12-07,19,6,0
17511,2010-12-15,45,14,0
17511,2011-01-05,34,35,0
17511,2011-02-01,58,62,0
17511,2011-02-22,34,83,0
17511,2011-03-16,42,105,0
17511,2011-03-25,22,114,0
17511,2011-03-29,3,118,0
17511,2011-04-12,20,132,0
17511,2011-04-13,1,133,0
17511,2011-04-20,16,140,0
17511,2011-05-04,30,154,0
17511,2011-05-17,47,167,0
17511,2011-06-15,55,196,0
17511,2011-07-05,36,216,0
17511,2011-07-20,50,231,0
17511,2011-08-04,57,246,0
17511,2011-08-17,33,259,0
17511,2011-09-07,38,280,0
17511,2011-09-21,42,294,0
17511,2011-09-27,6,300,0
17511,2011-10-05,33,308,0
17511,2011-10-26,20,329,0
17511,2011-11-09,80,343,0
17511,2011-11-23,45,357,0
17511,2011-12-05,33,369,0
17511,2011-12-07,40,371,0
17512,2011-02-11,23,72,72
17512,2011-02-16,6,77,72
17512,2011-02-22,1,83,72
17512,2011-03-24,11,113,72
17512,2011-05-05,2,155,72
17512,2011-05-23,4,173,72
17512,2011-07-08,13,219,72
17512,2011-08-10,15,252,72
17512,2011-10-19,25,322,72
17512,2011-11-11,5,345,72
17513,2011-09-28,6,301,301
17514,2011-08-03,40,245,245
17515,2011-01-25,31,55,55
17515,2011-03-16,26,105,55
17515,2011-05-17,20,167,55
17515,2011-11-08,10,342,55
17516,2011-02-27,65,88,88
17516,2011-05-06,25,156,88
17516,2011-08-12,24,254,88
17516,2011-11-24,23,358,88
17517,2011-02-04,11,65,65
17519,2010-12-06,18,5,5
17519,2011-03-23,16,112,5
17519,2011-05-17,12,167,5
17519,2011-06-19,8,200,5
17519,2011-07-29,12,240,5
17519,2011-11-22,16,356,5
17520,2011-10-17,30,320,320
17521,2011-05-24,8,174,174
17521,2011-10-05,23,308,174
17521,2011-11-10,14,344,174
17522,2011-05-05,10,155,155
17522,2011-05-17,3,167,155
17522,2011-06-09,46,190,155
17522,2011-07-24,8,235,155
17522,2011-12-08,6,372,155
17523,2011-11-20,23,354,354
17523,2011-11-24,2,358,354
17523,2011-11-28,8,362,354
17524,2010-12-13,6,12,12
17525,2010-12-15,9,14,14
17526,2010-12-09,5,8,8
17526,2010-12-14,1,13,8
17526,2011-02-22,4,83,8
17526,2011-12-05,9,369,8
17527,2011-05-05,7,155,155
17527,2011-08-22,18,264,155
17527,2011-09-20,14,293,155
17527,2011-10-17,8,320,155
17528,2011-09-29,122,302,302
17528,2011-10-12,28,315,302
17528,2011-10-21,23,324,302
17528,2011-10-27,23,330,302
17528,2011-11-09,15,343,302
17528,2011-11-22,28,356,302
17528,2011-12-08,14,372,302
17530,2010-12-09,65,8,8
17530,2011-02-15,70,76,8
17530,2011-04-20,71,140,8
17530,2011-04-27,2,147,8
17530,2011-05-17,51,167,8
17530,2011-09-15,45,288,8
17530,2011-10-27,24,330,8
17530,2011-11-23,27,357,8
17530,2011-12-08,39,372,8
17531,2011-06-02,14,183,183
17534,2011-10-17,9,320,320
17535,2011-03-04,13,93,93
17536,2011-06-15,3,196,196
17537,2011-02-09,61,70,70
17537,2011-11-10,14,344,70
17538,2011-11-14,9,348,348
17540,2011-01-27,8,57,57
17540,2011-11-15,17,349,57
17542,2011-03-15,25,104,104
17545,2011-10-27,145,330,330
17548,2011-04-20,5,140,140
17549,2011-10-19,2,322,322
17549,2011-11-16,4,350,322
17550,2011-04-10,28,130,130
17550,2011-05-26,14,176,130
17551,2010-12-15,43,14,14
17552,2010-12-02,13,1,1
17552,2011-09-29,35,302,1
17552,2011-10-10,1,313,1
17553,2011-08-02,2,244,244
17554,2011-07-14,50,225,225
17554,2011-08-09,13,251,225
17554,2011-10-11,10,314,225
17554,2011-11-23,9,357,225
17554,2011-12-08,6,372,225
17555,2011-01-09,49,39,39
17555,2011-11-20,57,354,39
17556,2011-05-18,6,168,168
17557,2011-09-19,20,292,292
17557,2011-10-26,6,329,292
17557,2011-11-25,8,359,292
17560,2011-02-02,4,63,63
17560,2011-02-10,1,71,63
17560,2011-05-19,13,169,63
17560,2011-07-07,6,218,63
17560,2011-09-06,3,279,63
17561,2011-11-20,46,354,354
17562,2011-06-19,21,200,200
17562,2011-07-06,6,217,200
17562,2011-08-10,7,252,200
17562,2011-08-22,7,264,200
17562,2011-09-13,7,286,200
17562,2011-10-19,5,322,200
17562,2011-11-25,10,359,200
17564,2011-09-20,16,293,293
17564,2011-10-26,12,329,293
17564,2011-11-15,21,349,293
17566,2011-11-14,65,348,348
17566,2011-12-01,87,365,348
17567,2010-12-02,27,1,1
17567,2011-02-16,24,77,1
17567,2011-03-03,29,92,1
17567,2011-04-20,20,140,1
17567,2011-07-13,7,224,1
17567,2011-09-08,13,281,1
17567,2011-10-13,34,316,1
17567,2011-12-02,11,366,1
17569,2011-01-11,29,41,41
17571,2011-02-14,44,75,75
17571,2011-03-07,2,96,75
17571,2011-07-17,30,228,75
17571,2011-10-20,223,323,75
17572,2010-12-01,4,0,0
17572,2011-04-15,4,135,0
17572,2011-09-01,2,274,0
17572,2011-09-29,2,302,0
17573,2011-09-07,11,280,280
17573,2011-09-15,1,288,280
17573,2011-11-10,13,344,280
17574,2011-04-11,8,131,131
17576,2010-12-09,12,8,8
17576,2010-12-13,10,12,8
17576,2011-01-18,21,48,8
17576,2011-02-17,22,78,8
17576,2011-03-02,16,91,8
17576,2011-03-22,27,111,8
17576,2011-04-12,27,132,8
17576,2011-05-09,17,159,8
17576,2011-06-09,30,190,8
17576,2011-07-12,31,223,8
17576,2011-08-18,18,260,8
17576,2011-08-25,9,267,8
17576,2011-09-01,16,274,8
17576,2011-09-15,31,288,8
17576,2011-09-27,22,300,8
17576,2011-10-18,43,321,8
17576,2011-11-01,16,335,8
17576,2011-12-01,43,365,8
17578,2011-05-05,5,155,155
17579,2011-06-13,11,194,194
17579,2011-07-25,6,236,194
17579,2011-12-05,33,369,194
17580,2010-12-16,3,15,15
17580,2011-01-31,41,61,15
17580,2011-04-01,1,121,15
17581,2010-12-02,38,1,1
17581,2011-01-14,22,44,1
17581,2011-03-04,43,93,1
17581,2011-05-10,47,160,1
17581,2011-06-15,45,196,1
17581,2011-07-04,23,215,1
17581,2011-08-22,62,264,1
17581,2011-09-22,59,295,1
17581,2011-11-06,66,340,1
17581,2011-12-09,35,373,1
17582,2011-04-17,29,137,137
17584,2011-08-04,16,246,246
17584,2011-12-02,19,366,246
17585,2011-01-05,28,35,35
17585,2011-03-21,42,110,35
17585,2011-06-22,65,203,35
17585,2011-08-22,79,264,35
17588,2011-04-21,10,141,141
17588,2011-06-20,2,201,141
17588,2011-08-31,11,273,141
17589,2011-04-13,71,133,133
17589,2011-06-05,55,186,133
17589,2011-07-11,55,222,133
17589,2011-10-10,72,313,133
17590,2011-10-30,57,333,333
17590,2011-11-22,128,356,333
17590,2011-12-07,16,371,333
17591,2010-12-07,80,6,6
17591,2011-01-24,18,54,6
17591,2011-02-14,20,75,6
17591,2011-03-17,11,106,6
17591,2011-05-20,22,170,6
17591,2011-08-09,6,251,6
17591,2011-09-27,9,300,6
17593,2010-12-22,26,21,21
17593,2011-06-26,71,207,21
17593,2011-07-18,31,229,21
17593,2011-09-09,37,282,21
17593,2011-12-06,48,370,21
17594,2011-03-30,14,119,119
17594,2011-09-15,36,288,119
17595,2011-11-02,34,336,336
17595,2011-11-27,49,361,336
17596,2010-12-06,60,5,5
17596,2011-04-05,16,125,5
17596,2011-06-01,44,182,5
17596,2011-07-26,42,237,5
17596,2011-10-07,53,310,5
17596,2011-10-25,44,328,5
17596,2011-11-16,11,350,5
17597,2011-05-10,55,160,160
17600,2011-11-22,13,356,356
17601,2011-04-14,9,134,134
17602,2011-01-19,103,49,49
17602,2011-08-07,8,249,49
17602,2011-09-15,109,288,49
17602,2011-10-27,137,330,49
17602,2011-11-16,83,350,49
17602,2011-12-07,120,371,49
17603,2011-09-22,11,295,295
17604,2011-01-31,27,61,61
17604,2011-05-06,36,156,61
17608,2011-11-06,59,340,340
17609,2011-01-16,100,46,46
17609,2011-02-10,19,71,46
17609,2011-09-27,32,300,46
17609,2011-10-30,86,333,46
17611,2010-12-13,44,12,12
17611,2011-01-19,46,49,12
17611,2011-01-23,103,53,12
17611,2011-03-13,96,102,12
17611,2011-04-11,37,131,12
17611,2011-05-22,78,172,12
17611,2011-06-23,20,204,12
17611,2011-07-07,52,218,12
17611,2011-08-08,19,250,12
17611,2011-09-28,20,301,12
17611,2011-10-28,5,331,12
17611,2011-11-03,20,337,12
17611,2011-11-09,17,343,12
17611,2011-12-02,19,366,12
17612,2011-02-15,18,76,76
17612,2011-05-09,29,159,76
17612,2011-07-14,13,225,76
17612,2011-08-19,26,261,76
17612,2011-09-05,22,278,76
17612,2011-10-17,27,320,76
17613,2011-02-07,41,68,68
17613,2011-02-24,15,85,68
17613,2011-03-22,33,111,68
17613,2011-04-01,10,121,68
17613,2011-04-26,55,146,68
17613,2011-05-29,63,179,68
17613,2011-06-23,15,204,68
17613,2011-08-14,15,256,68
17613,2011-09-19,32,292,68
17613,2011-10-27,17,330,68
17613,2011-11-17,16,351,68
17614,2011-10-13,100,316,316
17615,2011-05-01,5,151,151
17615,2011-05-20,6,170,151
17615,2011-08-01,3,243,151
17616,2010-12-07,1,6,6
17616,2011-03-30,1,119,6
17616,2011-06-19,1,200,6
17618,2010-12-12,53,11,11
17618,2011-04-05,13,125,11
17618,2011-12-04,12,368,11
17619,2011-01-31,77,61,61
17620,2011-10-11,4,314,314
17621,2010-12-20,4,19,19
17621,2011-01-31,11,61,19
17621,2011-11-18,11,352,19
17623,2011-11-07,33,341,341
17624,2011-05-05,25,155,155
17624,2011-11-25,25,359,155
17625,2011-03-27,95,116,116
17625,2011-07-22,101,233,116
17625,2011-10-19,59,322,116
17625,2011-11-21,60,355,116
17628,2011-09-19,5,292,292
17629,2010-12-15,11,14,14
17629,2011-04-03,35,123,14
17629,2011-05-09,13,159,14
17629,2011-06-21,8,202,14
17629,2011-08-11,4,253,14
17629,2011-10-04,25,307,14
17629,2011-11-21,9,355,14
17629,2011-12-04,18,368,14
17630,2011-04-21,19,141,141
17630,2011-06-23,7,204,141
17631,2011-04-21,21,141,141
17631,2011-07-25,8,236,141
17631,2011-12-08,10,372,141
17633,2011-08-11,20,253,253
17633,2011-08-28,13,270,253
17633,2011-09-29,20,302,253
17633,2011-11-08,17,342,253
17634,2011-01-06,74,36,36
17634,2011-03-07,51,96,36
17634,2011-04-18,9,138,36
17634,2011-05-09,25,159,36
17634,2011-05-11,13,161,36
17634,2011-08-09,26,251,36
17634,2011-09-08,37,281,36
17634,2011-10-23,31,326,36
17634,2011-11-03,31,337,36
17636,2011-11-20,20,354,354
17637,2011-08-16,24,258,258
17637,2011-11-08,11,342,258
17639,2011-03-08,7,97,97
17640,2011-09-14,5,287,287
17642,2011-06-16,26,197,197
17642,2011-08-12,14,254,197
17643,2010-12-01,8,0,0
17644,2011-03-24,26,113,113
17644,2011-05-20,32,170,113
17644,2011-06-14,3,195,113
17644,2011-07-13,11,224,113
17644,2011-08-11,17,253,113
17644,2011-09-22,24,295,113
17644,2011-11-03,18,337,113
17644,2011-12-08,26,372,113
17646,2010-12-09,9,8,8
17646,2011-03-03,18,92,8
17646,2011-05-04,24,154,8
17647,2011-10-05,7,308,308
17648,2011-04-04,36,124,124
17648,2011-05-31,29,181,124
17648,2011-10-10,26,313,124
17649,2011-07-24,52,235,235
17650,2011-11-18,8,352,352
17651,2011-06-15,24,196,196
17651,2011-06-23,22,204,196
17651,2011-07-07,24,218,196
17651,2011-09-21,37,294,196
17651,2011-10-06,58,309,196
17651,2011-10-20,22,323,196
17651,2011-10-30,14,333,196
17651,2011-11-08,15,342,196
17651,2011-11-28,16,362,196
17652,2011-03-03,13,92,92
17652,2011-04-20,23,140,92
17652,2011-06-02,49,183,92
17652,2011-06-09,9,190,92
17652,2011-06-23,40,204,92
17652,2011-07-18,21,229,92
17652,2011-09-16,25,289,92
17652,2011-10-03,27,306,92
17652,2011-10-10,18,313,92
17652,2011-10-27,13,330,92
17652,2011-11-04,8,338,92
17652,2011-11-14,13,348,92
17653,2011-08-11,4,253,253
17653,2011-09-01,5,274,253
17653,2011-11-01,33,335,253
17653,2011-11-03,2,337,253
17654,2011-03-07,22,96,96
17655,2010-12-08,9,7,7
17655,2011-02-08,13,69,7
17655,2011-02-28,12,89,7
17655,2011-05-13,13,163,7
17655,2011-08-15,16,257,7
17655,2011-10-30,14,333,7
17655,2011-11-29,14,363,7
17656,2011-08-03,18,245,245
17656,2011-08-17,10,259,245
17656,2011-08-25,16,267,245
17656,2011-09-12,3,285,245
17656,2011-09-27,35,300,245
17658,2011-05-12,9,162,162
17658,2011-11-14,10,348,162
17659,2010-12-02,12,1,1
17659,2010-12-16,5,15,1
17659,2011-02-14,6,75,1
17659,2011-05-24,28,174,1
17659,2011-06-08,3,189,1
17659,2011-06-23,1,204,1
17659,2011-08-03,18,245,1
17659,2011-08-22,5,264,1
17659,2011-08-31,4,273,1
17659,2011-10-11,17,314,1
17659,2011-11-15,26,349,1
17659,2011-11-22,33,356,1
17660,2011-07-21,45,232,232
17663,2011-02-25,19,86,86
17663,2011-04-19,10,139,86
17663,2011-05-25,9,175,86
17663,2011-07-08,10,219,86
17663,2011-09-16,16,289,86
17663,2011-11-02,9,336,86
17663,2011-11-14,13,348,86
17664,2011-05-11,23,161,161
17664,2011-11-21,20,355,161
17666,2011-10-05,12,308,308
17666,2011-12-06,6,370,308
17667,2011-02-14,53,75,75
17667,2011-05-12,25,162,75
17667,2011-07-01,21,212,75
17667,2011-10-04,18,307,75
17668,2011-11-01,8,335,335
17668,2011-12-08,7,372,335
17669,2011-04-04,7,124,124
17669,2011-04-14,7,134,124
17669,2011-05-13,6,163,124
17669,2011-06-22,21,203,124
17669,2011-08-09,10,251,124
17669,2011-09-15,15,288,124
17669,2011-10-28,2,331,124
17670,2011-04-26,11,146,146
17671,2010-12-09,17,8,8
17671,2011-05-12,11,162,8
17671,2011-07-05,16,216,8
17671,2011-11-24,9,358,8
17672,2011-02-03,41,64,64
17672,2011-10-20,69,323,64
17673,2011-01-23,44,53,53
17673,2011-03-18,61,107,53
17673,2011-06-06,44,187,53
17673,2011-06-30,22,211,53
17673,2011-10-04,33,307,53
17673,2011-12-08,23,372,53
17674,2010-12-06,11,5,5
17674,2011-09-26,16,299,5
17675,2010-12-07,12,6,6
17675,2010-12-10,4,9,6
17675,2011-01-05,22,35,6
17675,2011-02-01,22,62,6
17675,2011-02-11,11,72,6
17675,2011-02-23,18,84,6
17675,2011-03-15,22,104,6
17675,2011-03-29,21,118,6
17675,2011-04-14,11,134,6
17675,2011-04-27,31,147,6
17675,2011-05-05,16,155,6
17675,2011-05-19,21,169,6
17675,2011-06-05,11,186,6
17675,2011-06-14,24,195,6
17675,2011-06-30,20,211,6
17675,2011-07-12,18,223,6
17675,2011-07-20,70,231,6
17675,2011-07-25,8,236,6
17675,2011-08-03,27,245,6
17675,2011-08-09,24,251,6
17675,2011-08-21,40,263,6
17675,2011-08-30,38,272,6
17675,2011-09-30,47,303,6
17675,2011-10-31,25,334,6
17675,2011-11-02,45,336,6
17675,2011-11-18,24,352,6
17675,2011-11-21,40,355,6
17675,2011-12-01,15,365,6
17675,2011-12-08,18,372,6
17676,2010-12-08,15,7,7
17676,2011-08-01,14,243,7
17676,2011-08-05,1,247,7
17676,2011-08-22,11,264,7
17676,2011-10-12,21,315,7
17676,2011-12-05,16,369,7
17677,2010-12-06,22,5,5
17677,2010-12-08,4,7,5
17677,2011-01-25,16,55,5
17677,2011-02-11,15,72,5
17677,2011-03-30,27,119,5
17677,2011-04-14,2,134,5
17677,2011-05-11,24,161,5
17677,2011-06-17,29,198,5
17677,2011-07-20,29,231,5
17677,2011-08-04,14,246,5
17677,2011-08-31,23,273,5
17677,2011-09-15,16,288,5
17677,2011-09-18,4,291,5
17677,2011-10-14,26,317,5
17677,2011-10-27,5,330,5
17677,2011-11-04,23,338,5
17677,2011-11-11,4,345,5
17677,2011-12-08,21,372,5
17678,2011-03-21,16,110,110
17679,2011-09-15,26,288,288
17679,2011-10-18,4,321,288
17680,2011-11-16,11,350,350
17682,2010-12-06,18,5,5
17682,2011-04-06,19,126,5
17682,2011-05-31,17,181,5
17682,2011-07-19,19,230,5
17682,2011-08-16,16,258,5
17682,2011-11-29,29,363,5
17684,2011-10-27,15,330,330
17685,2010-12-02,12,1,1
17685,2010-12-14,1,13,1
17685,2011-01-14,16,44,1
17685,2011-02-04,12,65,1
17685,2011-03-18,14,107,1
17685,2011-09-12,59,285,1
17685,2011-11-23,16,357,1
17686,2011-02-10,68,71,71
17686,2011-05-23,73,173,71
17686,2011-08-11,84,253,71
17686,2011-09-20,27,293,71
17686,2011-12-02,34,366,71
17690,2010-12-01,14,0,0
17690,2010-12-08,4,7,0
17690,2010-12-10,8,9,0
17690,2011-01-17,50,47,0
17690,2011-03-20,4,109,0
17690,2011-04-06,19,126,0
17690,2011-05-22,9,172,0
17690,2011-06-05,50,186,0
17690,2011-06-06,3,187,0
17690,2011-08-30,28,272,0
17690,2011-10-05,8,308,0
17690,2011-10-25,19,328,0
17690,2011-11-04,19,338,0
17690,2011-11-09,21,343,0
17691,2010-12-06,9,5,5
17691,2010-12-16,10,15,5
17692,2010-12-15,25,14,14
17692,2011-02-07,7,68,14
17692,2011-04-27,7,147,14
17692,2011-08-04,7,246,14
17693,2011-07-25,16,236,236
17694,2011-07-21,15,232,232
17695,2011-06-21,18,202,202
17695,2011-07-31,17,242,202
17696,2010-12-10,7,9,9
17696,2011-03-07,16,96,9
17696,2011-06-07,13,188,9
17696,2011-07-07,29,218,9
17696,2011-07-24,13,235,9
17696,2011-08-23,16,265,9
17696,2011-11-01,21,335,9
17697,2011-04-17,19,137,137
17698,2011-03-24,8,113,113
17700,2011-03-03,36,92,92
17700,2011-05-10,28,160,92
17700,2011-09-06,30,279,92
17700,2011-11-23,48,357,92
17701,2011-04-01,24,121,121
17702,2011-05-17,30,167,167
17702,2011-06-29,10,210,167
17702,2011-08-23,15,265,167
17702,2011-11-09,19,343,167
17703,2011-07-24,17,235,235
17703,2011-08-22,19,264,235
17703,2011-11-04,19,338,235
17704,2011-04-14,16,134,134
17704,2011-06-24,15,205,134
17705,2011-02-11,10,72,72
17705,2011-03-23,8,112,72
17705,2011-05-08,7,158,72
17705,2011-07-06,9,217,72
17705,2011-07-25,9,236,72
17705,2011-08-25,18,267,72
17705,2011-09-26,16,299,72
17705,2011-11-09,17,343,72
17705,2011-12-06,9,370,72
17706,2010-12-08,28,7,7
17706,2011-02-23,24,84,7
17706,2011-06-05,25,186,7
17706,2011-06-30,88,211,7
17706,2011-07-01,25,212,7
17706,2011-07-14,72,225,7
17706,2011-08-17,15,259,7
17706,2011-08-22,17,264,7
17706,2011-08-31,14,273,7
17706,2011-10-10,49,313,7
17706,2011-10-26,4,329,7
17706,2011-12-05,21,369,7
17707,2011-01-07,3,37,37
17707,2011-06-07,2,188,37
17708,2011-01-19,26,49,49
17708,2011-06-05,9,186,49
17709,2011-06-23,7,204,204
17711,2011-02-23,13,84,84
17711,2011-11-29,10,363,84
17712,2011-10-26,29,329,329
17714,2011-01-23,10,53,53
17715,2011-05-23,1,173,173
17716,2011-03-17,42,106,106
17716,2011-04-04,37,124,106
17716,2011-06-15,48,196,106
17716,2011-08-08,41,250,106
17716,2011-09-06,27,279,106
17716,2011-09-14,18,287,106
17716,2011-09-25,16,298,106
17716,2011-11-10,13,344,106
17716,2011-11-17,3,351,106
17718,2011-04-21,6,141,141
17719,2011-03-29,39,118,118
17719,2011-04-06,12,126,118
17719,2011-04-20,23,140,118
17719,2011-05-24,17,174,118
17719,2011-06-02,17,183,118
17719,2011-06-13,16,194,118
17719,2011-07-06,12,217,118
17719,2011-07-25,11,236,118
17719,2011-08-03,27,245,118
17719,2011-08-16,19,258,118
17719,2011-08-23,16,265,118
17719,2011-08-25,13,267,118
17719,2011-09-12,18,285,118
17719,2011-09-25,15,298,118
17719,2011-11-02,19,336,118
17720,2010-12-07,1,6,6
17720,2011-04-28,16,148,6
17720,2011-08-18,20,260,6
17720,2011-11-13,13,347,6
17722,2010-12-08,45,7,7
17722,2011-01-19,30,49,7
17722,2011-06-03,19,184,7
17722,2011-09-04,21,277,7
17723,2011-05-09,4,159,159
17723,2011-05-23,1,173,159
17723,2011-06-01,1,182,159
17723,2011-06-20,2,201,159
17723,2011-07-07,1,218,159
17723,2011-08-04,1,246,159
17724,2011-07-24,11,235,235
17724,2011-09-20,10,293,235
17724,2011-09-29,19,302,235
17725,2011-03-17,18,106,106
17725,2011-04-04,15,124,106
17725,2011-04-27,15,147,106
17725,2011-05-31,16,181,106
17725,2011-06-13,20,194,106
17725,2011-07-17,18,228,106
17725,2011-08-19,20,261,106
17725,2011-08-31,19,273,106
17725,2011-09-30,16,303,106
17725,2011-10-30,16,333,106
17725,2011-11-23,19,357,106
17727,2011-11-24,66,358,358
17728,2011-09-14,20,287,287
17728,2011-10-05,113,308,287
17728,2011-12-06,32,370,287
17730,2011-01-17,17,47,47
17730,2011-02-15,17,76,47
17730,2011-03-09,10,98,47
17730,2011-04-20,19,140,47
17730,2011-06-07,30,188,47
17730,2011-06-29,16,210,47
17730,2011-08-09,19,251,47
17730,2011-08-25,8,267,47
17730,2011-09-22,22,295,47
17730,2011-10-18,11,321,47
17730,2011-10-28,10,331,47
17730,2011-11-11,15,345,47
17730,2011-12-06,24,370,47
17731,2011-06-09,32,190,190
17731,2011-08-03,17,245,190
17731,2011-09-21,18,294,190
17732,2010-12-02,18,1,1
17733,2011-03-23,12,112,112
17733,2011-11-01,23,335,112
17734,2011-04-20,9,140,140
17734,2011-07-26,24,237,140
17734,2011-10-17,10,320,140
17735,2010-12-07,22,6,6
17735,2011-01-26,35,56,6
17735,2011-02-25,48,86,6
17735,2011-03-31,41,120,6
17735,2011-04-07,27,127,6
17735,2011-04-14,50,134,6
17735,2011-04-26,32,146,6
17735,2011-05-05,34,155,6
17735,2011-06-05,63,186,6
17735,2011-06-27,36,208,6
17735,2011-07-08,34,219,6
17735,2011-07-19,34,230,6
17735,2011-08-04,49,246,6
17735,2011-08-23,42,265,6
17735,2011-09-07,43,280,6
17735,2011-10-05,23,308,6
17735,2011-11-02,30,336,6
17735,2011-12-07,47,371,6
17736,2011-08-18,23,260,260
17736,2011-10-28,1,331,260
17736,2011-11-30,1,364,260
17737,2011-10-12,6,315,315
17737,2011-11-30,4,364,315
17738,2011-03-02,41,91,91
17738,2011-07-14,36,225,91
17738,2011-11-20,20,354,91
17739,2010-12-14,5,13,13
17739,2011-01-10,7,40,13
17739,2011-05-27,6,177,13
17739,2011-09-29,8,302,13
17739,2011-10-05,7,308,13
17739,2011-11-01,10,335,13
17739,2011-11-28,4,362,13
17742,2011-01-11,13,41,41
17742,2011-08-18,2,260,41
17744,2010-12-16,19,15,15
17744,2011-01-13,15,43,15
17744,2011-01-21,16,51,15
17744,2011-04-03,12,123,15
17744,2011-11-14,25,348,15
17744,2011-12-06,49,370,15
17746,2011-04-13,6,133,133
17747,2011-08-19,1,261,261
17749,2011-03-28,22,117,117
17749,2011-06-14,13,195,117
17750,2011-06-28,43,209,209
17750,2011-07-15,33,226,209
17750,2011-07-29,20,240,209
17750,2011-08-18,31,260,209
17750,2011-09-01,19,274,209
17750,2011-09-18,14,291,209
17750,2011-10-14,11,317,209
17750,2011-11-03,9,337,209
17750,2011-12-04,13,368,209
17752,2010-12-15,1,14,14
17754,2011-03-24,28,113,113
17754,2011-07-20,13,231,113
17754,2011-10-05,3,308,113
17754,2011-11-02,24,336,113
17754,2011-12-09,24,373,113
17757,2010-12-02,23,1,1
17757,2010-12-06,19,5,1
17757,2010-12-10,26,9,1
17757,2010-12-14,12,13,1
17757,2011-01-09,25,39,1
17757,2011-01-27,18,57,1
17757,2011-02-09,11,70,1
17757,2011-02-21,20,82,1
17757,2011-03-03,20,92,1
17757,2011-03-24,25,113,1
17757,2011-03-30,9,119,1
17757,2011-04-10,18,130,1
17757,2011-05-03,20,153,1
17757,2011-05-20,35,170,1
17757,2011-06-01,17,182,1
17757,2011-06-21,30,202,1
17757,2011-06-29,15,210,1
17757,2011-07-10,23,221,1
17757,2011-08-01,32,243,1
17757,2011-08-17,28,259,1
17757,2011-09-13,23,286,1
17757,2011-09-30,52,303,1
17757,2011-10-17,55,320,1
17757,2011-11-07,37,341,1
17757,2011-11-16,28,350,1
17757,2011-11-21,21,355,1
17757,2011-11-23,7,357,1
17757,2011-11-25,49,359,1
17757,2011-12-05,20,369,1
17757,2011-12-08,23,372,1
17758,2011-04-03,68,123,123
17758,2011-05-15,63,165,123
17758,2011-07-10,69,221,123
17758,2011-09-21,79,294,123
17758,2011-10-18,61,321,123
17758,2011-11-20,72,354,123
17759,2011-06-23,18,204,204
17759,2011-11-22,77,356,204
17760,2010-12-01,9,0,0
17760,2011-11-18,16,352,0
17761,2011-11-07,19,341,341
17763,2011-03-21,1,110,110
17764,2011-05-12,19,162,162
17764,2011-10-20,56,323,162
17765,2011-03-28,19,117,117
17765,2011-05-13,25,163,117
17765,2011-07-04,13,215,117
17767,2011-11-24,21,358,358
17768,2011-06-26,23,207,207
17768,2011-11-06,58,340,207
17768,2011-12-01,24,365,207
17769,2011-01-23,34,53,53
17769,2011-03-06,73,95,53
17769,2011-06-19,48,200,53
17769,2011-07-24,24,235,53
17769,2011-10-11,19,314,53
17769,2011-10-16,31,319,53
17769,2011-11-06,36,340,53
17769,2011-11-14,1,348,53
17769,2011-11-23,4,357,53
17769,2011-11-27,40,361,53
17770,2011-03-02,21,91,91
17770,2011-03-09,7,98,91
17770,2011-05-11,3,161,91
17770,2011-05-25,7,175,91
17771,2011-01-20,22,50,50
17771,2011-10-14,32,317,50
17772,2011-11-29,53,363,363
17774,2011-02-07,26,68,68
17774,2011-04-04,40,124,68
17774,2011-07-17,60,228,68
17774,2011-09-04,30,277,68
17775,2011-03-30,3,119,119
17777,2011-08-31,67,273,273
17777,2011-10-31,65,334,273
17777,2011-11-15,62,349,273
17779,2011-07-19,34,230,230
17779,2011-09-13,32,286,230
17779,2011-11-18,16,352,230
17781,2011-03-31,2,120,120
17781,2011-07-03,10,214,120
17783,2011-04-06,30,126,126
17783,2011-09-28,37,301,126
17785,2011-10-17,13,320,320
17786,2011-01-26,28,56,56
17786,2011-09-15,44,288,56
17787,2010-12-03,31,2,2
17787,2011-01-20,48,50,2
17787,2011-02-08,40,69,2
17787,2011-07-10,15,221,2
17788,2011-08-02,3,244,244
17788,2011-09-27,2,300,244
17789,2011-03-03,14,92,92
17790,2010-12-10,11,9,9
17790,2010-12-13,9,12,9
17790,2010-12-17,4,16,9
17790,2011-02-10,11,71,9
17790,2011-04-07,11,127,9
17790,2011-05-13,16,163,9
17790,2011-05-25,8,175,9
17790,2011-07-12,11,223,9
17790,2011-07-29,19,240,9
17790,2011-08-11,25,253,9
17790,2011-10-09,36,312,9
17790,2011-11-13,29,347,9
17791,2011-11-10,10,344,344
17793,2011-11-14,58,348,348
17795,2011-03-20,17,109,109
17795,2011-06-13,29,194,109
17796,2010-12-05,19,4,4
17796,2011-01-09,35,39,4
17796,2011-01-30,24,60,4
17796,2011-10-30,4,333,4
17797,2011-06-10,44,191,191
17797,2011-11-17,67,351,191
17799,2010-12-13,33,12,12
17799,2011-01-21,73,51,12
17799,2011-01-24,11,54,12
17799,2011-03-14,44,103,12
17799,2011-04-11,16,131,12
17799,2011-06-23,80,204,12
17799,2011-06-29,26,210,12
17799,2011-09-01,60,274,12
17799,2011-11-17,65,351,12
17800,2011-01-09,12,39,39
17800,2011-03-11,7,100,39
17800,2011-05-06,7,156,39
17800,2011-07-01,22,212,39
17800,2011-07-03,8,214,39
17800,2011-08-14,11,256,39
17800,2011-09-09,13,282,39
17800,2011-10-21,15,324,39
17800,2011-11-02,9,336,39
17802,2010-12-02,12,1,1
17802,2011-06-12,63,193,1
17802,2011-09-18,65,291,1
17805,2011-09-27,10,300,300
17806,2011-11-28,43,362,362
17809,2010-12-01,1,0,0
17809,2010-12-03,14,2,0
17809,2011-02-11,2,72,0
17809,2011-04-08,1,128,0
17809,2011-05-06,2,156,0
17809,2011-06-20,1,201,0
17809,2011-08-02,14,244,0
17809,2011-10-10,1,313,0
17809,2011-10-14,17,317,0
17809,2011-11-23,8,357,0
17811,2011-01-10,46,40,40
17811,2011-01-20,32,50,40
17811,2011-01-26,10,56,40
17811,2011-02-02,33,63,40
17811,2011-02-13,9,74,40
17811,2011-02-14,3,75,40
17811,2011-02-20,109,81,40
17811,2011-02-22,13,83,40
17811,2011-03-01,7,90,40
17811,2011-03-06,16,95,40
17811,2011-03-14,11,103,40
17811,2011-03-21,7,110,40
17811,2011-04-06,6,126,40
17811,2011-04-12,9,132,40
17811,2011-05-04,14,154,40
17811,2011-05-17,33,167,40
17811,2011-05-24,15,174,40
17811,2011-06-05,9,186,40
17811,2011-06-26,14,207,40
17811,2011-07-11,21,222,40
17811,2011-07-21,11,232,40
17811,2011-08-11,15,253,40
17811,2011-08-19,12,261,40
17811,2011-09-08,31,281,40
17811,2011-09-12,34,285,40
17811,2011-09-27,11,300,40
17811,2011-10-02,18,305,40
17811,2011-10-09,17,312,40
17811,2011-10-16,8,319,40
17811,2011-10-24,24,327,40
17811,2011-11-02,9,336,40
17811,2011-11-07,12,341,40
17811,2011-11-14,77,348,40
17811,2011-11-18,43,352,40
17811,2011-11-21,46,355,40
17811,2011-11-28,32,362,40
17811,2011-12-02,12,366,40
17811,2011-12-05,22,369,40
17812,2010-12-06,33,5,5
17812,2011-11-01,13,335,5
17812,2011-11-24,43,358,5
17812,2011-11-27,52,361,5
17813,2011-09-29,57,302,302
17813,2011-10-06,239,309,302
17813,2011-10-13,1,316,302
17813,2011-11-01,41,335,302
17813,2011-11-25,33,359,302
17816,2010-12-09,10,8,8
17816,2011-03-15,1,104,8
17816,2011-10-05,4,308,8
17816,2011-11-03,2,337,8
17817,2011-03-07,13,96,96
17817,2011-12-05,20,369,96
17819,2010-12-03,12,2,2
17819,2010-12-12,2,11,2
17819,2011-02-15,13,76,2
17819,2011-04-13,3,133,2
17819,2011-05-29,10,179,2
17819,2011-06-10,6,191,2
17819,2011-09-29,2,302,2
17824,2011-10-19,13,322,322
17827,2010-12-10,112,9,9
17827,2011-04-11,44,131,9
17827,2011-12-04,64,368,9
17828,2011-06-08,44,189,189
17828,2011-06-22,1,203,189
17828,2011-08-22,10,264,189
17828,2011-11-17,12,351,189
17829,2011-02-14,30,75,75
17830,2011-02-24,11,85,85
17830,2011-03-23,5,112,85
17830,2011-12-08,7,372,85
17831,2011-11-06,2,340,340
17832,2011-10-21,61,324,324
17835,2011-11-16,19,350,350
17835,2011-11-30,23,364,350
17835,2011-12-07,19,371,350
17836,2011-10-23,24,326,326
17837,2011-06-29,12,210,210
17837,2011-07-07,8,218,210
17837,2011-07-14,13,225,210
17837,2011-09-25,30,298,210
17837,2011-10-05,37,308,210
17837,2011-10-11,17,314,210
17837,2011-10-14,14,317,210
17837,2011-10-28,38,331,210
17838,2010-12-02,31,1,1
17838,2010-12-09,12,8,1
17838,2011-02-20,34,81,1
17838,2011-09-11,28,284,1
17838,2011-11-13,16,347,1
17839,2011-10-28,56,331,331
17841,2010-12-01,65,0,0
17841,2010-12-03,29,2,0
17841,2010-12-06,46,5,0
17841,2010-12-09,46,8,0
17841,2010-12-14,67,13,0
17841,2010-12-19,34,18,0
17841,2011-01-04,71,34,0
17841,2011-01-09,31,39,0
17841,2011-01-12,34,42,0
17841,2011-01-16,37,46,0
17841,2011-01-19,14,49,0
17841,2011-01-23,17,53,0
17841,2011-01-26,17,56,0
17841,2011-01-30,25,60,0
17841,2011-02-02,31,63,0
17841,2011-02-08,19,69,0
17841,2011-02-13,22,74,0
17841,2011-02-17,51,78,0
17841,2011-02-22,41,83,0
17841,2011-02-28,47,89,0
17841,2011-03-03,49,92,0
17841,2011-03-07,25,96,0
17841,2011-03-10,49,99,0
17841,2011-03-14,50,103,0
17841,2011-03-18,22,107,0
17841,2011-03-21,29,110,0
17841,2011-03-28,60,117,0
17841,2011-03-31,37,120,0
17841,2011-04-05,67,125,0
17841,2011-04-11,86,131,0
17841,2011-04-14,54,134,0
17841,2011-04-18,55,138,0
17841,2011-04-21,50,141,0
17841,2011-04-27,63,147,0
17841,2011-05-03,81,153,0
17841,2011-05-06,50,156,0
17841,2011-05-10,57,160,0
17841,2011-05-13,60,163,0
17841,2011-05-16,93,166,0
17841,2011-05-19,53,169,0
17841,2011-05-23,80,173,0
17841,2011-05-24,48,174,0
17841,2011-05-27,42,177,0
17841,2011-05-31,71,181,0
17841,2011-06-05,76,186,0
17841,2011-06-08,99,189,0
17841,2011-06-09,64,190,0
17841,2011-06-13,80,194,0
17841,2011-06-16,80,197,0
17841,2011-06-21,75,202,0
17841,2011-06-27,107,208,0
17841,2011-06-30,58,211,0
17841,2011-07-04,124,215,0
17841,2011-07-06,67,217,0
17841,2011-07-10,77,221,0
17841,2011-07-12,94,223,0
17841,2011-07-15,31,226,0
17841,2011-07-18,117,229,0
17841,2011-07-20,55,231,0
17841,2011-07-25,114,236,0
17841,2011-07-27,58,238,0
17841,2011-07-29,52,240,0
17841,2011-07-31,59,242,0
17841,2011-08-03,65,245,0
17841,2011-08-05,45,247,0
17841,2011-08-09,89,251,0
17841,2011-08-11,61,253,0
17841,2011-08-14,62,256,0
17841,2011-08-17,75,259,0
17841,2011-08-19,27,261,0
17841,2011-08-23,85,265,0
17841,2011-08-25,57,267,0
17841,2011-08-28,94,270,0
17841,2011-09-01,81,274,0
17841,2011-09-06,138,279,0
17841,2011-09-09,49,282,0
17841,2011-09-11,50,284,0
17841,2011-09-14,54,287,0
17841,2011-09-18,64,291,0
17841,2011-09-20,64,293,0
17841,2011-09-23,87,296,0
17841,2011-09-26,47,299,0
17841,2011-09-28,148,301,0
17841,2011-10-02,91,305,0
17841,2011-10-05,65,308,0
17841,2011-10-07,50,310,0
17841,2011-10-10,73,313,0
17841,2011-10-12,133,315,0
17841,2011-10-13,55,316,0
17841,2011-10-17,85,320,0
17841,2011-10-19,94,322,0
17841,2011-10-23,105,326,0
17841,2011-10-26,60,329,0
17841,2011-10-28,62,331,0
17841,2011-10-31,102,334,0
17841,2011-11-02,87,336,0
17841,2011-11-04,113,338,0
17841,2011-11-08,130,342,0
17841,2011-11-09,79,343,0
17841,2011-11-11,80,345,0
17841,2011-11-13,84,347,0
17841,2011-11-16,146,350,0
17841,2011-11-18,87,352,0
17841,2011-11-20,93,354,0
17841,2011-11-23,136,357,0
17841,2011-11-24,97,358,0
17841,2011-11-27,107,361,0
17841,2011-11-29,158,363,0
17841,2011-12-01,125,365,0
17841,2011-12-02,29,366,0
17841,2011-12-06,184,370,0
17841,2011-12-08,133,372,0
17843,2011-02-09,37,70,70
17844,2011-08-25,5,267,267
17846,2011-09-15,1,288,288
17848,2010-12-16,5,15,15
17848,2011-01-13,5,43,15
17848,2011-02-02,3,63,15
17848,2011-04-04,13,124,15
17848,2011-06-23,16,204,15
17848,2011-07-14,5,225,15
17848,2011-07-21,2,232,15
17848,2011-08-03,1,245,15
17848,2011-09-19,1,292,15
17849,2011-01-10,8,40,40
17849,2011-02-07,7,68,40
17849,2011-03-21,7,110,40
17849,2011-05-05,4,155,40
17850,2010-12-01,84,0,0
17850,2010-12-02,213,1,0
17852,2011-11-28,24,362,362
17854,2011-04-26,12,146,146
17854,2011-06-07,3,188,146
17855,2010-12-02,17,1,1
17856,2011-03-03,5,92,92
17856,2011-03-20,2,109,92
17856,2011-04-20,2,140,92
17856,2011-12-08,6,372,92
17857,2010-12-09,4,8,8
17857,2010-12-16,1,15,8
17857,2011-02-16,3,77,8
17857,2011-03-18,2,107,8
17857,2011-04-05,4,125,8
17857,2011-04-26,1,146,8
17857,2011-04-27,1,147,8
17857,2011-05-03,1,153,8
17857,2011-05-17,1,167,8
17857,2011-06-20,2,201,8
17857,2011-08-11,1,253,8
17857,2011-08-22,5,264,8
17857,2011-09-02,2,275,8
17857,2011-09-28,2,301,8
17857,2011-10-25,4,328,8
17857,2011-11-03,6,337,8
17857,2011-11-07,1,341,8
17857,2011-11-09,5,343,8
17857,2011-11-22,3,356,8
17857,2011-12-05,5,369,8
17858,2010-12-05,19,4,4
17858,2010-12-15,8,14,4
17858,2011-01-23,8,53,4
17858,2011-02-08,2,69,4
17858,2011-03-16,7,105,4
17858,2011-03-23,1,112,4
17858,2011-06-24,24,205,4
17858,2011-08-12,25,254,4
17858,2011-08-15,15,257,4
17858,2011-09-18,20,291,4
17858,2011-10-17,27,320,4
17858,2011-12-04,43,368,4
17859,2011-02-08,25,69,69
17860,2010-12-06,58,5,5
17861,2011-01-24,8,54,54
17861,2011-03-31,34,120,54
17861,2011-07-06,87,217,54
17861,2011-07-26,8,237,54
17861,2011-11-10,11,344,54
17861,2011-11-15,13,349,54
17861,2011-12-06,61,370,54
17862,2011-01-20,11,50,50
17863,2010-12-05,21,4,4
17863,2011-02-02,27,63,4
17863,2011-03-30,18,119,4
17863,2011-07-17,22,228,4
17863,2011-09-20,19,293,4
17863,2011-10-11,41,314,4
17864,2011-03-09,32,98,98
17864,2011-09-11,59,284,98
17864,2011-11-27,11,361,98
17865,2010-12-10,36,9,9
17865,2010-12-17,6,16,9
17865,2011-02-17,19,78,9
17865,2011-02-24,34,85,9
17865,2011-03-22,20,111,9
17865,2011-04-14,22,134,9
17865,2011-05-19,30,169,9
17865,2011-06-16,1,197,9
17865,2011-07-01,29,212,9
17865,2011-08-17,29,259,9
17865,2011-08-24,34,266,9
17865,2011-09-12,14,285,9
17865,2011-09-15,12,288,9
17865,2011-09-21,19,294,9
17865,2011-10-26,25,329,9
17865,2011-11-09,40,343,9
17866,2011-07-20,9,231,231
17867,2011-02-24,1,85,85
17867,2011-05-20,4,170,85
17867,2011-07-19,3,230,85
17867,2011-11-09,71,343,85
17869,2010-12-06,16,5,5
17869,2011-04-07,10,127,5
17869,2011-05-08,2,158,5
17869,2011-08-24,12,266,5
17870,2010-12-08,1,7,7
17870,2011-07-27,54,238,7
17870,2011-08-08,10,250,7
17870,2011-09-09,27,282,7
17870,2011-09-29,20,302,7
17870,2011-10-25,31,328,7
17870,2011-11-08,16,342,7
17870,2011-11-25,70,359,7
17870,2011-12-07,50,371,7
17871,2011-05-19,10,169,169
17873,2010-12-01,9,0,0
17873,2011-03-03,11,92,0
17873,2011-04-13,9,133,0
17873,2011-06-08,8,189,0
17873,2011-09-20,7,293,0
17874,2011-03-29,4,118,118
17874,2011-04-28,36,148,118
17874,2011-06-07,6,188,118
17877,2011-06-22,12,203,203
17878,2011-10-27,26,330,330
17879,2011-06-19,6,200,200
17880,2010-12-10,26,9,9
17881,2011-02-08,8,69,69
17883,2011-04-07,19,127,127
17883,2011-09-14,20,287,127
17883,2011-11-25,59,359,127
17883,2011-12-06,47,370,127
17884,2010-12-03,28,2,2
17884,2010-12-06,36,5,2
17884,2011-02-01,29,62,2
17884,2011-12-06,24,370,2
17885,2011-11-27,64,361,361
17886,2011-04-04,16,124,124
17886,2011-05-13,31,163,124
17886,2011-11-08,62,342,124
17887,2011-08-02,10,244,244
17888,2010-12-17,3,16,16
17888,2011-01-26,15,56,16
17888,2011-05-11,6,161,16
17888,2011-07-01,13,212,16
17888,2011-09-21,6,294,16
17888,2011-10-11,22,314,16
17888,2011-11-01,1,335,16
17888,2011-11-18,1,352,16
17889,2011-01-21,12,51,51
17889,2011-05-11,9,161,51
17890,2010-12-13,64,12,12
17890,2011-01-21,30,51,12
17891,2011-06-30,34,211,211
17892,2011-07-07,26,218,218
17892,2011-10-13,1,316,218
17892,2011-10-14,1,317,218
17893,2011-04-28,16,148,148
17894,2010-12-08,11,7,7
17894,2010-12-14,43,13,7
17894,2010-12-15,17,14,7
17894,2010-12-22,21,21,7
17894,2011-01-31,23,61,7
17894,2011-02-27,29,88,7
17894,2011-09-04,16,277,7
17894,2011-09-29,33,302,7
17895,2011-10-26,16,329,329
17896,2011-11-16,2,350,350
17897,2010-12-01,35,0,0
17897,2010-12-07,37,6,0
17897,2011-06-20,42,201,0
17898,2011-05-16,20,166,166
17898,2011-09-15,8,288,166
17899,2011-07-03,32,214,214
17900,2011-06-02,6,183,183
17901,2011-11-10,19,344,344
17904,2011-11-18,38,352,352
17905,2010-12-01,23,0,0
17905,2010-12-22,5,21,0
17905,2011-07-06,5,217,0
17905,2011-09-29,1,302,0
17906,2011-04-06,12,126,126
17908,2010-12-01,58,0,0
17911,2011-11-30,39,364,364
17912,2010-12-10,16,9,9
17912,2010-12-14,14,13,9
17912,2010-12-15,6,14,9
17912,2011-02-02,2,63,9
17913,2010-12-19,31,18,18
17913,2011-10-12,28,315,18
17914,2011-12-06,80,370,370
17917,2010-12-12,29,11,11
17917,2011-03-28,36,117,11
17917,2011-10-25,29,328,11
17919,2011-09-12,23,285,285
17920,2010-12-01,81,0,0
17920,2010-12-06,14,5,0
17920,2011-01-28,10,58,0
17920,2011-04-17,25,137,0
17920,2011-05-23,12,173,0
17920,2011-07-01,82,212,0
17920,2011-07-22,68,233,0
17920,2011-07-26,6,237,0
17920,2011-08-26,34,268,0
17920,2011-09-22,41,295,0
17920,2011-10-17,10,320,0
17920,2011-11-06,75,340,0
17920,2011-11-13,52,347,0
17920,2011-11-25,31,359,0
17920,2011-11-28,32,362,0
17920,2011-12-01,40,365,0
17920,2011-12-05,83,369,0
17921,2011-03-18,44,107,107
17921,2011-06-30,25,211,107
17921,2011-07-14,35,225,107
17921,2011-10-06,41,309,107
17923,2011-03-02,1,91,91
17924,2010-12-01,2,0,0
17924,2011-02-11,1,72,0
17924,2011-10-03,17,306,0
17924,2011-10-31,8,334,0
17924,2011-11-28,3,362,0
17925,2010-12-02,1,1,1
17926,2011-05-20,11,170,170
17926,2011-07-29,10,240,170
17928,2011-04-07,17,127,127
17928,2011-10-25,6,328,127
17929,2011-02-04,2,65,65
17929,2011-03-30,1,119,65
17929,2011-08-19,1,261,65
17929,2011-11-28,1,362,65
17930,2011-04-14,5,134,134
17930,2011-06-30,15,211,134
17930,2011-09-29,5,302,134
17930,2011-10-06,4,309,134
17930,2011-11-04,10,338,134
17931,2011-03-29,50,118,118
17931,2011-07-28,15,239,118
17932,2011-05-12,42,162,162
17932,2011-06-19,22,200,162
17932,2011-11-10,26,344,162
17934,2011-10-12,19,315,315
17934,2011-10-19,2,322,315
17935,2011-07-21,27,232,232
17935,2011-07-24,2,235,232
17936,2011-12-04,77,368,368
17937,2010-12-12,13,11,11
17937,2010-12-13,5,12,11
17937,2011-02-14,4,75,11
17937,2011-03-27,7,116,11
17937,2011-08-17,4,259,11
17937,2011-11-08,4,342,11
17937,2011-12-01,6,365,11
17939,2011-07-03,12,214,214
17940,2011-02-10,5,71,71
17940,2011-03-08,2,97,71
17940,2011-04-05,3,125,71
17940,2011-04-08,1,128,71
17940,2011-05-05,1,155,71
17940,2011-06-28,2,209,71
17940,2011-08-03,3,245,71
17940,2011-08-23,1,265,71
17940,2011-10-21,1,324,71
17941,2011-08-01,2,243,243
17942,2011-12-02,2,366,366
17946,2011-03-25,3,114,114
17946,2011-04-20,17,140,114
17947,2011-11-02,9,336,336
17948,2011-07-15,1,226,226
17949,2010-12-03,1,2,2
17949,2011-01-06,1,36,2
17949,2011-02-23,2,84,2
17949,2011-03-02,1,91,2
17949,2011-03-11,1,100,2
17949,2011-04-27,1,147,2
17949,2011-05-09,4,159,2
17949,2011-05-17,1,167,2
17949,2011-05-23,1,173,2
17949,2011-05-31,1,181,2
17949,2011-06-03,2,184,2
17949,2011-06-30,17,211,2
17949,2011-07-12,1,223,2
17949,2011-07-21,1,232,2
17949,2011-07-28,9,239,2
17949,2011-08-10,1,252,2
17949,2011-08-17,3,259,2
17949,2011-08-26,1,268,2
17949,2011-08-31,1,273,2
17949,2011-09-01,1,274,2
17949,2011-09-02,4,275,2
17949,2011-09-07,1,280,2
17949,2011-09-30,3,303,2
17949,2011-10-10,3,313,2
17949,2011-10-14,1,317,2
17949,2011-10-28,1,331,2
17949,2011-11-22,1,356,2
17949,2011-12-02,3,366,2
17949,2011-12-08,2,372,2
17950,2010-12-09,39,8,8
17950,2011-09-28,32,301,8
17951,2010-12-01,5,0,0
17951,2010-12-16,4,15,0
17951,2011-10-31,11,334,0
17954,2010-12-03,14,2,2
17954,2010-12-07,1,6,2
17954,2011-01-14,67,44,2
17954,2011-02-17,61,78,2
17954,2011-03-15,26,104,2
17954,2011-03-20,21,109,2
17954,2011-04-27,37,147,2
17954,2011-06-08,56,189,2
17954,2011-06-30,29,211,2
17954,2011-08-08,78,250,2
17954,2011-10-02,30,305,2
17954,2011-12-04,65,368,2
17955,2011-05-04,13,154,154
17955,2011-05-05,5,155,154
17955,2011-05-25,1,175,154
17956,2011-04-04,1,124,124
17957,2011-10-04,31,307,307
17958,2011-08-15,7,257,257
17960,2011-06-21,26,202,202
17961,2010-12-02,29,1,1
17961,2010-12-21,48,20,1
17961,2011-01-14,1,44,1
17961,2011-01-17,1,47,1
17961,2011-02-02,2,63,1
17961,2011-02-16,11,77,1
17961,2011-03-01,1,90,1
17961,2011-03-11,2,100,1
17961,2011-03-16,9,105,1
17961,2011-03-17,4,106,1
17961,2011-03-18,5,107,1
17961,2011-04-08,8,128,1
17961,2011-04-21,4,141,1
17961,2011-04-27,3,147,1
17961,2011-05-04,8,154,1
17961,2011-05-13,8,163,1
17961,2011-05-20,1,170,1
17961,2011-05-24,1,174,1
17961,2011-05-27,14,177,1
17961,2011-06-09,10,190,1
17961,2011-06-12,2,193,1
17961,2011-06-17,8,198,1
17961,2011-06-23,3,204,1
17961,2011-07-07,1,218,1
17961,2011-07-21,10,232,1
17961,2011-07-22,21,233,1
17961,2011-08-04,1,246,1
17961,2011-08-08,5,250,1
17961,2011-09-12,1,285,1
17961,2011-09-13,1,286,1
17961,2011-09-15,15,288,1
17961,2011-09-19,4,292,1
17961,2011-09-30,1,303,1
17961,2011-11-08,2,342,1
17961,2011-11-18,4,352,1
17962,2011-07-20,35,231,231
17964,2010-12-02,35,1,1
17964,2011-11-08,69,342,1
17965,2010-12-05,7,4,4
17965,2010-12-09,17,8,4
17965,2011-01-12,52,42,4
17965,2011-01-28,16,58,4
17965,2011-03-01,33,90,4
17965,2011-04-01,26,121,4
17965,2011-06-28,22,209,4
17965,2011-07-08,3,219,4
17965,2011-07-21,9,232,4
17965,2011-07-28,46,239,4
17965,2011-09-09,53,282,4
17965,2011-10-11,12,314,4
17965,2011-11-02,33,336,4
17966,2011-03-23,6,112,112
17966,2011-06-08,6,189,112
17966,2011-07-11,49,222,112
17966,2011-11-02,7,336,112
17967,2010-12-03,48,2,2
17968,2010-12-01,85,0,0
17969,2010-12-13,7,12,12
17969,2011-06-26,7,207,12
17970,2011-05-12,31,162,162
17972,2011-04-12,31,132,132
17973,2011-10-19,15,322,322
17974,2011-05-04,21,154,154
17974,2011-10-26,34,329,154
17974,2011-11-15,124,349,154
17975,2010-12-08,8,7,7
17975,2010-12-14,20,13,7
17975,2011-01-04,30,34,7
17975,2011-02-02,31,63,7
17975,2011-03-13,18,102,7
17975,2011-04-26,28,146,7
17975,2011-05-31,9,181,7
17975,2011-07-04,46,215,7
17975,2011-07-19,15,230,7
17975,2011-07-28,21,239,7
17975,2011-08-17,27,259,7
17975,2011-10-07,16,310,7
17975,2011-11-24,27,358,7
17976,2010-12-02,65,1,1
17977,2011-11-10,21,344,344
17978,2010-12-09,12,8,8
17979,2011-03-25,59,114,114
17979,2011-06-24,38,205,114
17979,2011-11-04,49,338,114
17980,2010-12-15,15,14,14
17980,2011-05-19,11,169,14
17980,2011-06-27,4,208,14
17984,2011-07-17,48,228,228
17985,2011-11-17,23,351,351
17986,2011-10-14,1,317,317
17987,2011-06-07,13,188,188
17988,2011-01-17,13,47,47
17988,2011-07-01,4,212,47
17988,2011-08-14,9,256,47
17988,2011-11-27,2,361,47
17988,2011-11-28,10,362,47
17990,2010-12-13,7,12,12
17990,2010-12-21,5,20,12
17990,2011-04-17,17,137,12
17991,2011-04-27,2,147,147
17991,2011-04-28,3,148,147
17994,2011-02-22,44,83,83
17994,2011-03-11,3,100,83
17994,2011-06-03,29,184,83
17994,2011-08-10,5,252,83
17995,2011-03-03,2,92,92
17997,2011-06-28,17,209,209
17997,2011-07-06,15,217,209
17997,2011-07-10,28,221,209
17997,2011-07-29,16,240,209
17997,2011-09-02,40,275,209
17997,2011-09-08,28,281,209
17997,2011-09-21,15,294,209
17997,2011-09-26,7,299,209
17999,2010-12-08,38,7,7
17999,2011-11-02,55,336,7
18001,2011-09-14,42,287,287
18001,2011-11-27,16,361,287
18004,2010-12-12,40,11,11
18005,2011-10-23,23,326,326
18005,2011-12-06,37,370,326
18006,2011-11-16,22,350,350
18008,2011-01-25,12,55,55
18008,2011-03-21,10,110,55
18008,2011-03-24,1,113,55
18008,2011-04-11,1,131,55
18008,2011-04-21,1,141,55
18008,2011-05-20,2,170,55
18008,2011-09-27,1,300,55
18008,2011-09-30,2,303,55
18009,2011-04-18,32,138,138
18010,2011-03-28,14,117,117
18011,2010-12-01,28,0,0
18013,2011-07-07,31,218,218
18014,2011-11-11,32,345,345
18015,2011-12-05,46,369,369
18016,2010-12-10,19,9,9
18016,2011-01-28,21,58,9
18016,2011-06-06,18,187,9
18016,2011-09-26,48,299,9
18016,2011-11-07,17,341,9
18017,2011-02-02,1,63,63
18017,2011-06-23,1,204,63
18017,2011-09-19,1,292,63
18018,2011-05-24,2,174,174
18018,2011-08-23,27,265,174
18019,2011-10-19,5,322,322
18022,2011-11-04,191,338,338
18024,2011-07-10,21,221,221
18027,2011-09-02,21,275,275
18030,2011-10-28,4,331,331
18030,2011-12-05,5,369,331
18032,2011-01-09,5,39,39
18033,2011-10-05,34,308,308
18034,2011-11-18,112,352,352
18035,2011-10-27,27,330,330
18035,2011-11-04,26,338,330
18036,2011-04-08,40,128,128
18036,2011-08-26,20,268,128
18036,2011-11-07,36,341,128
18037,2010-12-12,6,11,11
18037,2011-01-21,2,51,11
18037,2011-03-31,2,120,11
18037,2011-04-17,1,137,11
18037,2011-04-28,6,148,11
18037,2011-07-08,2,219,11
18040,2011-04-08,12,128,128
18040,2011-11-20,7,354,128
18041,2010-12-02,81,1,1
18041,2010-12-09,29,8,1
18041,2011-01-06,27,36,1
18041,2011-01-18,14,48,1
18041,2011-02-02,10,63,1
18041,2011-02-23,18,84,1
18041,2011-03-03,7,92,1
18041,2011-03-22,24,111,1
18041,2011-03-31,12,120,1
18041,2011-04-08,6,128,1
18041,2011-05-04,16,154,1
18041,2011-05-10,7,160,1
18041,2011-06-09,7,190,1
18041,2011-07-19,23,230,1
18041,2011-08-28,77,270,1
18041,2011-09-23,10,296,1
18041,2011-09-30,23,303,1
18041,2011-11-03,11,337,1
18041,2011-11-16,17,350,1
18041,2011-11-28,53,362,1
18042,2011-10-17,7,320,320
18043,2010-12-08,66,7,7
18043,2011-05-17,33,167,7
18043,2011-11-15,22,349,7
18044,2010-12-14,6,13,13
18044,2011-03-01,10,90,13
18044,2011-03-29,18,118,13
18044,2011-04-04,7,124,13
18044,2011-05-24,17,174,13
18044,2011-05-25,5,175,13
18044,2011-06-26,14,207,13
18044,2011-09-13,23,286,13
18044,2011-11-03,18,337,13
18044,2011-12-05,9,369,13
18045,2011-10-25,47,328,328
18048,2011-05-20,7,170,170
18050,2010-12-15,5,14,14
18053,2011-09-30,20,303,303
18055,2010-12-05,19,4,4
18055,2010-12-07,28,6,4
18055,2010-12-16,35,15,4
18055,2011-02-01,14,62,4
18055,2011-02-21,17,82,4
18055,2011-05-20,39,170,4
18055,2011-08-03,15,245,4
18055,2011-09-16,79,289,4
18055,2011-10-31,67,334,4
18055,2011-12-02,47,366,4
18056,2011-02-24,19,85,85
18058,2011-11-30,3,364,364
18059,2011-10-03,6,306,306
18059,2011-10-26,8,329,306
18059,2011-11-16,5,350,306
18061,2010-12-08,6,7,7
18061,2011-01-21,5,51,7
18061,2011-02-22,2,83,7
18061,2011-04-08,6,128,7
18061,2011-05-17,6,167,7
18061,2011-06-10,4,191,7
18061,2011-07-11,5,222,7
18061,2011-08-24,7,266,7
18061,2011-10-05,3,308,7
18061,2011-11-18,2,352,7
18062,2011-01-06,5,36,36
18062,2011-05-03,15,153,36
18062,2011-06-19,7,200,36
18064,2011-04-18,2,138,138
18064,2011-07-29,5,240,138
18065,2010-12-10,21,9,9
18065,2011-02-24,23,85,9
18065,2011-05-04,23,154,9
18065,2011-06-09,16,190,9
18065,2011-09-14,31,287,9
18065,2011-12-04,23,368,9
18066,2011-09-25,10,298,298
18067,2011-10-30,37,333,333
18068,2011-02-23,1,84,84
18069,2011-01-16,76,46,46
18069,2011-04-18,109,138,46
18069,2011-06-12,56,193,46
18069,2011-09-12,141,285,46
18069,2011-11-13,88,347,46
18071,2010-12-09,14,8,8
18071,2011-03-27,11,116,8
18072,2011-06-07,18,188,188
18073,2011-05-26,3,176,176
18073,2011-05-27,2,177,176
18073,2011-06-07,3,188,176
18073,2011-06-14,13,195,176
18073,2011-06-15,1,196,176
18073,2011-06-27,11,208,176
18073,2011-07-07,7,218,176
18073,2011-07-21,8,232,176
18073,2011-08-03,15,245,176
18073,2011-08-17,10,259,176
18074,2010-12-01,13,0,0
18075,2010-12-14,12,13,13
18075,2011-01-25,17,55,13
18075,2011-02-09,5,70,13
18075,2011-03-01,12,90,13
18075,2011-03-23,15,112,13
18075,2011-05-19,7,169,13
18075,2011-06-29,15,210,13
18075,2011-08-25,24,267,13
18075,2011-10-11,15,314,13
18075,2011-11-16,20,350,13
18077,2010-12-08,19,7,7
18077,2010-12-19,17,18,7
18077,2011-01-25,27,55,7
18077,2011-04-27,20,147,7
18077,2011-06-19,19,200,7
18077,2011-08-11,23,253,7
18077,2011-08-28,29,270,7
18077,2011-10-19,18,322,7
18077,2011-10-27,10,330,7
18077,2011-11-06,22,340,7
18077,2011-12-01,23,365,7
18078,2011-03-25,21,114,114
18078,2011-05-06,8,156,114
18079,2011-04-15,29,135,135
18079,2011-08-05,40,247,135
18079,2011-10-25,58,328,135
18080,2011-04-11,1,131,131
18080,2011-11-21,1,355,131
18081,2011-07-29,7,240,240
18081,2011-08-19,3,261,240
18081,2011-11-03,7,337,240
18082,2011-11-14,73,348,348
18084,2011-11-23,1,357,357
18085,2010-12-01,9,0,0
18085,2011-01-13,20,43,0
18086,2011-03-10,7,99,99
18087,2011-02-22,1,83,83
18087,2011-09-02,1,275,83
18088,2011-10-09,39,312,312
18092,2010-12-09,10,8,8
18092,2010-12-20,6,19,8
18092,2010-12-22,3,21,8
18092,2011-01-13,2,43,8
18092,2011-04-26,6,146,8
18092,2011-06-08,12,189,8
18092,2011-08-12,13,254,8
18092,2011-09-14,16,287,8
18092,2011-11-01,14,335,8
18092,2011-12-07,7,371,8
18093,2011-02-10,19,71,71
18093,2011-02-15,4,76,71
18093,2011-08-11,11,253,71
18093,2011-09-07,2,280,71
18094,2011-02-21,16,82,82
18094,2011-04-15,19,135,82
18094,2011-05-05,3,155,82
18094,2011-07-26,18,237,82
18094,2011-09-19,14,292,82
18095,2011-01-11,16,41,41
18095,2011-01-31,5,61,41
18096,2011-10-07,50,310,310
18096,2011-10-13,112,316,310
18096,2011-11-28,51,362,310
18097,2010-12-20,7,19,19
18097,2011-01-04,9,34,19
18097,2011-05-18,40,168,19
18097,2011-08-05,28,247,19
18097,2011-12-02,24,366,19
18099,2011-08-04,19,246,246
18101,2011-07-19,13,230,230
18101,2011-11-28,28,362,230
18102,2010-12-07,17,6,6
18102,2010-12-09,1,8,6
18102,2011-02-07,6,68,6
18102,2011-03-03,1,92,6
18102,2011-03-25,4,114,6
18102,2011-04-20,3,140,6
18102,2011-05-16,17,166,6
18102,2011-05-17,29,167,6
18102,2011-06-07,12,188,6
18102,2011-06-09,12,190,6
18102,2011-06-14,17,195,6
18102,2011-07-04,12,215,6
18102,2011-07-20,14,231,6
18102,2011-07-28,7,239,6
18102,2011-08-05,6,247,6
18102,2011-09-02,5,275,6
18102,2011-09-15,39,288,6
18102,2011-09-22,40,295,6
18102,2011-09-28,3,301,6
18102,2011-10-03,90,306,6
18102,2011-10-04,1,307,6
18102,2011-10-21,25,324,6
18102,2011-11-04,46,338,6
18102,2011-11-28,1,362,6
18102,2011-12-08,22,372,6
18102,2011-12-09,1,373,6
18104,2011-11-02,38,336,336
18105,2011-11-02,18,336,336
18106,2011-01-14,39,44,44
18108,2011-03-30,17,119,119
18109,2010-12-05,14,4,4
18109,2010-12-12,7,11,4
18109,2011-01-05,18,35,4
18109,2011-01-12,13,42,4
18109,2011-01-18,17,48,4
18109,2011-02-09,9,70,4
18109,2011-03-24,28,113,4
18109,2011-04-03,29,123,4
18109,2011-04-12,12,132,4
18109,2011-05-19,27,169,4
18109,2011-05-29,16,179,4
18109,2011-06-12,22,193,4
18109,2011-06-19,14,200,4
18109,2011-07-14,16,225,4
18109,2011-07-24,6,235,4
18109,2011-08-04,15,246,4
18109,2011-08-21,19,263,4
18109,2011-09-09,25,282,4
18109,2011-09-28,22,301,4
18109,2011-10-06,18,309,4
18109,2011-10-23,18,326,4
18109,2011-11-09,13,343,4
18109,2011-11-25,31,359,4
18109,2011-12-02,22,366,4
18109,2011-12-08,13,372,4
18110,2011-11-20,46,354,354
18112,2011-06-26,12,207,207
18112,2011-11-27,14,361,207
18113,2010-12-06,1,5,5
18114,2011-02-22,28,83,83
18116,2010-12-10,38,9,9
18116,2010-12-16,28,15,9
18116,2010-12-23,89,22,9
18116,2011-02-17,41,78,9
18116,2011-04-03,91,123,9
18116,2011-04-18,48,138,9
18116,2011-04-19,7,139,9
18116,2011-10-03,36,306,9
18117,2011-11-14,74,348,348
18118,2010-12-05,118,4,4
18118,2010-12-10,33,9,4
18118,2011-01-18,99,48,4
18118,2011-02-07,57,68,4
18118,2011-02-11,16,72,4
18118,2011-03-02,34,91,4
18118,2011-03-14,74,103,4
18118,2011-03-24,56,113,4
18118,2011-03-28,24,117,4
18118,2011-04-01,17,121,4
18118,2011-04-10,59,130,4
18118,2011-05-04,43,154,4
18118,2011-05-11,48,161,4
18118,2011-05-16,55,166,4
18118,2011-06-06,40,187,4
18118,2011-06-17,33,198,4
18118,2011-06-24,18,205,4
18118,2011-07-15,53,226,4
18118,2011-09-09,42,282,4
18118,2011-09-23,53,296,4
18118,2011-10-18,45,321,4
18118,2011-10-21,73,324,4
18118,2011-10-26,15,329,4
18118,2011-11-11,37,345,4
18118,2011-11-20,49,354,4
18118,2011-11-29,88,363,4
18119,2010-12-07,30,6,6
18120,2011-05-09,17,159,159
18121,2011-07-08,30,219,219
18121,2011-07-13,2,224,219
18122,2011-07-12,23,223,223
18122,2011-09-16,41,289,223
18122,2011-10-16,65,319,223
18122,2011-11-04,40,338,223
18122,2011-11-17,112,351,223
18122,2011-12-01,83,365,223
18123,2011-11-08,15,342,342
18123,2011-11-15,21,349,342
18125,2011-01-27,83,57,57
18125,2011-02-17,42,78,57
18125,2011-05-22,47,172,57
18125,2011-11-10,24,344,57
18126,2011-10-10,56,313,313
18127,2011-07-29,8,240,240
18127,2011-11-20,39,354,240
18129,2011-04-10,14,130,130
18130,2011-10-13,21,316,316
18130,2011-11-11,31,345,316
18130,2011-11-24,18,358,316
18133,2011-05-11,1,161,161
18135,2011-06-02,10,183,183
18135,2011-09-20,4,293,183
18135,2011-11-01,2,335,183
18135,2011-11-08,1,342,183
18135,2011-11-10,3,344,183
18136,2011-01-24,18,54,54
18136,2011-05-12,14,162,54
18136,2011-10-07,6,310,54
18138,2011-02-17,8,78,78
18139,2011-11-21,109,355,355
18139,2011-11-22,50,356,355
18142,2011-05-08,9,158,158
18142,2011-07-05,6,216,158
18143,2011-07-21,29,232,232
18143,2011-08-15,32,257,232
18144,2010-12-01,3,0,0
18144,2010-12-14,4,13,0
18144,2011-01-25,3,55,0
18144,2011-03-15,3,104,0
18144,2011-04-26,11,146,0
18144,2011-05-11,3,161,0
18144,2011-07-06,3,217,0
18144,2011-08-22,3,264,0
18144,2011-09-22,4,295,0
18144,2011-11-09,5,343,0
18144,2011-12-02,1,366,0
18145,2011-01-31,42,61,61
18145,2011-05-19,25,169,61
18145,2011-09-13,72,286,61
18145,2011-11-27,82,361,61
18146,2011-05-03,4,153,153
18146,2011-07-22,6,233,153
18147,2011-08-23,4,265,265
18147,2011-10-25,3,328,265
18149,2011-03-11,9,100,100
18149,2011-05-08,5,158,100
18149,2011-10-20,2,323,100
18150,2011-05-22,14,172,172
18150,2011-07-22,12,233,172
18150,2011-11-07,11,341,172
18151,2011-02-23,17,84,84
18151,2011-07-28,21,239,84
18154,2011-10-27,11,330,330
18154,2011-12-06,10,370,330
18155,2011-02-21,8,82,82
18155,2011-06-22,11,203,82
18155,2011-09-25,6,298,82
18156,2010-12-05,55,4,4
18156,2011-11-27,85,361,4
18158,2011-09-12,24,285,285
18158,2011-11-30,10,364,285
18159,2011-02-11,23,72,72
18160,2011-05-23,19,173,173
18160,2011-10-13,20,316,173
18161,2011-01-24,15,54,54
18161,2011-04-01,12,121,54
18161,2011-07-22,9,233,54
18161,2011-10-06,20,309,54
18161,2011-11-24,24,358,54
18164,2011-11-02,24,336,336
18165,2011-06-15,10,196,196
18167,2011-08-26,13,268,268
18167,2011-11-04,9,338,268
18167,2011-11-16,15,350,268
18168,2010-12-02,27,1,1
18168,2010-12-15,12,14,1
18168,2011-02-10,27,71,1
18168,2011-03-17,30,106,1
18168,2011-05-19,25,169,1
18168,2011-06-16,10,197,1
18169,2011-10-10,9,313,313
18170,2011-05-06,11,156,156
18170,2011-08-19,19,261,156
18170,2011-11-06,8,340,156
18171,2011-01-10,15,40,40
18171,2011-04-15,12,135,40
18171,2011-06-30,10,211,40
18171,2011-09-01,8,274,40
18171,2011-10-12,9,315,40
18172,2011-02-23,59,84,84
18172,2011-03-31,15,120,84
18172,2011-04-26,7,146,84
18172,2011-05-09,2,159,84
18172,2011-05-12,10,162,84
18172,2011-07-14,1,225,84
18172,2011-07-28,11,239,84
18172,2011-08-04,27,246,84
18172,2011-09-01,11,274,84
18172,2011-09-15,1,288,84
18172,2011-09-22,13,295,84
18172,2011-11-04,15,338,84
18172,2011-11-09,15,343,84
18172,2011-11-25,2,359,84
18173,2011-03-10,14,99,99
18173,2011-04-19,6,139,99
18173,2011-05-24,5,174,99
18173,2011-09-14,6,287,99
18174,2011-12-02,1,366,366
18176,2010-12-16,30,15,15
18177,2011-03-29,10,118,118
18177,2011-04-20,21,140,118
18177,2011-04-21,1,141,118
18177,2011-05-19,11,169,118
18177,2011-07-05,17,216,118
18177,2011-11-08,14,342,118
18178,2010-12-10,16,9,9
18178,2011-02-03,19,64,9
18178,2011-05-04,33,154,9
18178,2011-08-03,29,245,9
18179,2011-01-07,18,37,37
18179,2011-01-17,17,47,37
18179,2011-03-30,18,119,37
18179,2011-04-01,1,121,37
18179,2011-10-17,26,320,37
18179,2011-11-30,10,364,37
18180,2011-07-20,19,231,231
18180,2011-07-26,23,237,231
18180,2011-09-12,18,285,231
18180,2011-09-20,13,293,231
18180,2011-10-11,24,314,231
18180,2011-12-05,22,369,231
18181,2011-11-15,44,349,349
18183,2011-03-10,19,99,99
18183,2011-04-26,18,146,99
18184,2011-11-24,1,358,358
18185,2011-04-04,17,124,124
18188,2011-02-22,16,83,83
18188,2011-09-23,42,296,83
18188,2011-11-24,13,358,83
18189,2011-03-17,40,106,106
18189,2011-09-23,28,296,106
18190,2011-01-13,9,43,43
18190,2011-05-31,6,181,43
18191,2011-03-23,7,112,112
18192,2011-09-29,45,302,302
18193,2011-06-27,16,208,208
18194,2011-09-18,7,291,291
18196,2011-02-22,78,83,83
18196,2011-09-05,63,278,83
18198,2011-01-07,19,37,37
18198,2011-02-02,8,63,37
18198,2011-02-24,9,85,37
18198,2011-03-17,6,106,37
18198,2011-03-30,16,119,37
18198,2011-04-14,6,134,37
18198,2011-04-20,4,140,37
18198,2011-05-05,11,155,37
18198,2011-05-17,3,167,37
18198,2011-05-20,5,170,37
18198,2011-06-05,2,186,37
18198,2011-06-23,11,204,37
18198,2011-07-05,10,216,37
18198,2011-08-31,7,273,37
18198,2011-09-29,19,302,37
18198,2011-11-08,9,342,37
18198,2011-12-05,14,369,37
18200,2011-08-25,32,267,267
18202,2011-02-01,23,62,62
18202,2011-05-24,45,174,62
18203,2011-07-05,19,216,216
18204,2011-05-31,93,181,181
18204,2011-08-22,45,264,181
18204,2011-09-29,62,302,181
18205,2011-09-26,15,299,299
18205,2011-11-03,17,337,299
18209,2011-11-11,8,345,345
18210,2011-03-17,5,106,106
18210,2011-10-19,70,322,106
18210,2011-11-10,15,344,106
18210,2011-11-18,15,352,106
18210,2011-11-30,18,364,106
18210,2011-12-08,11,372,106
18211,2011-03-06,8,95,95
18211,2011-07-26,7,237,95
18211,2011-09-15,7,288,95
18211,2011-10-27,17,330,95
18211,2011-11-14,3,348,95
18212,2011-01-17,43,47,47
18213,2011-04-17,15,137,137
18215,2011-09-11,13,284,284
18216,2011-11-08,26,342,342
18217,2011-09-30,19,303,303
18217,2011-11-10,12,344,303
18218,2011-03-03,16,92,92
18218,2011-05-12,5,162,92
18219,2010-12-06,13,5,5
18219,2010-12-14,11,13,5
18219,2011-02-16,6,77,5
18219,2011-04-18,11,138,5
18219,2011-05-09,13,159,5
18219,2011-06-24,15,205,5
18219,2011-07-13,11,224,5
18219,2011-10-27,22,330,5
18219,2011-12-07,12,371,5
18220,2011-04-27,2,147,147
18221,2011-05-12,15,162,162
18221,2011-06-08,15,189,162
18221,2011-08-16,12,258,162
18221,2011-10-06,11,309,162
18221,2011-11-17,11,351,162
18222,2011-09-08,19,281,281
18223,2010-12-16,21,15,15
18223,2011-01-17,32,47,15
18223,2011-01-21,1,51,15
18223,2011-02-25,27,86,15
18223,2011-03-06,1,95,15
18223,2011-03-31,24,120,15
18223,2011-05-18,29,168,15
18223,2011-06-20,17,201,15
18223,2011-07-19,14,230,15
18223,2011-09-04,22,277,15
18223,2011-10-05,26,308,15
18223,2011-10-31,35,334,15
18223,2011-12-05,23,369,15
18224,2011-03-21,10,110,110
18225,2010-12-09,2,8,8
18225,2011-02-07,22,68,8
18225,2011-03-20,21,109,8
18225,2011-03-22,24,111,8
18225,2011-05-19,26,169,8
18225,2011-07-13,28,224,8
18225,2011-08-18,31,260,8
18225,2011-09-16,33,289,8
18225,2011-10-27,14,330,8
18225,2011-11-17,33,351,8
18225,2011-11-18,21,352,8
18225,2011-12-06,16,370,8
18226,2011-01-06,21,36,36
18226,2011-03-29,22,118,36
18226,2011-04-10,16,130,36
18226,2011-04-27,20,147,36
18226,2011-05-25,13,175,36
18226,2011-06-07,21,188,36
18226,2011-07-03,21,214,36
18226,2011-07-27,21,238,36
18226,2011-08-11,33,253,36
18226,2011-09-19,20,292,36
18226,2011-10-26,34,329,36
18227,2011-05-06,5,156,156
18228,2011-09-21,20,294,294
18228,2011-10-14,10,317,294
18229,2010-12-01,7,0,0
18229,2010-12-08,3,7,0
18229,2011-01-14,7,44,0
18229,2011-02-18,5,79,0
18229,2011-03-20,8,109,0
18229,2011-04-14,8,134,0
18229,2011-05-05,3,155,0
18229,2011-05-25,7,175,0
18229,2011-06-08,13,189,0
18229,2011-06-21,10,202,0
18229,2011-07-15,9,226,0
18229,2011-07-24,13,235,0
18229,2011-08-21,10,263,0
18229,2011-09-07,10,280,0
18229,2011-09-14,6,287,0
18229,2011-09-30,12,303,0
18229,2011-10-12,7,315,0
18229,2011-11-07,8,341,0
18229,2011-11-21,10,355,0
18229,2011-11-28,8,362,0
18230,2011-02-10,18,71,71
18230,2011-04-01,16,121,71
18230,2011-05-16,13,166,71
18230,2011-06-19,10,200,71
18230,2011-09-06,12,279,71
18230,2011-11-10,11,344,71
18230,2011-11-30,6,364,71
18231,2011-02-24,10,85,85
18231,2011-03-16,12,105,85
18231,2011-04-13,28,133,85
18231,2011-04-18,26,138,85
18231,2011-05-31,48,181,85
18232,2011-05-26,8,176,176
18232,2011-05-31,16,181,176
18232,2011-07-05,8,216,176
18232,2011-09-19,5,292,176
18233,2011-01-18,1,48,48
18235,2011-05-06,29,156,156
18235,2011-08-11,24,253,156
18235,2011-09-29,51,302,156
18236,2011-04-13,8,133,133
18236,2011-06-06,10,187,133
18236,2011-07-07,9,218,133
18236,2011-08-02,9,244,133
18236,2011-09-21,7,294,133
18236,2011-11-10,6,344,133
18237,2011-07-28,19,239,239
18237,2011-08-12,14,254,239
18237,2011-09-09,10,282,239
18237,2011-10-05,10,308,239
18237,2011-12-07,8,371,239
18239,2010-12-02,29,1,1
18239,2011-01-21,21,51,1
18239,2011-01-31,2,61,1
18239,2011-03-24,10,113,1
18239,2011-05-05,26,155,1
18240,2011-10-24,6,327,327
18241,2011-05-06,24,156,156
18241,2011-06-16,3,197,156
18241,2011-06-28,2,209,156
18241,2011-07-27,10,238,156
18241,2011-08-03,5,245,156
18241,2011-08-08,10,250,156
18241,2011-08-15,2,257,156
18241,2011-08-16,5,258,156
18241,2011-08-22,2,264,156
18241,2011-08-25,4,267,156
18241,2011-09-01,7,274,156
18241,2011-09-21,3,294,156
18241,2011-09-26,9,299,156
18241,2011-10-11,5,314,156
18241,2011-10-17,6,320,156
18241,2011-10-21,2,324,156
18241,2011-11-30,5,364,156
18242,2011-05-10,9,160,160
18242,2011-05-27,17,177,160
18242,2011-09-28,52,301,160
18245,2010-12-19,27,18,18
18245,2011-01-31,28,61,18
18245,2011-05-12,37,162,18
18245,2011-07-13,28,224,18
18245,2011-12-02,55,366,18
18246,2011-04-20,2,140,140
18246,2011-11-16,2,350,140
18248,2011-06-06,28,187,187
18248,2011-08-09,19,251,187
18249,2011-11-22,8,356,356
18250,2011-02-02,21,63,63
18251,2011-09-13,16,286,286
18252,2011-06-21,3,202,202
18252,2011-10-20,95,323,202
18255,2011-09-11,6,284,284
18257,2011-02-16,15,77,77
18257,2011-02-22,1,83,77
18257,2011-05-17,17,167,77
18257,2011-06-24,10,205,77
18257,2011-08-17,37,259,77
18257,2011-10-03,26,306,77
18257,2011-10-31,12,334,77
18259,2010-12-08,7,7,7
18259,2011-09-15,21,288,7
18259,2011-11-15,14,349,7
18260,2010-12-16,11,15,15
18260,2011-01-09,26,39,15
18260,2011-03-15,35,104,15
18260,2011-04-13,19,133,15
18260,2011-05-18,20,168,15
18260,2011-06-20,23,201,15
18261,2011-09-05,15,278,278
18261,2011-10-27,6,330,278
18262,2011-07-22,13,233,233
18263,2011-04-01,15,121,121
18263,2011-07-07,30,218,121
18263,2011-11-14,16,348,121
18265,2011-07-04,29,215,215
18265,2011-09-28,17,301,215
18268,2011-07-28,1,239,239
18269,2010-12-08,7,7,7
18270,2011-03-18,5,107,107
18270,2011-11-01,6,335,107
18272,2011-04-07,33,127,127
18272,2011-04-28,22,148,127
18272,2011-07-12,37,223,127
18272,2011-08-18,22,260,127
18272,2011-10-25,29,328,127
18272,2011-12-07,23,371,127
18273,2011-03-27,1,116,116
18273,2011-09-05,1,278,116
18273,2011-12-07,1,371,116
18274,2011-11-09,11,343,343
18276,2011-10-27,14,330,330
18277,2011-10-12,8,315,315
18278,2011-09-27,9,300,300
18280,2011-03-07,10,96,96
18281,2011-06-12,7,193,193
18282,2011-08-05,7,247,247
18282,2011-12-02,5,366,247
18283,2011-01-06,57,36,36
18283,2011-01-23,45,53,36
18283,2011-02-28,30,89,36
18283,2011-04-21,56,141,36
18283,2011-05-23,44,173,36
18283,2011-06-14,24,195,36
18283,2011-06-23,87,204,36
18283,2011-07-14,57,225,36
18283,2011-09-05,47,278,36
18283,2011-10-27,40,330,36
18283,2011-11-10,60,344,36
18283,2011-11-23,107,357,36
18283,2011-11-30,52,364,36
18283,2011-12-06,50,370,36
18287,2011-05-22,29,172,172
18287,2011-10-12,38,315,172
18287,2011-10-28,3,331,172
